{
  "replace": false,
  "values": [
    {
      "id": "ageofweapons:iron_crossbow",
      "required": false
    },
    {
      "id": "magistuarmory:heavy_crossbow",
      "required": false
    },
    {
      "id": "spartanweaponry:heavy_crossbow_bronze",
      "required": false
    },
    {
      "id": "spartanweaponry:heavy_crossbow_copper",
      "required": false
    },
    {
      "id": "spartanweaponry:heavy_crossbow_diamond",
      "required": false
    },
    {
      "id": "spartanweaponry:heavy_crossbow_electrum",
      "required": false
    },
    {
      "id": "spartanweaponry:heavy_crossbow_gold",
      "required": false
    },
    {
      "id": "spartanweaponry:heavy_crossbow_invar",
      "required": false
    },
    {
      "id": "spartanweaponry:heavy_crossbow_iron",
      "required": false
    },
    {
      "id": "spartanweaponry:heavy_crossbow_lead",
      "required": false
    },
    {
      "id": "spartanweaponry:heavy_crossbow_leather",
      "required": false
    },
    {
      "id": "spartanweaponry:heavy_crossbow_netherite",
      "required": false
    },
    {
      "id": "spartanweaponry:heavy_crossbow_nickel",
      "required": false
    },
    {
      "id": "spartanweaponry:heavy_crossbow_platinum",
      "required": false
    },
    {
      "id": "spartanweaponry:heavy_crossbow_silver",
      "required": false
    },
    {
      "id": "spartanweaponry:heavy_crossbow_steel",
      "required": false
    },
    {
      "id": "spartanweaponry:heavy_crossbow_tin",
      "required": false
    },
    {
      "id": "spartanweaponry:heavy_crossbow_wood",
      "required": false
    },
    {
      "id": "dungeons_gear:auto_crossbow",
      "required": false
    },
    {
      "id": "dungeons_gear:burst_crossbow",
      "required": false
    },
    {
      "id": "dungeons_gear:cog_crossbow",
      "required": false
    },
    {
      "id": "dungeons_gear:corrupted_crossbow",
      "required": false
    },
    {
      "id": "dungeons_gear:doom_crossbow",
      "required": false
    },
    {
      "id": "dungeons_gear:harp_crossbow",
      "required": false
    },
    {
      "id": "dungeons_gear:harpoon_crossbow",
      "required": false
    },
    {
      "id": "dungeons_gear:heavy_crossbow",
      "required": false
    },
    {
      "id": "dungeons_gear:lightning_harp_crossbow",
      "required": false
    },
    {
      "id": "dungeons_gear:nautical_crossbow",
      "required": false
    },
    {
      "id": "dungeons_gear:pride_of_the_piglins",
      "required": false
    },
    {
      "id": "dungeons_gear:rapid_crossbow",
      "required": false
    },
    {
      "id": "dungeons_gear:scatter_crossbow",
      "required": false
    },
    {
      "id": "dungeons_gear:slayer_crossbow",
      "required": false
    },
    {
      "id": "dungeons_gear:soul_hunter_crossbow",
      "required": false
    },
    {
      "id": "spore:infected_crossbow",
      "required": false
    }
  ]
}