{
  "replace": false,
  "values": [
    {
      "id": "akashictome:tome",
      "required": false
    },
    {
      "id": "alexscaves:cave_book",
      "required": false
    },
    {
      "id": "alexscaves:totem_of_possession",
      "required": false
    },
    {
      "id": "ars_nouveau:apprentice_spell_book",
      "required": false
    },
    {
      "id": "ars_nouveau:archmage_spell_book",
      "required": false
    },
    {
      "id": "ars_nouveau:caster_tome",
      "required": false
    },
    {
      "id": "ars_nouveau:novice_spell_book",
      "required": false
    },
    {
      "id": "arsmagicalegacy:spell_book",
      "required": false
    },
    {
      "id": "blue_skies:summoning_tome",
      "required": false
    },
    {
      "id": "enchantwithmob:enchanters_book",
      "required": false
    },
    {
      "id": "enchantwithmob:mob_enchant_book",
      "required": false
    },
    {
      "id": "enchantwithmob:mob_unenchant_book",
      "required": false
    },
    {
      "id": "enigmaticlegacy:the_infinitum",
      "required": false
    },
    {
      "id": "irons_spellbooks:blaze_spell_book",
      "required": false
    },
    {
      "id": "irons_spellbooks:copper_spell_book",
      "required": false
    },
    {
      "id": "irons_spellbooks:diamond_spell_book",
      "required": false
    },
    {
      "id": "irons_spellbooks:dragonskin_spell_book",
      "required": false
    },
    {
      "id": "irons_spellbooks:druidic_spell_book",
      "required": false
    },
    {
      "id": "irons_spellbooks:evoker_spell_book",
      "required": false
    },
    {
      "id": "irons_spellbooks:gold_spell_book",
      "required": false
    },
    {
      "id": "irons_spellbooks:iron_spell_book",
      "required": false
    },
    {
      "id": "irons_spellbooks:netherite_spell_book",
      "required": false
    },
    {
      "id": "irons_spellbooks:rotten_spell_book",
      "required": false
    },
    {
      "id": "irons_spellbooks:villager_spell_book",
      "required": false
    },
    {
      "id": "modonomicon:modonomicon",
      "required": false
    },
    {
      "id": "obscure_api:obscure_book",
      "required": false
    },
    {
      "id": "patchouli:guide_book",
      "required": false
    },
    {
      "id": "pyromancer:blazing_journal",
      "required": false
    },
    {
      "id": "tomeofblood:apprentice_tome_of_blood",
      "required": false
    },
    {
      "id": "tomeofblood:archmage_tome_of_blood",
      "required": false
    },
    {
      "id": "tomeofblood:novice_tome_of_blood",
      "required": false
    },
    {
      "id": "voidscape:corrupt_tome",
      "required": false
    },
    {
      "id": "voidscape:ichor_tome",
      "required": false
    },
    {
      "id": "voidscape:titanite_tome",
      "required": false
    },
    {
      "id": "voidscape:voidic_tome",
      "required": false
    },
    {
      "id": "enigmaticlegacy:the_acknowledgment",
      "required": false
    },
    {
      "id": "enigmaticlegacy:the_twist",
      "required": false
    },
    {
      "id": "grimoireofgaia:weapon_book",
      "required": false
    },
    {
      "id": "grimoireofgaia:weapon_book_battle",
      "required": false
    },
    {
      "id": "grimoireofgaia:weapon_book_buff",
      "required": false
    },
    {
      "id": "grimoireofgaia:weapon_book_ender",
      "required": false
    },
    {
      "id": "grimoireofgaia:weapon_book_freezing",
      "required": false
    },
    {
      "id": "grimoireofgaia:weapon_book_hunger",
      "required": false
    },
    {
      "id": "grimoireofgaia:weapon_book_metal",
      "required": false
    },
    {
      "id": "grimoireofgaia:weapon_book_nature",
      "required": false
    },
    {
      "id": "grimoireofgaia:weapon_book_nightmare",
      "required": false
    },
    {
      "id": "grimoireofgaia:weapon_book_wither",
      "required": false
    }
  ]
}