{
  "replace": false,
  "values": [
    {
      "id": "spartanweaponry:aluminum_boomerang",
      "required": false
    },
    {
      "id": "spartanweaponry:bronze_boomerang",
      "required": false
    },
    {
      "id": "spartanweaponry:constantan_boomerang",
      "required": false
    },
    {
      "id": "spartanweaponry:copper_boomerang",
      "required": false
    },
    {
      "id": "spartanweaponry:diamond_boomerang",
      "required": false
    },
    {
      "id": "spartanweaponry:electrum_boomerang",
      "required": false
    },
    {
      "id": "spartanweaponry:golden_boomerang",
      "required": false
    },
    {
      "id": "spartanweaponry:invar_boomerang",
      "required": false
    },
    {
      "id": "spartanweaponry:iron_boomerang",
      "required": false
    },
    {
      "id": "spartanweaponry:lead_boomerang",
      "required": false
    },
    {
      "id": "spartanweaponry:netherite_boomerang",
      "required": false
    },
    {
      "id": "spartanweaponry:nickel_boomerang",
      "required": false
    },
    {
      "id": "spartanweaponry:platinum_boomerang",
      "required": false
    },
    {
      "id": "spartanweaponry:silver_boomerang",
      "required": false
    },
    {
      "id": "spartanweaponry:steel_boomerang",
      "required": false
    },
    {
      "id": "spartanweaponry:stone_boomerang",
      "required": false
    },
    {
      "id": "spartanweaponry:tin_boomerang",
      "required": false
    },
    {
      "id": "spartanweaponry:wooden_boomerang",
      "required": false
    },
    {
      "id": "cyclic:boomerang_stun",
      "required": false
    },
    {
      "id": "cyclic:boomerang_carry",
      "required": false
    },
    {
      "id": "cyclic:boomerang_damage",
      "required": false
    }
  ]
}