{
  "replace": false,
  "values": [
    {
      "id": "bigbrain:buckler",
      "required": false
    },
    {
      "id": "epicempires:egyptian_shield",
      "required": false
    },
    {
      "id": "epicempires:roman_shield",
      "required": false
    },
    {
      "id": "epicempires:spartan_shield",
      "required": false
    },
    {
      "id": "l2weaponry:fiery_round_shield",
      "required": false
    },
    {
      "id": "l2weaponry:fire_dragonsteel_round_shield",
      "required": false
    },
    {
      "id": "l2weaponry:ice_dragonsteel_round_shield",
      "required": false
    },
    {
      "id": "l2weaponry:ironwood_round_shield",
      "required": false
    },
    {
      "id": "l2weaponry:knightmetal_round_shield",
      "required": false
    },
    {
      "id": "l2weaponry:lightning_dragonsteel_round_shield",
      "required": false
    },
    {
      "id": "l2weaponry:steeleaf_round_shield",
      "required": false
    },
    {
      "id": "magistuarmory:bronze_buckler",
      "required": false
    },
    {
      "id": "magistuarmory:bronze_rondache",
      "required": false
    },
    {
      "id": "magistuarmory:copper_buckler",
      "required": false
    },
    {
      "id": "magistuarmory:copper_rondache",
      "required": false
    },
    {
      "id": "magistuarmory:copper_target",
      "required": false
    },
    {
      "id": "magistuarmory:diamond_buckler",
      "required": false
    },
    {
      "id": "magistuarmory:diamond_rondache",
      "required": false
    },
    {
      "id": "magistuarmory:diamond_target",
      "required": false
    },
    {
      "id": "magistuarmory:gold_buckler",
      "required": false
    },
    {
      "id": "magistuarmory:gold_rondache",
      "required": false
    },
    {
      "id": "magistuarmory:gold_target",
      "required": false
    },
    {
      "id": "magistuarmory:iron_buckler",
      "required": false
    },
    {
      "id": "magistuarmory:iron_rondache",
      "required": false
    },
    {
      "id": "magistuarmory:iron_target",
      "required": false
    },
    {
      "id": "magistuarmory:netherite_buckler",
      "required": false
    },
    {
      "id": "magistuarmory:netherite_rondache",
      "required": false
    },
    {
      "id": "magistuarmory:netherite_target",
      "required": false
    },
    {
      "id": "magistuarmory:silver_buckler",
      "required": false
    },
    {
      "id": "magistuarmory:silver_rondache",
      "required": false
    },
    {
      "id": "magistuarmory:silver_target",
      "required": false
    },
    {
      "id": "magistuarmory:steel_buckler",
      "required": false
    },
    {
      "id": "magistuarmory:steel_rondache",
      "required": false
    },
    {
      "id": "magistuarmory:steel_target",
      "required": false
    },
    {
      "id": "magistuarmory:stone_buckler",
      "required": false
    },
    {
      "id": "magistuarmory:stone_rondache",
      "required": false
    },
    {
      "id": "magistuarmory:stone_target",
      "required": false
    },
    {
      "id": "magistuarmory:tin_buckler",
      "required": false
    },
    {
      "id": "magistuarmory:tin_rondache",
      "required": false
    },
    {
      "id": "magistuarmory:wood_buckler",
      "required": false
    },
    {
      "id": "magistuarmory:wood_rondache",
      "required": false
    },
    {
      "id": "magistuarmory:wood_target",
      "required": false
    },
    {
      "id": "piglinproliferation:buckler",
      "required": false
    },
    {
      "id": "soul_like_armors_reworked:roundshield",
      "required": false
    },
    {
      "id": "ageofweapons:shield_diamond",
      "required": false
    },
    {
      "id": "ageofweapons:shield_gold",
      "required": false
    },
    {
      "id": "ageofweapons:shield_iron",
      "required": false
    },
    {
      "id": "ageofweapons:shield_netherite",
      "required": false
    },
    {
      "id": "ageofweapons:shield_stone",
      "required": false
    },
    {
      "id": "ageofweapons:shield_wood",
      "required": false
    },
    {
      "id": "artifacts:umbrella",
      "required": false
    },
    {
      "id": "atum:brigand_shield",
      "required": false
    },
    {
      "id": "davespotioneering:aged_umbrella",
      "required": false
    },
    {
      "id": "davespotioneering:black_umbrella",
      "required": false
    },
    {
      "id": "davespotioneering:blue_umbrella",
      "required": false
    },
    {
      "id": "davespotioneering:brown_umbrella",
      "required": false
    },
    {
      "id": "davespotioneering:cyan_umbrella",
      "required": false
    },
    {
      "id": "davespotioneering:gilded_umbrella",
      "required": false
    },
    {
      "id": "davespotioneering:gray_umbrella",
      "required": false
    },
    {
      "id": "davespotioneering:green_umbrella",
      "required": false
    },
    {
      "id": "davespotioneering:light_blue_umbrella",
      "required": false
    },
    {
      "id": "davespotioneering:light_gray_umbrella",
      "required": false
    },
    {
      "id": "davespotioneering:lime_umbrella",
      "required": false
    },
    {
      "id": "davespotioneering:magenta_umbrella",
      "required": false
    },
    {
      "id": "davespotioneering:orange_umbrella",
      "required": false
    },
    {
      "id": "davespotioneering:pink_umbrella",
      "required": false
    },
    {
      "id": "davespotioneering:purple_umbrella",
      "required": false
    },
    {
      "id": "davespotioneering:red_umbrella",
      "required": false
    },
    {
      "id": "davespotioneering:white_umbrella",
      "required": false
    },
    {
      "id": "davespotioneering:yellow_umbrella",
      "required": false
    },
    {
      "id": "magistuarmory:bronze_roundshield",
      "required": false
    },
    {
      "id": "magistuarmory:copper_roundshield",
      "required": false
    },
    {
      "id": "magistuarmory:diamond_roundshield",
      "required": false
    },
    {
      "id": "magistuarmory:gold_roundshield",
      "required": false
    },
    {
      "id": "magistuarmory:iron_roundshield",
      "required": false
    },
    {
      "id": "magistuarmory:netherite_roundshield",
      "required": false
    },
    {
      "id": "magistuarmory:silver_roundshield",
      "required": false
    },
    {
      "id": "magistuarmory:steel_roundshield",
      "required": false
    },
    {
      "id": "magistuarmory:stone_roundshield",
      "required": false
    },
    {
      "id": "magistuarmory:tin_roundshield",
      "required": false
    },
    {
      "id": "magistuarmory:wood_roundshield",
      "required": false
    }
  ]
}