{
  "replace": false,
  "values": [
    {
      "id": "doom:cruciblesword",
      "required": false
    },
    {
      "id": "doom:darklordcrucible",
      "required": false
    },
    {
      "id": "gem_infusion:jayysons_beheader",
      "required": false
    },
    {
      "id": "gem_infusion:osmium_executioner_sword",
      "required": false
    },
    {
      "id": "medieval_craft_weapons:colossal_sword",
      "required": false
    },
    {
      "id": "soul_like_armors_reworked:bloodykatana",
      "required": false
    },
    {
      "id": "soul_like_armors_reworked:darkknightsword",
      "required": false
    },
    {
      "id": "soul_like_armors_reworked:victoriousgreatsword",
      "required": false
    },
    {
      "id": "useless_sword:ancient_guardian_sword",
      "required": false
    },
    {
      "id": "useless_sword:ender_claymore",
      "required": false
    },
    {
      "id": "useless_sword:nether_striker",
      "required": false
    },
    {
      "id": "useless_sword:ravager_sword",
      "required": false
    },
    {
      "id": "useless_sword:sculk_buster",
      "required": false
    },
    {
      "id": "useless_sword:sword_of_immortality",
      "required": false
    },
    {
      "id": "simplyswords:ribboncleaver",
      "required": false
    },
    {
      "id": "simplyswords:enigma",
      "required": false
    },
    {
      "id": "ageofweapons:buster_sword",
      "required": false
    },
    {
      "id": "ageofweapons:claymore_diamond",
      "required": false
    },
    {
      "id": "ageofweapons:claymore_gold",
      "required": false
    },
    {
      "id": "ageofweapons:claymore_iron",
      "required": false
    },
    {
      "id": "ageofweapons:claymore_netherite",
      "required": false
    },
    {
      "id": "ageofweapons:claymore_stone",
      "required": false
    },
    {
      "id": "ageofweapons:claymore_wood",
      "required": false
    },
    {
      "id": "ageofweapons:cleaver_diamond",
      "required": false
    },
    {
      "id": "ageofweapons:cleaver_gold",
      "required": false
    },
    {
      "id": "ageofweapons:cleaver_iron",
      "required": false
    },
    {
      "id": "ageofweapons:cleaver_netherite",
      "required": false
    },
    {
      "id": "ageofweapons:cleaver_stone",
      "required": false
    },
    {
      "id": "ageofweapons:cleaver_wood",
      "required": false
    },
    {
      "id": "born_in_chaos_v1:darkwarblade",
      "required": false
    },
    {
      "id": "cataclysm:the_incinerator",
      "required": false
    },
    {
      "id": "dungeons_gear:broadsword",
      "required": false
    },
    {
      "id": "expanded_combat:acacia_plank_broad_sword",
      "required": false
    },
    {
      "id": "expanded_combat:bamboo_plank_broad_sword",
      "required": false
    },
    {
      "id": "expanded_combat:birch_plank_broad_sword",
      "required": false
    },
    {
      "id": "expanded_combat:cherry_plank_broad_sword",
      "required": false
    },
    {
      "id": "expanded_combat:crimson_plank_broad_sword",
      "required": false
    },
    {
      "id": "expanded_combat:dark_oak_plank_broad_sword",
      "required": false
    },
    {
      "id": "expanded_combat:diamond_broad_sword",
      "required": false
    },
    {
      "id": "expanded_combat:gold_broad_sword",
      "required": false
    },
    {
      "id": "expanded_combat:iron_broad_sword",
      "required": false
    },
    {
      "id": "expanded_combat:jungle_plank_broad_sword",
      "required": false
    },
    {
      "id": "expanded_combat:mangrove_plank_broad_sword",
      "required": false
    },
    {
      "id": "expanded_combat:netherite_broad_sword",
      "required": false
    },
    {
      "id": "expanded_combat:oak_plank_broad_sword",
      "required": false
    },
    {
      "id": "expanded_combat:spruce_plank_broad_sword",
      "required": false
    },
    {
      "id": "expanded_combat:stone_broad_sword",
      "required": false
    },
    {
      "id": "expanded_combat:warped_plank_broad_sword",
      "required": false
    },
    {
      "id": "joels_randoms_mod:buster_greatsword",
      "required": false
    },
    {
      "id": "joels_randoms_mod:executioner_claymore",
      "required": false
    },
    {
      "id": "joels_randoms_mod:gunbai_coral_blade",
      "required": false
    },
    {
      "id": "joels_randoms_mod:soul_claymore",
      "required": false
    },
    {
      "id": "twilightforest:giant_sword",
      "required": false
    }
  ]
}