{
  "replace": false,
  "values": [
    {
      "id": "#wardance:flail",
      "required": false
    },
    {
      "id": "#wardance:whip",
      "required": false
    },
    {
      "id": "alexs_armoury:diamond_whip",
      "required": false
    },
    {
      "id": "alexs_armoury:golden_whip",
      "required": false
    },
    {
      "id": "alexs_armoury:iron_whip",
      "required": false
    },
    {
      "id": "alexs_armoury:netherite_whip",
      "required": false
    },
    {
      "id": "bloodandmadness:weapons/threaded_cane_whip",
      "required": false
    },
    {
      "id": "dungeons_gear:vine_whip",
      "required": false
    },
    {
      "id": "dungeons_gear:whip",
      "required": false
    },
    {
      "id": "expanded_combat:acacia_plank_flail",
      "required": false
    },
    {
      "id": "expanded_combat:bamboo_plank_flail",
      "required": false
    },
    {
      "id": "expanded_combat:birch_plank_flail",
      "required": false
    },
    {
      "id": "expanded_combat:cherry_plank_flail",
      "required": false
    },
    {
      "id": "expanded_combat:crimson_plank_flail",
      "required": false
    },
    {
      "id": "expanded_combat:dark_oak_plank_flail",
      "required": false
    },
    {
      "id": "expanded_combat:diamond_flail",
      "required": false
    },
    {
      "id": "expanded_combat:gold_flail",
      "required": false
    },
    {
      "id": "expanded_combat:iron_flail",
      "required": false
    },
    {
      "id": "expanded_combat:jungle_plank_flail",
      "required": false
    },
    {
      "id": "expanded_combat:mangrove_plank_flail",
      "required": false
    },
    {
      "id": "expanded_combat:netherite_flail",
      "required": false
    },
    {
      "id": "expanded_combat:oak_plank_flail",
      "required": false
    },
    {
      "id": "expanded_combat:spruce_plank_flail",
      "required": false
    },
    {
      "id": "expanded_combat:stone_flail",
      "required": false
    },
    {
      "id": "expanded_combat:warped_plank_flail",
      "required": false
    },
    {
      "id": "morbid:morbid_harvester_arm",
      "required": false
    }
  ]
}