{
  "replace": false,
  "values": [
    {
      "id": "ageofweapons:claw_diamond",
      "required": false
    },
    {
      "id": "ageofweapons:claw_gold",
      "required": false
    },
    {
      "id": "ageofweapons:claw_iron",
      "required": false
    },
    {
      "id": "ageofweapons:claw_netherite",
      "required": false
    },
    {
      "id": "ageofweapons:claw_stone",
      "required": false
    },
    {
      "id": "ageofweapons:claw_wood",
      "required": false
    },
    {
      "id": "biomancy:long_claws",
      "required": false
    },
    {
      "id": "biomancy:long_range_claw",
      "required": false
    },
    {
      "id": "biomancy:ravenous_claws",
      "required": false
    },
    {
      "id": "coldsclaws:diamond_claw",
      "required": false
    },
    {
      "id": "coldsclaws:golden_claw",
      "required": false
    },
    {
      "id": "coldsclaws:iron_claw",
      "required": false
    },
    {
      "id": "coldsclaws:netherite_claw",
      "required": false
    },
    {
      "id": "coldsclaws:stone_claw",
      "required": false
    },
    {
      "id": "coldsclaws:wooden_claw",
      "required": false
    },
    {
      "id": "divinerpg:dual_claw",
      "required": false
    },
    {
      "id": "epicsamurai:shuko",
      "required": false
    },
    {
      "id": "epicsamurai:shuko_netherite",
      "required": false
    },
    {
      "id": "evilcraft:spikey_claws",
      "required": false
    },
    {
      "id": "joels_randoms_mod:invisible_claw",
      "required": false
    },
    {
      "id": "joels_randoms_mod:red_claw",
      "required": false
    },
    {
      "id": "joels_randoms_mod:steel_bear_claw",
      "required": false
    },
    {
      "id": "joels_randoms_mod:super_claw",
      "required": false
    },
    {
      "id": "joels_randoms_mod:tonfa_claw",
      "required": false
    },
    {
      "id": "l2weaponry:fiery_claw",
      "required": false
    },
    {
      "id": "l2weaponry:ironwood_claw",
      "required": false
    },
    {
      "id": "l2weaponry:knightmetal_claw",
      "required": false
    },
    {
      "id": "l2weaponry:steeleaf_claw",
      "required": false
    },
    {
      "id": "minestuck:action_claws_drawn",
      "required": false
    },
    {
      "id": "minestuck:atomikitty_katar_drawn",
      "required": false
    },
    {
      "id": "minestuck:cat_claws_drawn",
      "required": false
    },
    {
      "id": "minestuck:lion_lacerators_drawn",
      "required": false
    },
    {
      "id": "minestuck:makeshift_claws_drawn",
      "required": false
    },
    {
      "id": "minestuck:pogo_claws",
      "required": false
    },
    {
      "id": "minestuck:skeleton_displacer_drawn",
      "required": false
    },
    {
      "id": "minestuck:skeletonizer_drawn",
      "required": false
    },
    {
      "id": "minestuck:tears_of_the_enderlich_drawn",
      "required": false
    },
    {
      "id": "mod_lavacow:beast_claw",
      "required": false
    },
    {
      "id": "mutantbeasts:endersoul_hand",
      "required": false
    },
    {
      "id": "rats:feral_bagh_nakhs",
      "required": false
    },
    {
      "id": "vanilla_claws:black_opal_claws",
      "required": false
    },
    {
      "id": "vanilla_claws:citrine_claws",
      "required": false
    },
    {
      "id": "vanilla_claws:copper_claws",
      "required": false
    },
    {
      "id": "vanilla_claws:diamond_claws",
      "required": false
    },
    {
      "id": "vanilla_claws:emerald_claws",
      "required": false
    },
    {
      "id": "vanilla_claws:gobber2_claws",
      "required": false
    },
    {
      "id": "vanilla_claws:gobber2_end_claws",
      "required": false
    },
    {
      "id": "vanilla_claws:gobber2_nether_claws",
      "required": false
    },
    {
      "id": "vanilla_claws:gold_claws",
      "required": false
    },
    {
      "id": "vanilla_claws:iron_claws",
      "required": false
    },
    {
      "id": "vanilla_claws:netherite_claws",
      "required": false
    },
    {
      "id": "vanilla_claws:soapy_claws",
      "required": false
    },
    {
      "id": "vanilla_claws:stone_claws",
      "required": false
    },
    {
      "id": "vanilla_claws:tanzanite_claws",
      "required": false
    },
    {
      "id": "vanilla_claws:wooden_claws",
      "required": false
    },
    {
      "id": "vanilla_claws:zircon_claws",
      "required": false
    },
    {
      "id": "#wardance:katar",
      "required": false
    }
  ]
}