{
  "replace": false,
  "values": [
    {
      "id": "ageofweapons:saber_diamond",
      "required": false
    },
    {
      "id": "ageofweapons:saber_gold",
      "required": false
    },
    {
      "id": "ageofweapons:saber_iron",
      "required": false
    },
    {
      "id": "ageofweapons:saber_netherite",
      "required": false
    },
    {
      "id": "ageofweapons:saber_stone",
      "required": false
    },
    {
      "id": "ageofweapons:saber_wood",
      "required": false
    },
    {
      "id": "alexs_armoury:diamond_cutlass",
      "required": false
    },
    {
      "id": "alexs_armoury:golden_cutlass",
      "required": false
    },
    {
      "id": "alexs_armoury:iron_cutlass",
      "required": false
    },
    {
      "id": "alexs_armoury:netherite_cutlass",
      "required": false
    },
    {
      "id": "bloodandmadness:weapons/cutlass",
      "required": false
    },
    {
      "id": "blue_skies:aquite/cutlass",
      "required": false
    },
    {
      "id": "blue_skies:bluebright_wood/cutlass",
      "required": false
    },
    {
      "id": "blue_skies:charoite/cutlass",
      "required": false
    },
    {
      "id": "blue_skies:cherry_wood/cutlass",
      "required": false
    },
    {
      "id": "blue_skies:diopside/cutlass",
      "required": false
    },
    {
      "id": "blue_skies:dusk_wood/cutlass",
      "required": false
    },
    {
      "id": "blue_skies:frostbright_wood/cutlass",
      "required": false
    },
    {
      "id": "blue_skies:horizonite/cutlass",
      "required": false
    },
    {
      "id": "blue_skies:lunar_stone/cutlass",
      "required": false
    },
    {
      "id": "blue_skies:lunar_wood/cutlass",
      "required": false
    },
    {
      "id": "blue_skies:maple_wood/cutlass",
      "required": false
    },
    {
      "id": "blue_skies:pyrope/cutlass",
      "required": false
    },
    {
      "id": "blue_skies:starlit_wood/cutlass",
      "required": false
    },
    {
      "id": "blue_skies:turquoise_stone/cutlass",
      "required": false
    },
    {
      "id": "born_in_chaos_v1:soul_cutlass",
      "required": false
    },
    {
      "id": "born_in_chaos_v1:soulbane",
      "required": false
    },
    {
      "id": "divine_weaponry:diamond_cutlass",
      "required": false
    },
    {
      "id": "divine_weaponry:golden_cutlass",
      "required": false
    },
    {
      "id": "divine_weaponry:iron_cutlass",
      "required": false
    },
    {
      "id": "divine_weaponry:netherite_cutlass",
      "required": false
    },
    {
      "id": "divine_weaponry:stone_cutlass",
      "required": false
    },
    {
      "id": "divine_weaponry:wooden_cutlass",
      "required": false
    },
    {
      "id": "divine_weaponry:zeus_cutlass",
      "required": false
    },
    {
      "id": "dungeons_gear:cutlass",
      "required": false
    },
    {
      "id": "epicempires:spartan_sword",
      "required": false
    },
    {
      "id": "expanded_combat:acacia_plank_cutlass",
      "required": false
    },
    {
      "id": "expanded_combat:bamboo_plank_cutlass",
      "required": false
    },
    {
      "id": "expanded_combat:birch_plank_cutlass",
      "required": false
    },
    {
      "id": "expanded_combat:cherry_plank_cutlass",
      "required": false
    },
    {
      "id": "expanded_combat:crimson_plank_cutlass",
      "required": false
    },
    {
      "id": "expanded_combat:dark_oak_plank_cutlass",
      "required": false
    },
    {
      "id": "expanded_combat:diamond_cutlass",
      "required": false
    },
    {
      "id": "expanded_combat:gold_cutlass",
      "required": false
    },
    {
      "id": "expanded_combat:iron_cutlass",
      "required": false
    },
    {
      "id": "expanded_combat:jungle_plank_cutlass",
      "required": false
    },
    {
      "id": "expanded_combat:mangrove_plank_cutlass",
      "required": false
    },
    {
      "id": "expanded_combat:netherite_cutlass",
      "required": false
    },
    {
      "id": "expanded_combat:oak_plank_cutlass",
      "required": false
    },
    {
      "id": "expanded_combat:spruce_plank_cutlass",
      "required": false
    },
    {
      "id": "expanded_combat:stone_cutlass",
      "required": false
    },
    {
      "id": "expanded_combat:void_touched_cutlass",
      "required": false
    },
    {
      "id": "expanded_combat:warped_plank_cutlass",
      "required": false
    },
    {
      "id": "gnumus:gnumus_cutlass",
      "required": false
    },
    {
      "id": "gnumus:vintage_gnumus_cutlass",
      "required": false
    },
    {
      "id": "knavesneeds:betterend/aeternium/cutlass",
      "required": false
    },
    {
      "id": "knavesneeds:betterend/terminite/cutlass",
      "required": false
    },
    {
      "id": "knavesneeds:betterend/thallasium/cutlass",
      "required": false
    },
    {
      "id": "knavesneeds:betternether/cincinnasite_diamond/cutlass",
      "required": false
    },
    {
      "id": "knavesneeds:betternether/cincinnasite/cutlass",
      "required": false
    },
    {
      "id": "knavesneeds:betternether/nether_ruby/cutlass",
      "required": false
    },
    {
      "id": "knavesneeds:byg/pendorite/cutlass",
      "required": false
    },
    {
      "id": "knavesneeds:deeperdarker/warden/cutlass",
      "required": false
    },
    {
      "id": "knavesneeds:forbidden_arcanus/deorum/cutlass",
      "required": false
    },
    {
      "id": "knavesneeds:forbidden_arcanus/draco_arcanus/cutlass",
      "required": false
    },
    {
      "id": "knavesneeds:forbidden_arcanus/reinforced_deorum/cutlass",
      "required": false
    },
    {
      "id": "knavesneeds:plus_the_end/endronium/cutlass",
      "required": false
    },
    {
      "id": "knavesneeds:soulsweapons/translucent/cutlass",
      "required": false
    },
    {
      "id": "knavesneeds:twilight_forest/fiery/cutlass",
      "required": false
    },
    {
      "id": "knavesneeds:twilight_forest/ironwood/cutlass",
      "required": false
    },
    {
      "id": "knavesneeds:twilight_forest/knightmetal/cutlass",
      "required": false
    },
    {
      "id": "knavesneeds:twilight_forest/steeleaf/cutlass",
      "required": false
    },
    {
      "id": "knavesneeds:undergarden/cloggrum/cutlass",
      "required": false
    },
    {
      "id": "knavesneeds:undergarden/forgotten/cutlass",
      "required": false
    },
    {
      "id": "knavesneeds:undergarden/froststeel/cutlass",
      "required": false
    },
    {
      "id": "knavesneeds:undergarden/utherium/cutlass",
      "required": false
    },
    {
      "id": "lookinsharp:diamond_cutlass",
      "required": false
    },
    {
      "id": "lookinsharp:golden_cutlass",
      "required": false
    },
    {
      "id": "lookinsharp:iron_cutlass",
      "required": false
    },
    {
      "id": "lookinsharp:netherite_cutlass",
      "required": false
    },
    {
      "id": "lookinsharp:stone_cutlass",
      "required": false
    },
    {
      "id": "lookinsharp:wooden_cutlass",
      "required": false
    },
    {
      "id": "medieval_craft_weapons:saber",
      "required": false
    },
    {
      "id": "meetyourfight:cocktail_cutlass",
      "required": false
    },
    {
      "id": "minestuck:cactaceae_cutlass",
      "required": false
    },
    {
      "id": "minestuck:cutlass_of_zillywair",
      "required": false
    },
    {
      "id": "rats:ghost_pirat_cutlass",
      "required": false
    },
    {
      "id": "rats:pirat_cutlass",
      "required": false
    },
    {
      "id": "simplyswords:diamond_cutlass",
      "required": false
    },
    {
      "id": "simplyswords:gobber_compat/gobber_end/gobber_end_cutlass",
      "required": false
    },
    {
      "id": "simplyswords:gobber_compat/gobber_nether/gobber_nether_cutlass",
      "required": false
    },
    {
      "id": "simplyswords:gobber_compat/gobber/gobber_cutlass",
      "required": false
    },
    {
      "id": "simplyswords:gold_cutlass",
      "required": false
    },
    {
      "id": "simplyswords:iron_cutlass",
      "required": false
    },
    {
      "id": "simplyswords:netherite_cutlass",
      "required": false
    },
    {
      "id": "simplyswords:runic_cutlass",
      "required": false
    },
    {
      "id": "spartanweaponry:aluminum_saber",
      "required": false
    },
    {
      "id": "spartanweaponry:bronze_saber",
      "required": false
    },
    {
      "id": "spartanweaponry:constantan_saber",
      "required": false
    },
    {
      "id": "spartanweaponry:copper_saber",
      "required": false
    },
    {
      "id": "spartanweaponry:diamond_saber",
      "required": false
    },
    {
      "id": "spartanweaponry:electrum_saber",
      "required": false
    },
    {
      "id": "spartanweaponry:golden_saber",
      "required": false
    },
    {
      "id": "spartanweaponry:invar_saber",
      "required": false
    },
    {
      "id": "spartanweaponry:iron_saber",
      "required": false
    },
    {
      "id": "spartanweaponry:lead_saber",
      "required": false
    },
    {
      "id": "spartanweaponry:netherite_saber",
      "required": false
    },
    {
      "id": "spartanweaponry:nickel_saber",
      "required": false
    },
    {
      "id": "spartanweaponry:platinum_saber",
      "required": false
    },
    {
      "id": "spartanweaponry:saber_bronze",
      "required": false
    },
    {
      "id": "spartanweaponry:saber_copper",
      "required": false
    },
    {
      "id": "spartanweaponry:saber_diamond",
      "required": false
    },
    {
      "id": "spartanweaponry:saber_electrum",
      "required": false
    },
    {
      "id": "spartanweaponry:saber_gold",
      "required": false
    },
    {
      "id": "spartanweaponry:saber_invar",
      "required": false
    },
    {
      "id": "spartanweaponry:saber_iron",
      "required": false
    },
    {
      "id": "spartanweaponry:saber_lead",
      "required": false
    },
    {
      "id": "spartanweaponry:saber_netherite",
      "required": false
    },
    {
      "id": "spartanweaponry:saber_nickel",
      "required": false
    },
    {
      "id": "spartanweaponry:saber_platinum",
      "required": false
    },
    {
      "id": "spartanweaponry:saber_silver",
      "required": false
    },
    {
      "id": "spartanweaponry:saber_steel",
      "required": false
    },
    {
      "id": "spartanweaponry:saber_stone",
      "required": false
    },
    {
      "id": "spartanweaponry:saber_tin",
      "required": false
    },
    {
      "id": "spartanweaponry:saber_wood",
      "required": false
    },
    {
      "id": "spartanweaponry:silver_saber",
      "required": false
    },
    {
      "id": "spartanweaponry:steel_saber",
      "required": false
    },
    {
      "id": "spartanweaponry:stone_saber",
      "required": false
    },
    {
      "id": "spartanweaponry:tin_saber",
      "required": false
    },
    {
      "id": "spartanweaponry:wooden_saber",
      "required": false
    },
    {
      "id": "useless_sword:bamboo_saber",
      "required": false
    },
    {
      "id": "useless_sword:dimensional_breacher",
      "required": false
    },
    {
      "id": "useless_sword:valhalla_sword",
      "required": false
    },
    {
      "id": "vampirism:heart_striker_enhanced",
      "required": false
    },
    {
      "id": "vampirism:heart_striker_normal",
      "required": false
    },
    {
      "id": "vampirism:heart_striker_ultimate",
      "required": false
    },
    {
      "id": "simplyswords:emberlash",
      "required": false
    }
  ]
}