{
  "replace": false,
  "values": [
    {
      "id": "ageofweapons:flail_diamond",
      "required": false
    },
    {
      "id": "ageofweapons:flail_gold",
      "required": false
    },
    {
      "id": "ageofweapons:flail_iron",
      "required": false
    },
    {
      "id": "ageofweapons:flail_netherite",
      "required": false
    },
    {
      "id": "ageofweapons:flail_stone",
      "required": false
    },
    {
      "id": "ageofweapons:flail_wood",
      "required": false
    },
    {
      "id": "dungeons_gear:flail",
      "required": false
    },
    {
      "id": "magistuarmory:bronze_chainmorgenstern",
      "required": false
    },
    {
      "id": "magistuarmory:copper_chainmorgenstern",
      "required": false
    },
    {
      "id": "magistuarmory:diamond_chainmorgenstern",
      "required": false
    },
    {
      "id": "magistuarmory:gold_chainmorgenstern",
      "required": false
    },
    {
      "id": "magistuarmory:iron_chainmorgenstern",
      "required": false
    },
    {
      "id": "magistuarmory:netherite_chainmorgenstern",
      "required": false
    },
    {
      "id": "magistuarmory:silver_chainmorgenstern",
      "required": false
    },
    {
      "id": "magistuarmory:steel_chainmorgenstern",
      "required": false
    },
    {
      "id": "magistuarmory:stone_chainmorgenstern",
      "required": false
    },
    {
      "id": "magistuarmory:tin_chainmorgenstern",
      "required": false
    },
    {
      "id": "magistuarmory:wood_chainmorgenstern",
      "required": false
    },
    {
      "id": "expanded_combat:acacia_plank_flail",
      "required": false
    },
    {
      "id": "expanded_combat:bamboo_plank_flail",
      "required": false
    },
    {
      "id": "expanded_combat:birch_plank_flail",
      "required": false
    },
    {
      "id": "expanded_combat:cherry_plank_flail",
      "required": false
    },
    {
      "id": "expanded_combat:crimson_plank_flail",
      "required": false
    },
    {
      "id": "expanded_combat:dark_oak_plank_flail",
      "required": false
    },
    {
      "id": "expanded_combat:diamond_flail",
      "required": false
    },
    {
      "id": "expanded_combat:gold_flail",
      "required": false
    },
    {
      "id": "expanded_combat:iron_flail",
      "required": false
    },
    {
      "id": "expanded_combat:jungle_plank_flail",
      "required": false
    },
    {
      "id": "expanded_combat:mangrove_plank_flail",
      "required": false
    },
    {
      "id": "expanded_combat:netherite_flail",
      "required": false
    },
    {
      "id": "expanded_combat:oak_plank_flail",
      "required": false
    },
    {
      "id": "expanded_combat:spruce_plank_flail",
      "required": false
    },
    {
      "id": "expanded_combat:stone_flail",
      "required": false
    },
    {
      "id": "expanded_combat:warped_plank_flail",
      "required": false
    }
  ]
}