{
  "replace": false,
  "values": [
    {
      "id": "alexsmobs:falconry_glove",
      "required": false
    },
    {
      "id": "dungeons_gear:fighters_binding",
      "required": false
    },
    {
      "id": "dungeons_gear:gauntlet",
      "required": false
    },
    {
      "id": "dungeons_gear:mauler",
      "required": false
    },
    {
      "id": "dungeons_gear:soul_fist",
      "required": false
    },
    {
      "id": "iceandfire:deathworm_gauntlet_red",
      "required": false
    },
    {
      "id": "iceandfire:deathworm_gauntlet_white",
      "required": false
    },
    {
      "id": "iceandfire:deathworm_gauntlet_yellow",
      "required": false
    },
    {
      "id": "joels_randoms_mod:black_flash_claw",
      "required": false
    },
    {
      "id": "joels_randoms_mod:blue_boxing_gloves_claw",
      "required": false
    },
    {
      "id": "joels_randoms_mod:boxing_gloves_claw",
      "required": false
    },
    {
      "id": "joels_randoms_mod:brass_knuckle_gauntlet",
      "required": false
    },
    {
      "id": "joels_randoms_mod:buso_haki_claw",
      "required": false
    },
    {
      "id": "joels_randoms_mod:cartoon_claw",
      "required": false
    },
    {
      "id": "joels_randoms_mod:fire_ring_gauntlet",
      "required": false
    },
    {
      "id": "joels_randoms_mod:gorrilla_arm_gauntlet",
      "required": false
    },
    {
      "id": "joels_randoms_mod:gorrillaarm_claw",
      "required": false
    },
    {
      "id": "joels_randoms_mod:hamon_claw",
      "required": false
    },
    {
      "id": "joels_randoms_mod:hard_armement_haki_claw",
      "required": false
    },
    {
      "id": "joels_randoms_mod:hulk_gauntlet",
      "required": false
    },
    {
      "id": "joels_randoms_mod:mummygauntlet",
      "required": false
    },
    {
      "id": "joels_randoms_mod:red_haki_gauntlet",
      "required": false
    },
    {
      "id": "joels_randoms_mod:scrap_gauntlet",
      "required": false
    },
    {
      "id": "joels_randoms_mod:sendo_hamon_gauntlet",
      "required": false
    },
    {
      "id": "joels_randoms_mod:spiked_knuckle_claw",
      "required": false
    },
    {
      "id": "joels_randoms_mod:spy_watch_claw",
      "required": false
    },
    {
      "id": "joels_randoms_mod:taijutsu_claw",
      "required": false
    },
    {
      "id": "joels_randoms_mod:xent_power_gauntlet",
      "required": false
    },
    {
      "id": "joels_randoms_mod:z_wristband_gauntlet",
      "required": false
    },
    {
      "id": "rpgsmw:copper_gauntlet",
      "required": false
    },
    {
      "id": "rpgsmw:diamond_gauntlet",
      "required": false
    },
    {
      "id": "rpgsmw:iron_gauntlet",
      "required": false
    },
    {
      "id": "rpgsmw:miphrilgauntlet",
      "required": false
    },
    {
      "id": "rpgsmw:netheritegauntlet",
      "required": false
    },
    {
      "id": "rpgsmw:steel_gauntlet",
      "required": false
    },
    {
      "id": "spartanweaponry:cestus",
      "required": false
    },
    {
      "id": "spartanweaponry:cestus",
      "required": false
    },
    {
      "id": "spartanweaponry:cestus_studded",
      "required": false
    },
    {
      "id": "spartanweaponry:studded_cestus",
      "required": false
    },
    {
      "id": "alexs_armoury:diamond_fist",
      "required": false
    },
    {
      "id": "alexs_armoury:golden_fist",
      "required": false
    },
    {
      "id": "alexs_armoury:iron_fist",
      "required": false
    },
    {
      "id": "alexs_armoury:netherite_fist",
      "required": false
    },
    {
      "id": "cataclysm:gauntlet_of_bulwark",
      "required": false
    },
    {
      "id": "cataclysm:gauntlet_of_guard",
      "required": false
    },
    {
      "id": "coldsgauntlets:diamond_gauntlet",
      "required": false
    },
    {
      "id": "coldsgauntlets:golden_gauntlet",
      "required": false
    },
    {
      "id": "coldsgauntlets:iron_gauntlet",
      "required": false
    },
    {
      "id": "coldsgauntlets:netherite_gauntlet",
      "required": false
    },
    {
      "id": "coldsgauntlets:stone_gauntlet",
      "required": false
    },
    {
      "id": "coldsgauntlets:wooden_gauntlet",
      "required": false
    },
    {
      "id": "davespotioneering:netherite_gauntlet",
      "required": false
    },
    {
      "id": "davespotioneering:potioneer_gauntlet",
      "required": false
    },
    {
      "id": "davespotioneering:rudimentary_gauntlet",
      "required": false
    },
    {
      "id": "epicfight:knuckle",
      "required": false
    },
    {
      "id": "joels_randoms_mod:huge_gorrilla_claw",
      "required": false
    },
    {
      "id": "mahoutsukai:mystic_code",
      "required": false
    },
    {
      "id": "mahoutsukai:mystic_code_first_sorcery",
      "required": false
    },
    {
      "id": "minestuck:action_claws_sheathed",
      "required": false
    },
    {
      "id": "minestuck:cat_claws_sheathed",
      "required": false
    },
    {
      "id": "minestuck:skeleton_displacer_sheathed",
      "required": false
    },
    {
      "id": "minestuck:skeletonizer_sheathed",
      "required": false
    },
    {
      "id": "minestuck:tears_of_the_enderlich_sheathed",
      "required": false
    },
    {
      "id": "mutantmonsters:endersoul_hand",
      "required": false
    },
    {
      "id": "rising_uppercut:gauntlet",
      "required": false
    }
  ]
}