{
  "replace": false,
  "values": [
    {
      "id": "alexs_armoury:diamond_claymore",
      "required": false
    },
    {
      "id": "alexs_armoury:golden_claymore",
      "required": false
    },
    {
      "id": "alexs_armoury:iron_claymore",
      "required": false
    },
    {
      "id": "alexs_armoury:netherite_claymore",
      "required": false
    },
    {
      "id": "atum:iron_greatsword",
      "required": false
    },
    {
      "id": "atum:stoneguard_greatsword",
      "required": false
    },
    {
      "id": "biomancy:bone_cleaver",
      "required": false
    },
    {
      "id": "blue_skies:aquite/claymore",
      "required": false
    },
    {
      "id": "blue_skies:bluebright_wood/claymore",
      "required": false
    },
    {
      "id": "blue_skies:charoite/claymore",
      "required": false
    },
    {
      "id": "blue_skies:cherry_wood/claymore",
      "required": false
    },
    {
      "id": "blue_skies:diopside/claymore",
      "required": false
    },
    {
      "id": "blue_skies:dusk_wood/claymore",
      "required": false
    },
    {
      "id": "blue_skies:frostbright_wood/claymore",
      "required": false
    },
    {
      "id": "blue_skies:horizonite/claymore",
      "required": false
    },
    {
      "id": "blue_skies:lunar_stone/claymore",
      "required": false
    },
    {
      "id": "blue_skies:lunar_wood/claymore",
      "required": false
    },
    {
      "id": "blue_skies:maple_wood/claymore",
      "required": false
    },
    {
      "id": "blue_skies:pyrope/claymore",
      "required": false
    },
    {
      "id": "blue_skies:starlit_wood/claymore",
      "required": false
    },
    {
      "id": "blue_skies:turquoise_stone/claymore",
      "required": false
    },
    {
      "id": "craftvania2:claymore",
      "required": false
    },
    {
      "id": "craftvania2:zweihander",
      "required": false
    },
    {
      "id": "deep_aether:skyjade_sword",
      "required": false
    },
    {
      "id": "descension:cosmite_greatsword",
      "required": false
    },
    {
      "id": "descension:diamond_greatsword",
      "required": false
    },
    {
      "id": "descension:golden_greatsword",
      "required": false
    },
    {
      "id": "descension:iron_greatsword",
      "required": false
    },
    {
      "id": "descension:netherite_greatsword",
      "required": false
    },
    {
      "id": "descension:stone_greatsword",
      "required": false
    },
    {
      "id": "descension:wooden_greatsword",
      "required": false
    },
    {
      "id": "dixtas_armory:diamond_greatsword",
      "required": false
    },
    {
      "id": "dixtas_armory:diamond_zweihander",
      "required": false
    },
    {
      "id": "dixtas_armory:golden_greatsword",
      "required": false
    },
    {
      "id": "dixtas_armory:golden_zweihander",
      "required": false
    },
    {
      "id": "dixtas_armory:iron_greatsword",
      "required": false
    },
    {
      "id": "dixtas_armory:iron_zweihander",
      "required": false
    },
    {
      "id": "dixtas_armory:netherite_greatsword",
      "required": false
    },
    {
      "id": "dixtas_armory:netherite_zweihander",
      "required": false
    },
    {
      "id": "dixtas_armory:stone_greatsword",
      "required": false
    },
    {
      "id": "dixtas_armory:stone_zweihander",
      "required": false
    },
    {
      "id": "dixtas_armory:wooden_greatsword",
      "required": false
    },
    {
      "id": "dixtas_armory:wooden_zweihander",
      "required": false
    },
    {
      "id": "dungeons_gear:claymore",
      "required": false
    },
    {
      "id": "dungeons_gear:frost_slayer",
      "required": false
    },
    {
      "id": "dungeons_gear:heartstealer",
      "required": false
    },
    {
      "id": "epicfight:diamond_greatsword",
      "required": false
    },
    {
      "id": "epicfight:golden_greatsword",
      "required": false
    },
    {
      "id": "epicfight:greatsword",
      "required": false
    },
    {
      "id": "epicfight:iron_greatsword",
      "required": false
    },
    {
      "id": "epicfight:netherite_greatsword",
      "required": false
    },
    {
      "id": "epicfight:stone_greatsword",
      "required": false
    },
    {
      "id": "illagerrevolutionmod:illagium_alt_runed_blade",
      "required": false
    },
    {
      "id": "illagerrevolutionmod:illagium_runed_blade",
      "required": false
    },
    {
      "id": "irons_spellbooks:keeper_flamberge",
      "required": false
    },
    {
      "id": "joels_randoms_mod:curved_claymore",
      "required": false
    },
    {
      "id": "knavesneeds:betterend/aeternium/claymore",
      "required": false
    },
    {
      "id": "knavesneeds:betterend/terminite/claymore",
      "required": false
    },
    {
      "id": "knavesneeds:betterend/thallasium/claymore",
      "required": false
    },
    {
      "id": "knavesneeds:betternether/cincinnasite_diamond/claymore",
      "required": false
    },
    {
      "id": "knavesneeds:betternether/cincinnasite/claymore",
      "required": false
    },
    {
      "id": "knavesneeds:betternether/nether_ruby/claymore",
      "required": false
    },
    {
      "id": "knavesneeds:byg/pendorite/claymore",
      "required": false
    },
    {
      "id": "knavesneeds:deeperdarker/warden/claymore",
      "required": false
    },
    {
      "id": "knavesneeds:forbidden_arcanus/deorum/claymore",
      "required": false
    },
    {
      "id": "knavesneeds:forbidden_arcanus/draco_arcanus/claymore",
      "required": false
    },
    {
      "id": "knavesneeds:forbidden_arcanus/reinforced_deorum/claymore",
      "required": false
    },
    {
      "id": "knavesneeds:plus_the_end/endronium/claymore",
      "required": false
    },
    {
      "id": "knavesneeds:soulsweapons/translucent/claymore",
      "required": false
    },
    {
      "id": "knavesneeds:twilight_forest/fiery/claymore",
      "required": false
    },
    {
      "id": "knavesneeds:twilight_forest/ironwood/claymore",
      "required": false
    },
    {
      "id": "knavesneeds:twilight_forest/knightmetal/claymore",
      "required": false
    },
    {
      "id": "knavesneeds:twilight_forest/steeleaf/claymore",
      "required": false
    },
    {
      "id": "knavesneeds:undergarden/cloggrum/claymore",
      "required": false
    },
    {
      "id": "knavesneeds:undergarden/forgotten/claymore",
      "required": false
    },
    {
      "id": "knavesneeds:undergarden/froststeel/claymore",
      "required": false
    },
    {
      "id": "knavesneeds:undergarden/utherium/claymore",
      "required": false
    },
    {
      "id": "lookinsharp:diamond_cleaver",
      "required": false
    },
    {
      "id": "lookinsharp:golden_cleaver",
      "required": false
    },
    {
      "id": "lookinsharp:iron_cleaver",
      "required": false
    },
    {
      "id": "lookinsharp:netherite_cleaver",
      "required": false
    },
    {
      "id": "lookinsharp:stone_cleaver",
      "required": false
    },
    {
      "id": "lookinsharp:wooden_cleaver",
      "required": false
    },
    {
      "id": "magistuarmory:bronze_claymore",
      "required": false
    },
    {
      "id": "magistuarmory:bronze_flamebladedsword",
      "required": false
    },
    {
      "id": "magistuarmory:bronze_zweihander",
      "required": false
    },
    {
      "id": "magistuarmory:copper_claymore",
      "required": false
    },
    {
      "id": "magistuarmory:copper_flamebladedsword",
      "required": false
    },
    {
      "id": "magistuarmory:copper_zweihander",
      "required": false
    },
    {
      "id": "magistuarmory:diamond_claymore",
      "required": false
    },
    {
      "id": "magistuarmory:diamond_flamebladedsword",
      "required": false
    },
    {
      "id": "magistuarmory:diamond_zweihander",
      "required": false
    },
    {
      "id": "magistuarmory:gold_claymore",
      "required": false
    },
    {
      "id": "magistuarmory:gold_flamebladedsword",
      "required": false
    },
    {
      "id": "magistuarmory:gold_zweihander",
      "required": false
    },
    {
      "id": "magistuarmory:iron_claymore",
      "required": false
    },
    {
      "id": "magistuarmory:iron_flamebladedsword",
      "required": false
    },
    {
      "id": "magistuarmory:iron_zweihander",
      "required": false
    },
    {
      "id": "magistuarmory:netherite_claymore",
      "required": false
    },
    {
      "id": "magistuarmory:netherite_flamebladedsword",
      "required": false
    },
    {
      "id": "magistuarmory:netherite_zweihander",
      "required": false
    },
    {
      "id": "magistuarmory:silver_claymore",
      "required": false
    },
    {
      "id": "magistuarmory:silver_flamebladedsword",
      "required": false
    },
    {
      "id": "magistuarmory:silver_zweihander",
      "required": false
    },
    {
      "id": "magistuarmory:steel_claymore",
      "required": false
    },
    {
      "id": "magistuarmory:steel_flamebladedsword",
      "required": false
    },
    {
      "id": "magistuarmory:steel_zweihander",
      "required": false
    },
    {
      "id": "magistuarmory:stone_claymored",
      "required": false
    },
    {
      "id": "magistuarmory:stone_flamebladedsword",
      "required": false
    },
    {
      "id": "magistuarmory:stone_zweihander",
      "required": false
    },
    {
      "id": "magistuarmory:tin_claymore",
      "required": false
    },
    {
      "id": "magistuarmory:tin_flamebladedsword",
      "required": false
    },
    {
      "id": "magistuarmory:tin_zweihander",
      "required": false
    },
    {
      "id": "magistuarmory:wood_claymore",
      "required": false
    },
    {
      "id": "magistuarmory:wood_flamebladedsword",
      "required": false
    },
    {
      "id": "magistuarmory:wood_zweihander",
      "required": false
    },
    {
      "id": "medieval_craft_weapons:claymore",
      "required": false
    },
    {
      "id": "medieval_craft_weapons:greatsword",
      "required": false
    },
    {
      "id": "mialliance:metallium_greatsword",
      "required": false
    },
    {
      "id": "mialliance:miridium_greatsword",
      "required": false
    },
    {
      "id": "minecells:broadsword",
      "required": false
    },
    {
      "id": "moonsweaponry:diamond_greatsword",
      "required": false
    },
    {
      "id": "moonsweaponry:golden_greatsword",
      "required": false
    },
    {
      "id": "moonsweaponry:iron_greatsword",
      "required": false
    },
    {
      "id": "moonsweaponry:netherite_greatsword",
      "required": false
    },
    {
      "id": "moonsweaponry:stone_greatsword",
      "required": false
    },
    {
      "id": "moonsweaponry:wooden_greatsword",
      "required": false
    },
    {
      "id": "mutantmore:withered_claymore",
      "required": false
    },
    {
      "id": "pathogen:beast_slayer_crimson",
      "required": false
    },
    {
      "id": "pathogen:beast_slayer_ender",
      "required": false
    },
    {
      "id": "pathogen:beast_slayer_jungle",
      "required": false
    },
    {
      "id": "pathogen:beast_slayer_mesa",
      "required": false
    },
    {
      "id": "pathogen:beast_slayer_swamp",
      "required": false
    },
    {
      "id": "pathogen:beast_slayer_warped",
      "required": false
    },
    {
      "id": "rpgsmw:plazma_sword_hollow",
      "required": false
    },
    {
      "id": "rpgsmw:prismarined_nephris_greatsword",
      "required": false
    },
    {
      "id": "rpgsmw:steel_greatsword",
      "required": false
    },
    {
      "id": "rpgsmw:stone_greatsword",
      "required": false
    },
    {
      "id": "savage_and_ravage:cleaver_of_beheading",
      "required": false
    },
    {
      "id": "savageandravage:cleaver_of_beheading",
      "required": false
    },
    {
      "id": "sculkhorde:sculk_sweeper_sword",
      "required": false
    },
    {
      "id": "simple_weapons:adamantite_greatsword",
      "required": false
    },
    {
      "id": "simple_weapons:corinthium_greatsword",
      "required": false
    },
    {
      "id": "simple_weapons:diamond_greatsword",
      "required": false
    },
    {
      "id": "simple_weapons:electrum_greatsword",
      "required": false
    },
    {
      "id": "simple_weapons:fiery_greatsword",
      "required": false
    },
    {
      "id": "simple_weapons:iron_greatsword",
      "required": false
    },
    {
      "id": "simple_weapons:ironwood_greatsword",
      "required": false
    },
    {
      "id": "simple_weapons:knightmetal_greatsword",
      "required": false
    },
    {
      "id": "simple_weapons:netherite_greatsword",
      "required": false
    },
    {
      "id": "simple_weapons:pendorite_greatsword",
      "required": false
    },
    {
      "id": "simple_weapons:steeleaf_greatsword",
      "required": false
    },
    {
      "id": "simple_weapons:stone_greatsword",
      "required": false
    },
    {
      "id": "simple_weapons:warden_greatsword",
      "required": false
    },
    {
      "id": "simplyswords:awakened_lichblade",
      "required": false
    },
    {
      "id": "simplyswords:brimstone_claymore",
      "required": false
    },
    {
      "id": "simplyswords:diamond_claymore",
      "required": false
    },
    {
      "id": "simplyswords:dormant_relic",
      "required": false
    },
    {
      "id": "simplyswords:gobber_compat/gobber_end/gobber_end_claymore",
      "required": false
    },
    {
      "id": "simplyswords:gobber_compat/gobber_nether/gobber_nether_claymore",
      "required": false
    },
    {
      "id": "simplyswords:gobber_compat/gobber/gobber_claymore",
      "required": false
    },
    {
      "id": "simplyswords:gold_claymore",
      "required": false
    },
    {
      "id": "simplyswords:harbinger",
      "required": false
    },
    {
      "id": "simplyswords:iron_claymore",
      "required": false
    },
    {
      "id": "simplyswords:netherite_claymore",
      "required": false
    },
    {
      "id": "simplyswords:righteous_relic",
      "required": false
    },
    {
      "id": "simplyswords:runic_claymore",
      "required": false
    },
    {
      "id": "simplyswords:slumbering_lichblade",
      "required": false
    },
    {
      "id": "simplyswords:sunfire",
      "required": false
    },
    {
      "id": "simplyswords:tainted_relic",
      "required": false
    },
    {
      "id": "simplyswords:waking_lichblade",
      "required": false
    },
    {
      "id": "simplyswords:watcher_claymore",
      "required": false
    },
    {
      "id": "soul_like_armors_reworked:alloygreatsword",
      "required": false
    },
    {
      "id": "soul_like_armors_reworked:blackbaronsword",
      "required": false
    },
    {
      "id": "soul_like_armors_reworked:cinderkingblade",
      "required": false
    },
    {
      "id": "soul_like_armors_reworked:darkmoongreatsword",
      "required": false
    },
    {
      "id": "soul_like_armors_reworked:greatsword",
      "required": false
    },
    {
      "id": "soul_like_armors_reworked:ornsteinspsword",
      "required": false
    },
    {
      "id": "soul_like_armors_reworked:warriorgreatsword",
      "required": false
    },
    {
      "id": "soul_like_armors_reworked:wolfknightsword",
      "required": false
    },
    {
      "id": "spartanweaponry:aluminum_greatsword",
      "required": false
    },
    {
      "id": "spartanweaponry:bronze_greatsword",
      "required": false
    },
    {
      "id": "spartanweaponry:constantan_greatsword",
      "required": false
    },
    {
      "id": "spartanweaponry:copper_greatsword",
      "required": false
    },
    {
      "id": "spartanweaponry:diamond_greatsword",
      "required": false
    },
    {
      "id": "spartanweaponry:electrum_greatsword",
      "required": false
    },
    {
      "id": "spartanweaponry:golden_greatsword",
      "required": false
    },
    {
      "id": "spartanweaponry:greatsword_bronze",
      "required": false
    },
    {
      "id": "spartanweaponry:greatsword_copper",
      "required": false
    },
    {
      "id": "spartanweaponry:greatsword_diamond",
      "required": false
    },
    {
      "id": "spartanweaponry:greatsword_electrum",
      "required": false
    },
    {
      "id": "spartanweaponry:greatsword_gold",
      "required": false
    },
    {
      "id": "spartanweaponry:greatsword_invar",
      "required": false
    },
    {
      "id": "spartanweaponry:greatsword_iron",
      "required": false
    },
    {
      "id": "spartanweaponry:greatsword_lead",
      "required": false
    },
    {
      "id": "spartanweaponry:greatsword_netherite",
      "required": false
    },
    {
      "id": "spartanweaponry:greatsword_nickel",
      "required": false
    },
    {
      "id": "spartanweaponry:greatsword_platinum",
      "required": false
    },
    {
      "id": "spartanweaponry:greatsword_silver",
      "required": false
    },
    {
      "id": "spartanweaponry:greatsword_steel",
      "required": false
    },
    {
      "id": "spartanweaponry:greatsword_stone",
      "required": false
    },
    {
      "id": "spartanweaponry:greatsword_tin",
      "required": false
    },
    {
      "id": "spartanweaponry:greatsword_wood",
      "required": false
    },
    {
      "id": "spartanweaponry:invar_greatsword",
      "required": false
    },
    {
      "id": "spartanweaponry:iron_greatsword",
      "required": false
    },
    {
      "id": "spartanweaponry:lead_greatsword",
      "required": false
    },
    {
      "id": "spartanweaponry:netherite_greatsword",
      "required": false
    },
    {
      "id": "spartanweaponry:nickel_greatsword",
      "required": false
    },
    {
      "id": "spartanweaponry:platinum_greatsword",
      "required": false
    },
    {
      "id": "spartanweaponry:silver_greatsword",
      "required": false
    },
    {
      "id": "spartanweaponry:steel_greatsword",
      "required": false
    },
    {
      "id": "spartanweaponry:stone_greatsword",
      "required": false
    },
    {
      "id": "spartanweaponry:tin_greatsword",
      "required": false
    },
    {
      "id": "spartanweaponry:wooden_greatsword",
      "required": false
    },
    {
      "id": "useless_sword:basalt_broadsword",
      "required": false
    },
    {
      "id": "useless_sword:bugged_diamond_sword",
      "required": false
    },
    {
      "id": "useless_sword:bugged_netherite_sword",
      "required": false
    },
    {
      "id": "useless_sword:dna_cutter",
      "required": false
    },
    {
      "id": "useless_sword:elder_guardian_sword",
      "required": false
    },
    {
      "id": "useless_sword:end_crystal_sword",
      "required": false
    },
    {
      "id": "useless_sword:ender_catalyst_sword",
      "required": false
    },
    {
      "id": "useless_sword:guardian_sword",
      "required": false
    },
    {
      "id": "useless_sword:hemolymph_broadsword",
      "required": false
    },
    {
      "id": "useless_sword:life_draining_sword",
      "required": false
    },
    {
      "id": "useless_sword:naga_slicer",
      "required": false
    },
    {
      "id": "useless_sword:nether_catalyst_sword",
      "required": false
    },
    {
      "id": "useless_sword:undying_sword",
      "required": false
    },
    {
      "id": "useless_sword:wither_sword",
      "required": false
    },
    {
      "id": "vtaw_mw:diamond_greatsword",
      "required": false
    },
    {
      "id": "vtaw_mw:golden_greatsword",
      "required": false
    },
    {
      "id": "vtaw_mw:iron_greatsword",
      "required": false
    },
    {
      "id": "vtaw_mw:netherite_greatsword",
      "required": false
    },
    {
      "id": "vtaw_mw:stone_greatsword",
      "required": false
    },
    {
      "id": "vtaw_mw:wooden_greatsword",
      "required": false
    },
    {
      "id": "wom:ruine",
      "required": false
    },
    {
      "id": "enigmaticlegacy:the_judgement",
      "required": false
    },
    {
      "id": "simplyswords:waxweaver",
      "required": false
    },
    {
      "id": "ageofweapons:broadsword_diamond",
      "required": false
    },
    {
      "id": "ageofweapons:broadsword_gold",
      "required": false
    },
    {
      "id": "ageofweapons:broadsword_iron",
      "required": false
    },
    {
      "id": "ageofweapons:broadsword_netherite",
      "required": false
    },
    {
      "id": "ageofweapons:broadsword_stone",
      "required": false
    },
    {
      "id": "ageofweapons:broadsword_wood",
      "required": false
    },
    {
      "id": "expanded_combat:acacia_plank_claymore",
      "required": false
    },
    {
      "id": "expanded_combat:bamboo_plank_claymore",
      "required": false
    },
    {
      "id": "expanded_combat:birch_plank_claymore",
      "required": false
    },
    {
      "id": "expanded_combat:cherry_plank_claymore",
      "required": false
    },
    {
      "id": "expanded_combat:crimson_plank_claymore",
      "required": false
    },
    {
      "id": "expanded_combat:dark_oak_plank_claymore",
      "required": false
    },
    {
      "id": "expanded_combat:diamond_claymore",
      "required": false
    },
    {
      "id": "expanded_combat:frost_claymore",
      "required": false
    },
    {
      "id": "expanded_combat:gold_claymore",
      "required": false
    },
    {
      "id": "expanded_combat:heartstealer",
      "required": false
    },
    {
      "id": "expanded_combat:iron_claymore",
      "required": false
    },
    {
      "id": "expanded_combat:jungle_plank_claymore",
      "required": false
    },
    {
      "id": "expanded_combat:mangrove_plank_claymore",
      "required": false
    },
    {
      "id": "expanded_combat:netherite_claymore",
      "required": false
    },
    {
      "id": "expanded_combat:oak_plank_claymore",
      "required": false
    },
    {
      "id": "expanded_combat:spruce_plank_claymore",
      "required": false
    },
    {
      "id": "expanded_combat:stone_claymore",
      "required": false
    },
    {
      "id": "expanded_combat:void_touched_claymore",
      "required": false
    },
    {
      "id": "expanded_combat:warped_plank_claymore",
      "required": false
    },
    {
      "id": "miapi:modular_greatsword",
      "required": false
    },
    {
      "id": "minestuck:claymore",
      "required": false
    },
    {
      "id": "monsterplus:darkstar",
      "required": false
    },
    {
      "id": "rpgsmw:amethystednephrisgreatsword",
      "required": false
    },
    {
      "id": "rpgsmw:copper_greatsword",
      "required": false
    },
    {
      "id": "rpgsmw:diamond_greatsword",
      "required": false
    },
    {
      "id": "rpgsmw:iron_greatsword",
      "required": false
    },
    {
      "id": "rpgsmw:miphril_greatsword",
      "required": false
    },
    {
      "id": "rpgsmw:nephrys_greatsword",
      "required": false
    },
    {
      "id": "rpgsmw:netherite_greatsword",
      "required": false
    },
    {
      "id": "spore:greatsword",
      "required": false
    }
  ]
}