{
  "replace": false,
  "values": [
    {
      "id": "simple_weapons:adamantite_fist",
      "required": false
    },
    {
      "id": "simple_weapons:corinthium_fist",
      "required": false
    },
    {
      "id": "simple_weapons:diamond_fist",
      "required": false
    },
    {
      "id": "simple_weapons:electrum_fist",
      "required": false
    },
    {
      "id": "simple_weapons:fiery_fist",
      "required": false
    },
    {
      "id": "simple_weapons:iron_fist",
      "required": false
    },
    {
      "id": "simple_weapons:ironwood_fist",
      "required": false
    },
    {
      "id": "simple_weapons:knightmetal_fist",
      "required": false
    },
    {
      "id": "simple_weapons:netherite_fist",
      "required": false
    },
    {
      "id": "simple_weapons:pendorite_fist",
      "required": false
    },
    {
      "id": "simple_weapons:steeleaf_fist",
      "required": false
    },
    {
      "id": "simple_weapons:stone_fist",
      "required": false
    },
    {
      "id": "simple_weapons:warden_fist",
      "required": false
    }
  ]
}