{
  "replace": false,
  "values": [
    {
      "id": "ageofweapons:katana_diamond",
      "required": false
    },
    {
      "id": "ageofweapons:katana_gold",
      "required": false
    },
    {
      "id": "ageofweapons:katana_iron",
      "required": false
    },
    {
      "id": "ageofweapons:katana_netherite",
      "required": false
    },
    {
      "id": "ageofweapons:katana_stone",
      "required": false
    },
    {
      "id": "ageofweapons:katana_wood",
      "required": false
    },
    {
      "id": "ageofweapons:titan_sword",
      "required": false
    },
    {
      "id": "alexs_armoury:diamond_katana",
      "required": false
    },
    {
      "id": "alexs_armoury:golden_katana",
      "required": false
    },
    {
      "id": "alexs_armoury:iron_katana",
      "required": false
    },
    {
      "id": "alexs_armoury:netherite_katana",
      "required": false
    },
    {
      "id": "blue_skies:aquite/katana",
      "required": false
    },
    {
      "id": "blue_skies:bluebright_wood/katana",
      "required": false
    },
    {
      "id": "blue_skies:charoite/katana",
      "required": false
    },
    {
      "id": "blue_skies:cherry_wood/katana",
      "required": false
    },
    {
      "id": "blue_skies:diopside/katana",
      "required": false
    },
    {
      "id": "blue_skies:dusk_wood/katana",
      "required": false
    },
    {
      "id": "blue_skies:frostbright_wood/katana",
      "required": false
    },
    {
      "id": "blue_skies:horizonite/katana",
      "required": false
    },
    {
      "id": "blue_skies:lunar_stone/katana",
      "required": false
    },
    {
      "id": "blue_skies:lunar_wood/katana",
      "required": false
    },
    {
      "id": "blue_skies:maple_wood/katana",
      "required": false
    },
    {
      "id": "blue_skies:pyrope/katana",
      "required": false
    },
    {
      "id": "blue_skies:starlit_wood/katana",
      "required": false
    },
    {
      "id": "blue_skies:turquoise_stone/katana",
      "required": false
    },
    {
      "id": "craftvania2:masamune",
      "required": false
    },
    {
      "id": "craftvania2:muramasa",
      "required": false
    },
    {
      "id": "divine_weaponry:apophis_katana",
      "required": false
    },
    {
      "id": "divine_weaponry:diamond_katana",
      "required": false
    },
    {
      "id": "divine_weaponry:golden_katana",
      "required": false
    },
    {
      "id": "divine_weaponry:iron_katana",
      "required": false
    },
    {
      "id": "divine_weaponry:netherite_katana",
      "required": false
    },
    {
      "id": "divine_weaponry:stone_katana",
      "required": false
    },
    {
      "id": "divine_weaponry:wooden_katana",
      "required": false
    },
    {
      "id": "dungeons_gear:dark_katana",
      "required": false
    },
    {
      "id": "dungeons_gear:katana",
      "required": false
    },
    {
      "id": "dungeons_gear:masters_katana",
      "required": false
    },
    {
      "id": "epicfight:katana",
      "required": false
    },
    {
      "id": "epicsamurai:katana",
      "required": false
    },
    {
      "id": "epicsamurai:katana_akaname",
      "required": false
    },
    {
      "id": "epicsamurai:katana_jorogumo",
      "required": false
    },
    {
      "id": "epicsamurai:katana_kitsune",
      "required": false
    },
    {
      "id": "epicsamurai:katana_kitsune_blue",
      "required": false
    },
    {
      "id": "epicsamurai:katana_netherite",
      "required": false
    },
    {
      "id": "epicsamurai:katana_oni",
      "required": false
    },
    {
      "id": "illager_additions:katana",
      "required": false
    },
    {
      "id": "illager_additions:master_katana",
      "required": false
    },
    {
      "id": "joels_randoms_mod:blue_ninja_sickle",
      "required": false
    },
    {
      "id": "joels_randoms_mod:energy_sword",
      "required": false
    },
    {
      "id": "joels_randoms_mod:high_frequency_blade",
      "required": false
    },
    {
      "id": "joels_randoms_mod:murasama_sword",
      "required": false
    },
    {
      "id": "joels_randoms_mod:nichirin_blade",
      "required": false
    },
    {
      "id": "joels_randoms_mod:spinning_blade",
      "required": false
    },
    {
      "id": "joels_randoms_mod:thermal_katana",
      "required": false
    },
    {
      "id": "joels_randoms_mod:toshi_katana",
      "required": false
    },
    {
      "id": "knavesneeds:betterend/aeternium/katana",
      "required": false
    },
    {
      "id": "knavesneeds:betterend/terminite/katana",
      "required": false
    },
    {
      "id": "knavesneeds:betterend/thallasium/katana",
      "required": false
    },
    {
      "id": "knavesneeds:betternether/cincinnasite_diamond/katana",
      "required": false
    },
    {
      "id": "knavesneeds:betternether/cincinnasite/katana",
      "required": false
    },
    {
      "id": "knavesneeds:betternether/nether_ruby/katana",
      "required": false
    },
    {
      "id": "knavesneeds:byg/pendorite/katana",
      "required": false
    },
    {
      "id": "knavesneeds:deeperdarker/warden/katana",
      "required": false
    },
    {
      "id": "knavesneeds:forbidden_arcanus/deorum/katana",
      "required": false
    },
    {
      "id": "knavesneeds:forbidden_arcanus/draco_arcanus/katana",
      "required": false
    },
    {
      "id": "knavesneeds:forbidden_arcanus/reinforced_deorum/katana",
      "required": false
    },
    {
      "id": "knavesneeds:plus_the_end/endronium/katana",
      "required": false
    },
    {
      "id": "knavesneeds:soulsweapons/translucent/katana",
      "required": false
    },
    {
      "id": "knavesneeds:twilight_forest/fiery/katana",
      "required": false
    },
    {
      "id": "knavesneeds:twilight_forest/ironwood/katana",
      "required": false
    },
    {
      "id": "knavesneeds:twilight_forest/knightmetal/katana",
      "required": false
    },
    {
      "id": "knavesneeds:twilight_forest/steeleaf/katana",
      "required": false
    },
    {
      "id": "knavesneeds:undergarden/cloggrum/katana",
      "required": false
    },
    {
      "id": "knavesneeds:undergarden/forgotten/katana",
      "required": false
    },
    {
      "id": "knavesneeds:undergarden/froststeel/katana",
      "required": false
    },
    {
      "id": "knavesneeds:undergarden/utherium/katana",
      "required": false
    },
    {
      "id": "l2weaponry:abyss_resonance",
      "required": false
    },
    {
      "id": "l2weaponry:blade_of_illusion",
      "required": false
    },
    {
      "id": "lookinsharp:diamond_honed_sword",
      "required": false
    },
    {
      "id": "lookinsharp:golden_honed_sword",
      "required": false
    },
    {
      "id": "lookinsharp:iron_honed_sword",
      "required": false
    },
    {
      "id": "lookinsharp:netherite_honed_sword",
      "required": false
    },
    {
      "id": "lookinsharp:stone_honed_sword",
      "required": false
    },
    {
      "id": "lookinsharp:wooden_honed_sword",
      "required": false
    },
    {
      "id": "medieval_craft_weapons:katana",
      "required": false
    },
    {
      "id": "mgrr:hf_blade",
      "required": false
    },
    {
      "id": "mgrr:murasama_sheathed",
      "required": false
    },
    {
      "id": "minecells:hattoris_katana",
      "required": false
    },
    {
      "id": "minestuck:katana",
      "required": false
    },
    {
      "id": "minestuck:unbreakable_katana",
      "required": false
    },
    {
      "id": "pathogen:katana_crimson",
      "required": false
    },
    {
      "id": "pathogen:katana_ender",
      "required": false
    },
    {
      "id": "pathogen:katana_jungle",
      "required": false
    },
    {
      "id": "pathogen:katana_mesa",
      "required": false
    },
    {
      "id": "pathogen:katana_swamp",
      "required": false
    },
    {
      "id": "pathogen:katana_warped",
      "required": false
    },
    {
      "id": "silentgear:katana",
      "required": false
    },
    {
      "id": "simple_weapons:adamantite_katana",
      "required": false
    },
    {
      "id": "simple_weapons:corinthium_katana",
      "required": false
    },
    {
      "id": "simple_weapons:diamond_katana",
      "required": false
    },
    {
      "id": "simple_weapons:electrum_katana",
      "required": false
    },
    {
      "id": "simple_weapons:fiery_katana",
      "required": false
    },
    {
      "id": "simple_weapons:iron_katana",
      "required": false
    },
    {
      "id": "simple_weapons:ironwood_katana",
      "required": false
    },
    {
      "id": "simple_weapons:knightmetal_katana",
      "required": false
    },
    {
      "id": "simple_weapons:netherite_katana",
      "required": false
    },
    {
      "id": "simple_weapons:pendorite_katana",
      "required": false
    },
    {
      "id": "simple_weapons:steeleaf_katana",
      "required": false
    },
    {
      "id": "simple_weapons:stone_katana",
      "required": false
    },
    {
      "id": "simple_weapons:warden_katana",
      "required": false
    },
    {
      "id": "simplyswords:diamond_katana",
      "required": false
    },
    {
      "id": "simplyswords:gobber_compat/gobber_end/gobber_end_katana",
      "required": false
    },
    {
      "id": "simplyswords:gobber_compat/gobber_nether/gobber_nether_katana",
      "required": false
    },
    {
      "id": "simplyswords:gobber_compat/gobber/gobber_katana",
      "required": false
    },
    {
      "id": "simplyswords:gold_katana",
      "required": false
    },
    {
      "id": "simplyswords:iron_katana",
      "required": false
    },
    {
      "id": "simplyswords:netherite_katana",
      "required": false
    },
    {
      "id": "simplyswords:runic_katana",
      "required": false
    },
    {
      "id": "simplyswords:whisperwind",
      "required": false
    },
    {
      "id": "soul_like_armors_reworked:blackkatana",
      "required": false
    },
    {
      "id": "soul_like_armors_reworked:kata_sword",
      "required": false
    },
    {
      "id": "soul_like_armors_reworked:moonkatana",
      "required": false
    },
    {
      "id": "spartanweaponry:aluminum_katana",
      "required": false
    },
    {
      "id": "spartanweaponry:bronze_katana",
      "required": false
    },
    {
      "id": "spartanweaponry:constantan_katana",
      "required": false
    },
    {
      "id": "spartanweaponry:copper_katana",
      "required": false
    },
    {
      "id": "spartanweaponry:diamond_katana",
      "required": false
    },
    {
      "id": "spartanweaponry:electrum_katana",
      "required": false
    },
    {
      "id": "spartanweaponry:golden_katana",
      "required": false
    },
    {
      "id": "spartanweaponry:invar_katana",
      "required": false
    },
    {
      "id": "spartanweaponry:iron_katana",
      "required": false
    },
    {
      "id": "spartanweaponry:katana_bronze",
      "required": false
    },
    {
      "id": "spartanweaponry:katana_copper",
      "required": false
    },
    {
      "id": "spartanweaponry:katana_diamond",
      "required": false
    },
    {
      "id": "spartanweaponry:katana_electrum",
      "required": false
    },
    {
      "id": "spartanweaponry:katana_gold",
      "required": false
    },
    {
      "id": "spartanweaponry:katana_invar",
      "required": false
    },
    {
      "id": "spartanweaponry:katana_iron",
      "required": false
    },
    {
      "id": "spartanweaponry:katana_lead",
      "required": false
    },
    {
      "id": "spartanweaponry:katana_netherite",
      "required": false
    },
    {
      "id": "spartanweaponry:katana_nickel",
      "required": false
    },
    {
      "id": "spartanweaponry:katana_platinum",
      "required": false
    },
    {
      "id": "spartanweaponry:katana_silver",
      "required": false
    },
    {
      "id": "spartanweaponry:katana_steel",
      "required": false
    },
    {
      "id": "spartanweaponry:katana_stone",
      "required": false
    },
    {
      "id": "spartanweaponry:katana_tin",
      "required": false
    },
    {
      "id": "spartanweaponry:katana_wood",
      "required": false
    },
    {
      "id": "spartanweaponry:lead_katana",
      "required": false
    },
    {
      "id": "spartanweaponry:netherite_katana",
      "required": false
    },
    {
      "id": "spartanweaponry:nickel_katana",
      "required": false
    },
    {
      "id": "spartanweaponry:platinum_katana",
      "required": false
    },
    {
      "id": "spartanweaponry:silver_katana",
      "required": false
    },
    {
      "id": "spartanweaponry:steel_katana",
      "required": false
    },
    {
      "id": "spartanweaponry:stone_katana",
      "required": false
    },
    {
      "id": "spartanweaponry:tin_katana",
      "required": false
    },
    {
      "id": "spartanweaponry:wooden_katana",
      "required": false
    },
    {
      "id": "vtaw_mw:diamond_katana",
      "required": false
    },
    {
      "id": "vtaw_mw:golden_katana",
      "required": false
    },
    {
      "id": "vtaw_mw:iron_katana",
      "required": false
    },
    {
      "id": "vtaw_mw:netherite_katana",
      "required": false
    },
    {
      "id": "vtaw_mw:stone_katana",
      "required": false
    },
    {
      "id": "vtaw_mw:wooden_katana",
      "required": false
    },
    {
      "id": "ageofweapons:lightsaber_blue",
      "required": false
    },
    {
      "id": "ageofweapons:lightsaber_green",
      "required": false
    },
    {
      "id": "ageofweapons:lightsaber_red",
      "required": false
    },
    {
      "id": "ageofweapons:lightsaber_yellow",
      "required": false
    },
    {
      "id": "ageofweapons:ninjato_diamond",
      "required": false
    },
    {
      "id": "ageofweapons:ninjato_gold",
      "required": false
    },
    {
      "id": "ageofweapons:ninjato_iron",
      "required": false
    },
    {
      "id": "ageofweapons:ninjato_netherite",
      "required": false
    },
    {
      "id": "ageofweapons:ninjato_stone",
      "required": false
    },
    {
      "id": "ageofweapons:ninjato_wood",
      "required": false
    },
    {
      "id": "ageofweapons:wakizashi_diamond",
      "required": false
    },
    {
      "id": "ageofweapons:wakizashi_gold",
      "required": false
    },
    {
      "id": "ageofweapons:wakizashi_iron",
      "required": false
    },
    {
      "id": "ageofweapons:wakizashi_netherite",
      "required": false
    },
    {
      "id": "ageofweapons:wakizashi_stone",
      "required": false
    },
    {
      "id": "ageofweapons:wakizashi_wood",
      "required": false
    },
    {
      "id": "bloodandmadness:weapons/chikage",
      "required": false
    },
    {
      "id": "bloodandmadness:weapons/chikage_extended",
      "required": false
    },
    {
      "id": "bloodandmadness:weapons/shadow_blade",
      "required": false
    },
    {
      "id": "celestisynth:breezebreaker",
      "required": false
    },
    {
      "id": "dixtas_armory:diamond_katana",
      "required": false
    },
    {
      "id": "dixtas_armory:golden_katana",
      "required": false
    },
    {
      "id": "dixtas_armory:iron_katana",
      "required": false
    },
    {
      "id": "dixtas_armory:netherite_katana",
      "required": false
    },
    {
      "id": "dixtas_armory:stone_katana",
      "required": false
    },
    {
      "id": "dixtas_armory:wooden_katana",
      "required": false
    },
    {
      "id": "epicfight:diamond_tachi",
      "required": false
    },
    {
      "id": "epicfight:golden_tachi",
      "required": false
    },
    {
      "id": "epicfight:iron_tachi",
      "required": false
    },
    {
      "id": "epicfight:netherite_tachi",
      "required": false
    },
    {
      "id": "epicfight:uchigatana",
      "required": false
    },
    {
      "id": "epicsamurai:odachi",
      "required": false
    },
    {
      "id": "epicsamurai:odachi_netherite",
      "required": false
    },
    {
      "id": "epicsamurai:wakizashi",
      "required": false
    },
    {
      "id": "epicsamurai:wakizashi_netherite",
      "required": false
    },
    {
      "id": "expanded_combat:acacia_plank_katana",
      "required": false
    },
    {
      "id": "expanded_combat:bamboo_plank_katana",
      "required": false
    },
    {
      "id": "expanded_combat:birch_plank_katana",
      "required": false
    },
    {
      "id": "expanded_combat:cherry_plank_katana",
      "required": false
    },
    {
      "id": "expanded_combat:crimson_plank_katana",
      "required": false
    },
    {
      "id": "expanded_combat:dark_oak_plank_katana",
      "required": false
    },
    {
      "id": "expanded_combat:diamond_katana",
      "required": false
    },
    {
      "id": "expanded_combat:gold_katana",
      "required": false
    },
    {
      "id": "expanded_combat:heat_katana",
      "required": false
    },
    {
      "id": "expanded_combat:iron_katana",
      "required": false
    },
    {
      "id": "expanded_combat:jungle_plank_katana",
      "required": false
    },
    {
      "id": "expanded_combat:mangrove_plank_katana",
      "required": false
    },
    {
      "id": "expanded_combat:netherite_katana",
      "required": false
    },
    {
      "id": "expanded_combat:oak_plank_katana",
      "required": false
    },
    {
      "id": "expanded_combat:soul_katana",
      "required": false
    },
    {
      "id": "expanded_combat:spruce_plank_katana",
      "required": false
    },
    {
      "id": "expanded_combat:stone_katana",
      "required": false
    },
    {
      "id": "expanded_combat:warped_plank_katana",
      "required": false
    },
    {
      "id": "joels_randoms_mod:combat_mode_murasama_katana",
      "required": false
    },
    {
      "id": "joels_randoms_mod:high_frequency_claymore",
      "required": false
    },
    {
      "id": "medieval_craft_weapons:nodachi",
      "required": false
    },
    {
      "id": "miapi:modular_katana",
      "required": false
    },
    {
      "id": "slashblade:slashblade",
      "required": false
    },
    {
      "id": "wom:satsujin",
      "required": false
    }
  ]
}