{
  "replace": false,
  "values": [
    {
      "id": "atum:anubis_wrath",
      "required": false
    },
    {
      "id": "atum:iron_khopesh",
      "required": false
    },
    {
      "id": "atum:iron_scimitar",
      "required": false
    },
    {
      "id": "atum:stoneguard_khopesh",
      "required": false
    },
    {
      "id": "epicempires:egyptian_khopesh",
      "required": false
    },
    {
      "id": "medieval_craft_weapons:scimitar",
      "required": false
    },
    {
      "id": "pathogen:battle_hook_crimson",
      "required": false
    },
    {
      "id": "pathogen:battle_hook_ender",
      "required": false
    },
    {
      "id": "pathogen:battle_hook_jungle",
      "required": false
    },
    {
      "id": "pathogen:battle_hook_mesa",
      "required": false
    },
    {
      "id": "pathogen:battle_hook_swamp",
      "required": false
    },
    {
      "id": "pathogen:battle_hook_warped",
      "required": false
    },
    {
      "id": "simple_weapons:adamantite_scimitar",
      "required": false
    },
    {
      "id": "simple_weapons:corinthium_scimitar",
      "required": false
    },
    {
      "id": "simple_weapons:diamond_scimitar",
      "required": false
    },
    {
      "id": "simple_weapons:electrum_scimitar",
      "required": false
    },
    {
      "id": "simple_weapons:fiery_scimitar",
      "required": false
    },
    {
      "id": "simple_weapons:iron_scimitar",
      "required": false
    },
    {
      "id": "simple_weapons:ironwood_scimitar",
      "required": false
    },
    {
      "id": "simple_weapons:knightmetal_scimitar",
      "required": false
    },
    {
      "id": "simple_weapons:netherite_scimitar",
      "required": false
    },
    {
      "id": "simple_weapons:pendorite_scimitar",
      "required": false
    },
    {
      "id": "simple_weapons:steeleaf_scimitar",
      "required": false
    },
    {
      "id": "simple_weapons:stone_scimitar",
      "required": false
    },
    {
      "id": "simple_weapons:warden_scimitar",
      "required": false
    },
    {
      "id": "cataclysm:khopesh",
      "required": false
    }
  ]
}