{
  "replace": false,
  "values": [
    {
      "id": "cataclysm:wither_assault_shoulder_weapon",
      "required": false
    },
    {
      "id": "doom:bfg_eternal",
      "required": false
    },
    {
      "id": "doom:bfg9000",
      "required": false
    },
    {
      "id": "doom:chaingun",
      "required": false
    },
    {
      "id": "doom:heavycannon",
      "required": false
    },
    {
      "id": "doom:rocketlauncher",
      "required": false
    },
    {
      "id": "gunswithoutroses:diamond_gatling",
      "required": false
    },
    {
      "id": "hwg:balrog_gun",
      "required": false
    },
    {
      "id": "hwg:flamethrower",
      "required": false
    },
    {
      "id": "hwg:grenade_launcher",
      "required": false
    },
    {
      "id": "hwg:minigun",
      "required": false
    },
    {
      "id": "hwg:nostromo_flamethrower",
      "required": false
    },
    {
      "id": "hwg:rocketlauncher",
      "required": false
    },
    {
      "id": "laendli_transport:hosegun_1",
      "required": false
    },
    {
      "id": "medieval_craft_weapons:minigun",
      "required": false
    },
    {
      "id": "mod_lavacow:piranhalauncher",
      "required": false
    },
    {
      "id": "simple_guns_reworked:bazooka",
      "required": false
    },
    {
      "id": "stalwart_dungeons:awful_gun",
      "required": false
    },
    {
      "id": "the_bumblezone:bee_cannon",
      "required": false
    },
    {
      "id": "the_bumblezone:crystal_cannon",
      "required": false
    },
    {
      "id": "cataclysm:laser_gatling",
      "required": false
    },
    {
      "id": "cataclysm:void_assault_shoulder_weapon",
      "required": false
    }
  ]
}