{
  "replace": false,
  "values": [
    {
      "id": "alexscaves:dreadbow",
      "required": false
    },
    {
      "id": "magistuarmory:longbow",
      "required": false
    },
    {
      "id": "spartanweaponry:aluminum_longbow",
      "required": false
    },
    {
      "id": "spartanweaponry:bronze_longbow",
      "required": false
    },
    {
      "id": "spartanweaponry:constantan_longbow",
      "required": false
    },
    {
      "id": "spartanweaponry:copper_longbow",
      "required": false
    },
    {
      "id": "spartanweaponry:diamond_longbow",
      "required": false
    },
    {
      "id": "spartanweaponry:electrum_longbow",
      "required": false
    },
    {
      "id": "spartanweaponry:golden_longbow",
      "required": false
    },
    {
      "id": "spartanweaponry:invar_longbow",
      "required": false
    },
    {
      "id": "spartanweaponry:iron_longbow",
      "required": false
    },
    {
      "id": "spartanweaponry:lead_longbow",
      "required": false
    },
    {
      "id": "spartanweaponry:leather_longbow",
      "required": false
    },
    {
      "id": "spartanweaponry:longbow_bronze",
      "required": false
    },
    {
      "id": "spartanweaponry:longbow_copper",
      "required": false
    },
    {
      "id": "spartanweaponry:longbow_diamond",
      "required": false
    },
    {
      "id": "spartanweaponry:longbow_electrum",
      "required": false
    },
    {
      "id": "spartanweaponry:longbow_gold",
      "required": false
    },
    {
      "id": "spartanweaponry:longbow_invar",
      "required": false
    },
    {
      "id": "spartanweaponry:longbow_iron",
      "required": false
    },
    {
      "id": "spartanweaponry:longbow_lead",
      "required": false
    },
    {
      "id": "spartanweaponry:longbow_leather",
      "required": false
    },
    {
      "id": "spartanweaponry:longbow_netherite",
      "required": false
    },
    {
      "id": "spartanweaponry:longbow_nickel",
      "required": false
    },
    {
      "id": "spartanweaponry:longbow_platinum",
      "required": false
    },
    {
      "id": "spartanweaponry:longbow_silver",
      "required": false
    },
    {
      "id": "spartanweaponry:longbow_steel",
      "required": false
    },
    {
      "id": "spartanweaponry:longbow_tin",
      "required": false
    },
    {
      "id": "spartanweaponry:longbow_wood",
      "required": false
    },
    {
      "id": "spartanweaponry:netherite_longbow",
      "required": false
    },
    {
      "id": "spartanweaponry:nickel_longbow",
      "required": false
    },
    {
      "id": "spartanweaponry:platinum_longbow",
      "required": false
    },
    {
      "id": "spartanweaponry:silver_longbow",
      "required": false
    },
    {
      "id": "spartanweaponry:steel_longbow",
      "required": false
    },
    {
      "id": "spartanweaponry:tin_longbow",
      "required": false
    },
    {
      "id": "spartanweaponry:wooden_longbow",
      "required": false
    },
    {
      "id": "celestisynth:rainfall_serenity",
      "required": false
    },
    {
      "id": "dungeons_gear:guardian_bow",
      "required": false
    },
    {
      "id": "dungeons_gear:longbow",
      "required": false
    },
    {
      "id": "dungeons_gear:red_snake",
      "required": false
    }
  ]
}