{
  "replace": false,
  "values": [
    {
      "id": "aether:vampire_blade",
      "required": false
    },
    {
      "id": "ageofweapons:elucidator",
      "required": false
    },
    {
      "id": "ageofweapons:excalibur",
      "required": false
    },
    {
      "id": "ageofweapons:longsword_diamond",
      "required": false
    },
    {
      "id": "ageofweapons:longsword_gold",
      "required": false
    },
    {
      "id": "ageofweapons:longsword_iron",
      "required": false
    },
    {
      "id": "ageofweapons:longsword_netherite",
      "required": false
    },
    {
      "id": "ageofweapons:longsword_stone",
      "required": false
    },
    {
      "id": "ageofweapons:longsword_wood",
      "required": false
    },
    {
      "id": "ageofweapons:master_sword",
      "required": false
    },
    {
      "id": "ageofweapons:sword_of_kings",
      "required": false
    },
    {
      "id": "alexs_armoury:diamond_broadsword",
      "required": false
    },
    {
      "id": "alexs_armoury:golden_broadsword",
      "required": false
    },
    {
      "id": "alexs_armoury:iron_broadsword",
      "required": false
    },
    {
      "id": "alexs_armoury:netherite_broadsword",
      "required": false
    },
    {
      "id": "arsenal_core:diamond_longsword",
      "required": false
    },
    {
      "id": "arsenal_core:golden_longsword",
      "required": false
    },
    {
      "id": "arsenal_core:iron_longsword",
      "required": false
    },
    {
      "id": "arsenal_core:netherite_longsword",
      "required": false
    },
    {
      "id": "arsenal_core:stone_longsword",
      "required": false
    },
    {
      "id": "arsenal_core:wooden_longsword",
      "required": false
    },
    {
      "id": "blue_skies:aquite/longsword",
      "required": false
    },
    {
      "id": "blue_skies:bluebright_wood/longsword",
      "required": false
    },
    {
      "id": "blue_skies:charoite/longsword",
      "required": false
    },
    {
      "id": "blue_skies:cherry_wood/longsword",
      "required": false
    },
    {
      "id": "blue_skies:diopside/longsword",
      "required": false
    },
    {
      "id": "blue_skies:dusk_wood/longsword",
      "required": false
    },
    {
      "id": "blue_skies:frostbright_wood/longsword",
      "required": false
    },
    {
      "id": "blue_skies:horizonite/longsword",
      "required": false
    },
    {
      "id": "blue_skies:lunar_stone/longsword",
      "required": false
    },
    {
      "id": "blue_skies:lunar_wood/longsword",
      "required": false
    },
    {
      "id": "blue_skies:maple_wood/longsword",
      "required": false
    },
    {
      "id": "blue_skies:pyrope/longsword",
      "required": false
    },
    {
      "id": "blue_skies:starlit_wood/longsword",
      "required": false
    },
    {
      "id": "blue_skies:turquoise_stone/longsword",
      "required": false
    },
    {
      "id": "celestisynth:solaris",
      "required": false
    },
    {
      "id": "craftvania2:burtgang",
      "required": false
    },
    {
      "id": "craftvania2:crissaegrim",
      "required": false
    },
    {
      "id": "craftvania2:hrunting",
      "required": false
    },
    {
      "id": "craftvania2:moruneblade",
      "required": false
    },
    {
      "id": "craftvania2:thunderbrand",
      "required": false
    },
    {
      "id": "craftvania2:vorpal_blade",
      "required": false
    },
    {
      "id": "craftvania2:werebane",
      "required": false
    },
    {
      "id": "descension:obedience",
      "required": false
    },
    {
      "id": "dimdoors:rift_blade",
      "required": false
    },
    {
      "id": "divine_weaponry:diamond_longsword",
      "required": false
    },
    {
      "id": "divine_weaponry:golden_longsword",
      "required": false
    },
    {
      "id": "divine_weaponry:hyperion_longsword",
      "required": false
    },
    {
      "id": "divine_weaponry:iron_longsword",
      "required": false
    },
    {
      "id": "divine_weaponry:netherite_longsword",
      "required": false
    },
    {
      "id": "divine_weaponry:stone_longsword",
      "required": false
    },
    {
      "id": "divine_weaponry:wooden_longsword",
      "required": false
    },
    {
      "id": "dixtas_armory:diamond_longsword",
      "required": false
    },
    {
      "id": "dixtas_armory:golden_longsword",
      "required": false
    },
    {
      "id": "dixtas_armory:iron_longsword",
      "required": false
    },
    {
      "id": "dixtas_armory:netherite_longsword",
      "required": false
    },
    {
      "id": "dixtas_armory:stone_longsword",
      "required": false
    },
    {
      "id": "dixtas_armory:wooden_longsword",
      "required": false
    },
    {
      "id": "epicfight:diamond_longsword",
      "required": false
    },
    {
      "id": "epicfight:golden_longsword",
      "required": false
    },
    {
      "id": "epicfight:iron_longsword",
      "required": false
    },
    {
      "id": "epicfight:netherite_longsword",
      "required": false
    },
    {
      "id": "gem_infusion:gilded_mithril_longswordof_strength",
      "required": false
    },
    {
      "id": "gem_infusion:gilded_mithril_longswordof_strength",
      "required": false
    },
    {
      "id": "gem_infusion:ironbound_mithril_longswordof_strength",
      "required": false
    },
    {
      "id": "gem_infusion:ironbound_mithril_longswordof_strength",
      "required": false
    },
    {
      "id": "gem_infusion:mithril_longsword",
      "required": false
    },
    {
      "id": "gothic:urizel",
      "required": false
    },
    {
      "id": "joels_randoms_mod:knight_coral_blade",
      "required": false
    },
    {
      "id": "joels_randoms_mod:master_sword",
      "required": false
    },
    {
      "id": "joels_randoms_mod:pipe_claymore",
      "required": false
    },
    {
      "id": "joels_randoms_mod:raijin_coral_blade",
      "required": false
    },
    {
      "id": "knavesneeds:betterend/aeternium/longsword",
      "required": false
    },
    {
      "id": "knavesneeds:betterend/terminite/longsword",
      "required": false
    },
    {
      "id": "knavesneeds:betterend/thallasium/longsword",
      "required": false
    },
    {
      "id": "knavesneeds:betternether/cincinnasite_diamond/longsword",
      "required": false
    },
    {
      "id": "knavesneeds:betternether/cincinnasite/longsword",
      "required": false
    },
    {
      "id": "knavesneeds:betternether/nether_ruby/longsword",
      "required": false
    },
    {
      "id": "knavesneeds:byg/pendorite/longsword",
      "required": false
    },
    {
      "id": "knavesneeds:deeperdarker/warden/longsword",
      "required": false
    },
    {
      "id": "knavesneeds:forbidden_arcanus/deorum/longsword",
      "required": false
    },
    {
      "id": "knavesneeds:forbidden_arcanus/draco_arcanus/longsword",
      "required": false
    },
    {
      "id": "knavesneeds:forbidden_arcanus/reinforced_deorum/longsword",
      "required": false
    },
    {
      "id": "knavesneeds:plus_the_end/endronium/longsword",
      "required": false
    },
    {
      "id": "knavesneeds:soulsweapons/translucent/longsword",
      "required": false
    },
    {
      "id": "knavesneeds:twilight_forest/fiery/longsword",
      "required": false
    },
    {
      "id": "knavesneeds:twilight_forest/ironwood/longsword",
      "required": false
    },
    {
      "id": "knavesneeds:twilight_forest/knightmetal/longsword",
      "required": false
    },
    {
      "id": "knavesneeds:twilight_forest/steeleaf/longsword",
      "required": false
    },
    {
      "id": "knavesneeds:undergarden/cloggrum/longsword",
      "required": false
    },
    {
      "id": "knavesneeds:undergarden/forgotten/longsword",
      "required": false
    },
    {
      "id": "knavesneeds:undergarden/froststeel/longsword",
      "required": false
    },
    {
      "id": "knavesneeds:undergarden/utherium/longsword",
      "required": false
    },
    {
      "id": "lookinsharp:diamond_sword",
      "required": false
    },
    {
      "id": "lookinsharp:golden_sword",
      "required": false
    },
    {
      "id": "lookinsharp:iron_sword",
      "required": false
    },
    {
      "id": "lookinsharp:netherite_sword",
      "required": false
    },
    {
      "id": "lookinsharp:stone_sword",
      "required": false
    },
    {
      "id": "lookinsharp:wooden_sword",
      "required": false
    },
    {
      "id": "lost_aether_content:phoenix_sword",
      "required": false
    },
    {
      "id": "medieval_craft_weapons:excalibur",
      "required": false
    },
    {
      "id": "medieval_craft_weapons:grossmesser",
      "required": false
    },
    {
      "id": "medieval_craft_weapons:long_sword",
      "required": false
    },
    {
      "id": "mialliance:forgotten_blade",
      "required": false
    },
    {
      "id": "monsterplus:crystal_sword",
      "required": false
    },
    {
      "id": "nikgubs_blades_plus:yamato",
      "required": false
    },
    {
      "id": "simplyswords:diamond_longsword",
      "required": false
    },
    {
      "id": "simplyswords:gobber_compat/gobber_end/gobber_end_longsword",
      "required": false
    },
    {
      "id": "simplyswords:gobber_compat/gobber_nether/gobber_nether_longsword",
      "required": false
    },
    {
      "id": "simplyswords:gobber_compat/gobber/gobber_longsword",
      "required": false
    },
    {
      "id": "simplyswords:gold_longsword",
      "required": false
    },
    {
      "id": "simplyswords:iron_longsword",
      "required": false
    },
    {
      "id": "simplyswords:netherite_longsword",
      "required": false
    },
    {
      "id": "simplyswords:runic_longsword",
      "required": false
    },
    {
      "id": "simplyswords:toxic_longsword",
      "required": false
    },
    {
      "id": "soul_like_armors_reworked:farronsword",
      "required": false
    },
    {
      "id": "soul_like_armors_reworked:longsword",
      "required": false
    },
    {
      "id": "soul_like_armors_reworked:platinumspsword",
      "required": false
    },
    {
      "id": "spartanweaponry:aluminum_longsword",
      "required": false
    },
    {
      "id": "spartanweaponry:bronze_longsword",
      "required": false
    },
    {
      "id": "spartanweaponry:constantan_longsword",
      "required": false
    },
    {
      "id": "spartanweaponry:copper_longsword",
      "required": false
    },
    {
      "id": "spartanweaponry:diamond_longsword",
      "required": false
    },
    {
      "id": "spartanweaponry:electrum_longsword",
      "required": false
    },
    {
      "id": "spartanweaponry:golden_longsword",
      "required": false
    },
    {
      "id": "spartanweaponry:invar_longsword",
      "required": false
    },
    {
      "id": "spartanweaponry:iron_longsword",
      "required": false
    },
    {
      "id": "spartanweaponry:lead_longsword",
      "required": false
    },
    {
      "id": "spartanweaponry:longsword_bronze",
      "required": false
    },
    {
      "id": "spartanweaponry:longsword_copper",
      "required": false
    },
    {
      "id": "spartanweaponry:longsword_diamond",
      "required": false
    },
    {
      "id": "spartanweaponry:longsword_electrum",
      "required": false
    },
    {
      "id": "spartanweaponry:longsword_gold",
      "required": false
    },
    {
      "id": "spartanweaponry:longsword_invar",
      "required": false
    },
    {
      "id": "spartanweaponry:longsword_iron",
      "required": false
    },
    {
      "id": "spartanweaponry:longsword_lead",
      "required": false
    },
    {
      "id": "spartanweaponry:longsword_netherite",
      "required": false
    },
    {
      "id": "spartanweaponry:longsword_nickel",
      "required": false
    },
    {
      "id": "spartanweaponry:longsword_platinum",
      "required": false
    },
    {
      "id": "spartanweaponry:longsword_silver",
      "required": false
    },
    {
      "id": "spartanweaponry:longsword_steel",
      "required": false
    },
    {
      "id": "spartanweaponry:longsword_stone",
      "required": false
    },
    {
      "id": "spartanweaponry:longsword_tin",
      "required": false
    },
    {
      "id": "spartanweaponry:longsword_wood",
      "required": false
    },
    {
      "id": "spartanweaponry:netherite_longsword",
      "required": false
    },
    {
      "id": "spartanweaponry:nickel_longsword",
      "required": false
    },
    {
      "id": "spartanweaponry:platinum_longsword",
      "required": false
    },
    {
      "id": "spartanweaponry:silver_longsword",
      "required": false
    },
    {
      "id": "spartanweaponry:steel_longsword",
      "required": false
    },
    {
      "id": "spartanweaponry:stone_longsword",
      "required": false
    },
    {
      "id": "spartanweaponry:tin_longsword",
      "required": false
    },
    {
      "id": "spartanweaponry:wooden_longsword",
      "required": false
    },
    {
      "id": "underground_jungle:blade_of_the_jungle",
      "required": false
    },
    {
      "id": "vtaw_mw:diamond_longsword",
      "required": false
    },
    {
      "id": "vtaw_mw:golden_longsword",
      "required": false
    },
    {
      "id": "vtaw_mw:iron_longsword",
      "required": false
    },
    {
      "id": "vtaw_mw:netherite_longsword",
      "required": false
    },
    {
      "id": "vtaw_mw:stone_longsword",
      "required": false
    },
    {
      "id": "vtaw_mw:wooden_longsword",
      "required": false
    },
    {
      "id": "goety:frozen_blade",
      "required": false
    },
    {
      "id": "craftvania2:claimh_solais",
      "required": false
    },
    {
      "id": "craftvania2:daybreak",
      "required": false
    },
    {
      "id": "craftvania2:heavnessword",
      "required": false
    },
    {
      "id": "create_sa:blazing_cleaver",
      "required": false
    },
    {
      "id": "magistuarmory:bronze_bastardsword",
      "required": false
    },
    {
      "id": "magistuarmory:copper_bastardsword",
      "required": false
    },
    {
      "id": "magistuarmory:diamond_bastardsword",
      "required": false
    },
    {
      "id": "magistuarmory:gold_bastardsword",
      "required": false
    },
    {
      "id": "magistuarmory:iron_bastardsword",
      "required": false
    },
    {
      "id": "magistuarmory:netherite_bastardsword",
      "required": false
    },
    {
      "id": "magistuarmory:rusted_bastardsword",
      "required": false
    },
    {
      "id": "magistuarmory:silver_bastardsword",
      "required": false
    },
    {
      "id": "magistuarmory:steel_bastardsword",
      "required": false
    },
    {
      "id": "magistuarmory:stone_bastardsword",
      "required": false
    },
    {
      "id": "magistuarmory:tin_bastardsword",
      "required": false
    },
    {
      "id": "magistuarmory:wood_bastardsword",
      "required": false
    },
    {
      "id": "miapi:modular_longsword",
      "required": false
    },
    {
      "id": "monstersandmushrooms:brutesword",
      "required": false
    },
    {
      "id": "mutantmore:blazing_scimitar",
      "required": false
    },
    {
      "id": "pyromancer:flammenklinge",
      "required": false
    },
    {
      "id": "rootsclassic:engraved_blade",
      "required": false
    },
    {
      "id": "simplyswords:emberblade",
      "required": false
    },
    {
      "id": "simplyswords:stormbringer",
      "required": false
    },
    {
      "id": "simplyswords:twisted_blade",
      "required": false
    }
  ]
}