{
  "replace": false,
  "values": [
    {
      "id": "goety:fell_blade",
      "required": false
    },
    {
      "id": "joels_randoms_mod:chainsaw_claw",
      "required": false
    },
    {
      "id": "joels_randoms_mod:roger_saw_sword",
      "required": false
    },
    {
      "id": "l2weaponry:diamond_machete",
      "required": false
    },
    {
      "id": "l2weaponry:eternium_machete",
      "required": false
    },
    {
      "id": "l2weaponry:fiery_machete",
      "required": false
    },
    {
      "id": "l2weaponry:fire_dragonsteel_machete",
      "required": false
    },
    {
      "id": "l2weaponry:gold_machete",
      "required": false
    },
    {
      "id": "l2weaponry:ice_dragonsteel_machete",
      "required": false
    },
    {
      "id": "l2weaponry:iron_machete",
      "required": false
    },
    {
      "id": "l2weaponry:ironwood_machete",
      "required": false
    },
    {
      "id": "l2weaponry:knightmetal_machete",
      "required": false
    },
    {
      "id": "l2weaponry:lightning_dragonsteel_machete",
      "required": false
    },
    {
      "id": "l2weaponry:netherite_machete",
      "required": false
    },
    {
      "id": "l2weaponry:poseidite_machete",
      "required": false
    },
    {
      "id": "l2weaponry:sculkium_machete",
      "required": false
    },
    {
      "id": "l2weaponry:shulkerate_machete",
      "required": false
    },
    {
      "id": "l2weaponry:steeleaf_machete",
      "required": false
    },
    {
      "id": "l2weaponry:totemic_gold_machete",
      "required": false
    },
    {
      "id": "lookinsharp:diamond_broadsword",
      "required": false
    },
    {
      "id": "lookinsharp:golden_broadsword",
      "required": false
    },
    {
      "id": "lookinsharp:iron_broadsword",
      "required": false
    },
    {
      "id": "lookinsharp:netherite_broadsword",
      "required": false
    },
    {
      "id": "lookinsharp:stone_broadsword",
      "required": false
    },
    {
      "id": "lookinsharp:wooden_broadsword",
      "required": false
    },
    {
      "id": "medieval_craft_weapons:falchion",
      "required": false
    },
    {
      "id": "mgrr:bloodlust",
      "required": false
    },
    {
      "id": "minestuck:dogg_machete",
      "required": false
    },
    {
      "id": "nethersdelight:diamond_machete",
      "required": false
    },
    {
      "id": "nethersdelight:golden_machete",
      "required": false
    },
    {
      "id": "nethersdelight:iron_machete",
      "required": false
    },
    {
      "id": "nethersdelight:netherite_machete",
      "required": false
    },
    {
      "id": "silentgear:machete",
      "required": false
    },
    {
      "id": "ageofweapons:claw_sword_diamond",
      "required": false
    },
    {
      "id": "ageofweapons:claw_sword_gold",
      "required": false
    },
    {
      "id": "ageofweapons:claw_sword_iron",
      "required": false
    },
    {
      "id": "ageofweapons:claw_sword_netherite",
      "required": false
    },
    {
      "id": "ageofweapons:claw_sword_stone",
      "required": false
    },
    {
      "id": "ageofweapons:claw_sword_wood",
      "required": false
    },
    {
      "id": "ageofweapons:machete_diamond",
      "required": false
    },
    {
      "id": "ageofweapons:machete_gold",
      "required": false
    },
    {
      "id": "ageofweapons:machete_iron",
      "required": false
    },
    {
      "id": "ageofweapons:machete_netherite",
      "required": false
    },
    {
      "id": "ageofweapons:machete_stone",
      "required": false
    },
    {
      "id": "ageofweapons:machete_wood",
      "required": false
    },
    {
      "id": "ageofweapons:saw_sword_diamond",
      "required": false
    },
    {
      "id": "ageofweapons:saw_sword_gold",
      "required": false
    },
    {
      "id": "ageofweapons:saw_sword_iron",
      "required": false
    },
    {
      "id": "ageofweapons:saw_sword_netherite",
      "required": false
    },
    {
      "id": "ageofweapons:saw_sword_stone",
      "required": false
    },
    {
      "id": "ageofweapons:saw_sword_wood",
      "required": false
    }
  ]
}