{
  "replace": false,
  "values": [
    {
      "id": "ageofweapons:nunchuck_iron",
      "required": false
    },
    {
      "id": "ageofweapons:nunchuck_wood",
      "required": false
    },
    {
      "id": "craftvania2:nunchaku",
      "required": false
    },
    {
      "id": "joels_randoms_mod:orange_ninja_sickle",
      "required": false
    },
    {
      "id": "l2weaponry:diamond_nunchaku",
      "required": false
    },
    {
      "id": "l2weaponry:eternium_nunchaku",
      "required": false
    },
    {
      "id": "l2weaponry:fiery_nunchaku",
      "required": false
    },
    {
      "id": "l2weaponry:fire_dragonsteel_nunchaku",
      "required": false
    },
    {
      "id": "l2weaponry:gold_nunchaku",
      "required": false
    },
    {
      "id": "l2weaponry:ice_dragonsteel_nunchaku",
      "required": false
    },
    {
      "id": "l2weaponry:iron_nunchaku",
      "required": false
    },
    {
      "id": "l2weaponry:ironwood_nunchaku",
      "required": false
    },
    {
      "id": "l2weaponry:knightmetal_nunchaku",
      "required": false
    },
    {
      "id": "l2weaponry:lightning_dragonsteel_nunchaku",
      "required": false
    },
    {
      "id": "l2weaponry:netherite_nunchaku",
      "required": false
    },
    {
      "id": "l2weaponry:poseidite_nunchaku",
      "required": false
    },
    {
      "id": "l2weaponry:sculkium_nunchaku",
      "required": false
    },
    {
      "id": "l2weaponry:shulkerate_nunchaku",
      "required": false
    },
    {
      "id": "l2weaponry:steeleaf_nunchaku",
      "required": false
    },
    {
      "id": "l2weaponry:totemic_gold_nunchaku",
      "required": false
    }
  ]
}