{
  "replace": false,
  "values": [
    {
      "id": "aether_redux:infused_veridium_pickaxe",
      "required": false
    },
    {
      "id": "aether_redux:veridium_pickaxe",
      "required": false
    },
    {
      "id": "aether:gravitite_pickaxe",
      "required": false
    },
    {
      "id": "aether:holystone_pickaxe",
      "required": false
    },
    {
      "id": "aether:skyroot_pickaxe",
      "required": false
    },
    {
      "id": "aether:valkyrie_pickaxe",
      "required": false
    },
    {
      "id": "aether:zanite_pickaxe",
      "required": false
    },
    {
      "id": "alexsmobs:ghostly_pickaxe",
      "required": false
    },
    {
      "id": "alloyed:steel_pickaxe",
      "required": false
    },
    {
      "id": "aquaculture:neptunium_pickaxe",
      "required": false
    },
    {
      "id": "arthys_rpg_arms:ebonite_pickaxe",
      "required": false
    },
    {
      "id": "astral:phantasmal_pickaxe",
      "required": false
    },
    {
      "id": "betterendforge:aeternium_pickaxe",
      "required": false
    },
    {
      "id": "betterendforge:terminite_pickaxe",
      "required": false
    },
    {
      "id": "betterendforge:thallasium_pickaxe",
      "required": false
    },
    {
      "id": "betternether:cincinnasite_pickaxe",
      "required": false
    },
    {
      "id": "betternether:cincinnasite_pickaxe_diamond",
      "required": false
    },
    {
      "id": "betternether:nether_ruby_pickaxe",
      "required": false
    },
    {
      "id": "biomancy:fleshborn_pickaxe",
      "required": false
    },
    {
      "id": "bloodmagic:soulpickaxe",
      "required": false
    },
    {
      "id": "blue_skies:aquite_pickaxe",
      "required": false
    },
    {
      "id": "blue_skies:bluebright_pickaxe",
      "required": false
    },
    {
      "id": "blue_skies:charoite_pickaxe",
      "required": false
    },
    {
      "id": "blue_skies:cherry_pickaxe",
      "required": false
    },
    {
      "id": "blue_skies:diopside_pickaxe",
      "required": false
    },
    {
      "id": "blue_skies:dusk_pickaxe",
      "required": false
    },
    {
      "id": "blue_skies:frostbright_pickaxe",
      "required": false
    },
    {
      "id": "blue_skies:horizonite_pickaxe",
      "required": false
    },
    {
      "id": "blue_skies:lunar_pickaxe",
      "required": false
    },
    {
      "id": "blue_skies:lunar_stone_pickaxe",
      "required": false
    },
    {
      "id": "blue_skies:maple_pickaxe",
      "required": false
    },
    {
      "id": "blue_skies:pyrope_pickaxe",
      "required": false
    },
    {
      "id": "blue_skies:starlit_pickaxe",
      "required": false
    },
    {
      "id": "blue_skies:turquoise_stone_pickaxe",
      "required": false
    },
    {
      "id": "byg:pendorite_pickaxe",
      "required": false
    },
    {
      "id": "cataclysm_weaponery:ignitium_pickaxe",
      "required": false
    },
    {
      "id": "create_sa:brass_pickaxe",
      "required": false
    },
    {
      "id": "create_sa:copper_pickaxe",
      "required": false
    },
    {
      "id": "create_sa:experience_pickaxe",
      "required": false
    },
    {
      "id": "create_sa:rose_quartz_pickaxe",
      "required": false
    },
    {
      "id": "create_sa:zinc_pickaxe",
      "required": false
    },
    {
      "id": "cyclic:amethyst_pickaxe",
      "required": false
    },
    {
      "id": "cyclic:copper_pickaxe",
      "required": false
    },
    {
      "id": "cyclic:crystal_pickaxe",
      "required": false
    },
    {
      "id": "cyclic:emerald_pickaxe",
      "required": false
    },
    {
      "id": "cyclic:netherbrick_pickaxe",
      "required": false
    },
    {
      "id": "cyclic:sandstone_pickaxe",
      "required": false
    },
    {
      "id": "deep_aether:skyjade_pickaxe",
      "required": false
    },
    {
      "id": "deep_aether:stratus_pickaxe",
      "required": false
    },
    {
      "id": "deeperdarker:warden_pickaxe",
      "required": false
    },
    {
      "id": "descension:cosmite_pickaxe",
      "required": false
    },
    {
      "id": "doom:argent_pickaxe",
      "required": false
    },
    {
      "id": "druidcraft:bone_pickaxe",
      "required": false
    },
    {
      "id": "druidcraft:moonstone_pickaxe",
      "required": false
    },
    {
      "id": "dungeons_gear:diamond_pickaxe",
      "required": false
    },
    {
      "id": "dungeons_gear:pickaxe",
      "required": false
    },
    {
      "id": "eidolon:reversal_pick",
      "required": false
    },
    {
      "id": "eidolon:silver_pickaxe",
      "required": false
    },
    {
      "id": "embers:clockwork_pickaxe",
      "required": false
    },
    {
      "id": "embers:dawnstone_pickaxe",
      "required": false
    },
    {
      "id": "embers:lead_pickaxe",
      "required": false
    },
    {
      "id": "embers:silver_pickaxe",
      "required": false
    },
    {
      "id": "endrem:end_crystal_pickaxe",
      "required": false
    },
    {
      "id": "enigmaticlegacy:etherium_pickaxe",
      "required": false
    },
    {
      "id": "epicpaladins:arclight_pickaxe",
      "required": false
    },
    {
      "id": "epicpaladins:bloodstone_pickaxe",
      "required": false
    },
    {
      "id": "epicpaladins:cryorium_pickaxe",
      "required": false
    },
    {
      "id": "epicpaladins:jade_pickaxe",
      "required": false
    },
    {
      "id": "epicpaladins:moonlight_pickaxe",
      "required": false
    },
    {
      "id": "epicpaladins:sculk_pickaxe",
      "required": false
    },
    {
      "id": "evilcraft:vengeance_pickaxe",
      "required": false
    },
    {
      "id": "forbidden_arcanus:draco_arcanus_pickaxe",
      "required": false
    },
    {
      "id": "forbidden_arcanus:reinforced_deorum_pickaxe",
      "required": false
    },
    {
      "id": "forbidden_arcanus:slimec_pickaxe",
      "required": false
    },
    {
      "id": "gem_infusion:c_10",
      "required": false
    },
    {
      "id": "gem_infusion:c_11",
      "required": false
    },
    {
      "id": "gem_infusion:c_12",
      "required": false
    },
    {
      "id": "gem_infusion:c_9",
      "required": false
    },
    {
      "id": "gem_infusion:d_1",
      "required": false
    },
    {
      "id": "gem_infusion:d_10",
      "required": false
    },
    {
      "id": "gem_infusion:d_11",
      "required": false
    },
    {
      "id": "gem_infusion:d_12",
      "required": false
    },
    {
      "id": "gem_infusion:d_13",
      "required": false
    },
    {
      "id": "gem_infusion:d_14",
      "required": false
    },
    {
      "id": "gem_infusion:d_15",
      "required": false
    },
    {
      "id": "gem_infusion:d_16",
      "required": false
    },
    {
      "id": "gem_infusion:d_2",
      "required": false
    },
    {
      "id": "gem_infusion:d_3",
      "required": false
    },
    {
      "id": "gem_infusion:d_4",
      "required": false
    },
    {
      "id": "gem_infusion:d_5",
      "required": false
    },
    {
      "id": "gem_infusion:d_6",
      "required": false
    },
    {
      "id": "gem_infusion:d_7",
      "required": false
    },
    {
      "id": "gem_infusion:d_8",
      "required": false
    },
    {
      "id": "gem_infusion:d_9",
      "required": false
    },
    {
      "id": "gem_infusion:foolsgold_pickaxe",
      "required": false
    },
    {
      "id": "gem_infusion:goldbound_foolsgold_pickaxe",
      "required": false
    },
    {
      "id": "gem_infusion:goldbounddiamondpickaxe",
      "required": false
    },
    {
      "id": "gem_infusion:goldboundironpickaxe",
      "required": false
    },
    {
      "id": "gem_infusion:goldboundmithrilpickaxe",
      "required": false
    },
    {
      "id": "gem_infusion:goldboundnetheritepickaxe",
      "required": false
    },
    {
      "id": "gem_infusion:ironbound_foolsgold_pickaxe",
      "required": false
    },
    {
      "id": "gem_infusion:ironbound_ironpickaxe",
      "required": false
    },
    {
      "id": "gem_infusion:ironbounddiamondpickaxe",
      "required": false
    },
    {
      "id": "gem_infusion:ironboundmithrilpickaxe",
      "required": false
    },
    {
      "id": "gem_infusion:ironboundnetheritepickaxe",
      "required": false
    },
    {
      "id": "gem_infusion:mithril_pickaxe",
      "required": false
    },
    {
      "id": "gem_infusion:osmium_pickaxe",
      "required": false
    },
    {
      "id": "gnumus:gnumus_pickaxe",
      "required": false
    },
    {
      "id": "gnumus:vintage_gnumus_pickaxe",
      "required": false
    },
    {
      "id": "gobber2:gobber2_pickaxe",
      "required": false
    },
    {
      "id": "gobber2:gobber2_pickaxe_end",
      "required": false
    },
    {
      "id": "gobber2:gobber2_pickaxe_nether",
      "required": false
    },
    {
      "id": "goblins:goblin_pickaxe",
      "required": false
    },
    {
      "id": "goety:dark_pickaxe",
      "required": false
    },
    {
      "id": "goety:eerie_pickaxe",
      "required": false
    },
    {
      "id": "gothic:old_mineshaft_pickaxe",
      "required": false
    },
    {
      "id": "grimreaper:spectral_pickaxe",
      "required": false
    },
    {
      "id": "ic2:tool_pickaxe_aluminium",
      "required": false
    },
    {
      "id": "ic2:tool_pickaxe_bronze",
      "required": false
    },
    {
      "id": "iceandfire:copper_pickaxe",
      "required": false
    },
    {
      "id": "iceandfire:dragonbone_pickaxe",
      "required": false
    },
    {
      "id": "iceandfire:dragonsteel_fire_pickaxe",
      "required": false
    },
    {
      "id": "iceandfire:dragonsteel_ice_pickaxe",
      "required": false
    },
    {
      "id": "iceandfire:dragonsteel_lightning_pickaxe",
      "required": false
    },
    {
      "id": "iceandfire:myrmex_desert_pickaxe",
      "required": false
    },
    {
      "id": "iceandfire:myrmex_jungle_pickaxe",
      "required": false
    },
    {
      "id": "iceandfire:silver_pickaxe",
      "required": false
    },
    {
      "id": "illagerrevolutionmod:illagium_pickaxe",
      "required": false
    },
    {
      "id": "immersiveengineering:pickaxe_steel",
      "required": false
    },
    {
      "id": "kobolds:kobold_pickaxe",
      "required": false
    },
    {
      "id": "l2complements:eternium_pickaxe",
      "required": false
    },
    {
      "id": "l2complements:poseidite_pickaxe",
      "required": false
    },
    {
      "id": "l2complements:sculkium_pickaxe",
      "required": false
    },
    {
      "id": "l2complements:shulkerate_pickaxe",
      "required": false
    },
    {
      "id": "l2complements:totemic_gold_pickaxe",
      "required": false
    },
    {
      "id": "lost_aether_content:phoenix_pickaxe",
      "required": false
    },
    {
      "id": "majruszsdifficulty:enderium_pickaxe",
      "required": false
    },
    {
      "id": "material_elements_armor_tools_weapons:copper_pickaxe",
      "required": false
    },
    {
      "id": "material_elements_armor_tools_weapons:steel_pickaxe",
      "required": false
    },
    {
      "id": "mialliance:miridium_pickaxe",
      "required": false
    },
    {
      "id": "mialliance:mistrum_pickaxe",
      "required": false
    },
    {
      "id": "minecraft:diamond_pickaxe",
      "required": false
    },
    {
      "id": "minecraft:golden_pickaxe",
      "required": false
    },
    {
      "id": "minecraft:iron_pickaxe",
      "required": false
    },
    {
      "id": "minecraft:netherite_pickaxe",
      "required": false
    },
    {
      "id": "minecraft:stone_pickaxe",
      "required": false
    },
    {
      "id": "minecraft:wooden_pickaxe",
      "required": false
    },
    {
      "id": "minestuck:emerald_pickaxe",
      "required": false
    },
    {
      "id": "miningmaster:haste_peridot_pickaxe",
      "required": false
    },
    {
      "id": "miningmaster:lucky_citrine_pickaxe",
      "required": false
    },
    {
      "id": "miningmaster:ultima_pickaxe",
      "required": false
    },
    {
      "id": "miningmaster:unbreaking_iolite_pickaxe",
      "required": false
    },
    {
      "id": "mysticalworld:cactus_pickaxe",
      "required": false
    },
    {
      "id": "mysticalworld:copper_pickaxe",
      "required": false
    },
    {
      "id": "mysticalworld:lead_pickaxe",
      "required": false
    },
    {
      "id": "mysticalworld:quicksilver_pickaxe",
      "required": false
    },
    {
      "id": "mysticalworld:sapphire_pickaxe",
      "required": false
    },
    {
      "id": "mysticalworld:silver_pickaxe",
      "required": false
    },
    {
      "id": "mysticalworld:silver_pickaxe",
      "required": false
    },
    {
      "id": "mysticalworld:tin_pickaxe",
      "required": false
    },
    {
      "id": "nethers_exoticism:kiwano_pickaxe",
      "required": false
    },
    {
      "id": "occultism:iesnium_pickaxe",
      "required": false
    },
    {
      "id": "occultism:infused_pickaxe",
      "required": false
    },
    {
      "id": "ogres:ogre_pickaxe",
      "required": false
    },
    {
      "id": "primalmagick:hallowsteel_pickaxe",
      "required": false
    },
    {
      "id": "primalmagick:hexium_pickaxe",
      "required": false
    },
    {
      "id": "primalmagick:primal_pickaxe",
      "required": false
    },
    {
      "id": "primalmagick:primalite_pickaxe",
      "required": false
    },
    {
      "id": "rats:ratlantis_pickaxe",
      "required": false
    },
    {
      "id": "rootsclassic:living_pickaxe",
      "required": false
    },
    {
      "id": "rpgsmw:miphrilpickaxe",
      "required": false
    },
    {
      "id": "rpgsmw:steelpickaxe",
      "required": false
    },
    {
      "id": "silentgear:pickaxe",
      "required": false
    },
    {
      "id": "simple_weapons:electrum_pickaxe",
      "required": false
    },
    {
      "id": "simple_weapons:fiery_pickaxe",
      "required": false
    },
    {
      "id": "sons_of_sins:osseous_pickaxe",
      "required": false
    },
    {
      "id": "sons_of_sins:sinful_pickaxe",
      "required": false
    },
    {
      "id": "spirit:soul_steel_pickaxe",
      "required": false
    },
    {
      "id": "stalwart_dungeons:chorundum_pickaxe",
      "required": false
    },
    {
      "id": "stalwart_dungeons:tungsten_pickaxe",
      "required": false
    },
    {
      "id": "theabyss:bone_pickaxe",
      "required": false
    },
    {
      "id": "theabyss:fusion_pickaxe",
      "required": false
    },
    {
      "id": "theabyss:garnite_pickaxe",
      "required": false
    },
    {
      "id": "theabyss:incorythe_pickaxe",
      "required": false
    },
    {
      "id": "theabyss:knight_pick_axe",
      "required": false
    },
    {
      "id": "theabyss:phantom_pickaxe",
      "required": false
    },
    {
      "id": "theabyss:unorithe_pick_axe",
      "required": false
    },
    {
      "id": "tropicraft:eudialyte_pickaxe",
      "required": false
    },
    {
      "id": "tropicraft:zircon_pickaxe",
      "required": false
    },
    {
      "id": "tropicraft:zirconium_pickaxe",
      "required": false
    },
    {
      "id": "twilightforest:fiery_pickaxe",
      "required": false
    },
    {
      "id": "twilightforest:ironwood_pickaxe",
      "required": false
    },
    {
      "id": "twilightforest:knightmetal_pickaxe",
      "required": false
    },
    {
      "id": "twilightforest:mazebreaker_pickaxe",
      "required": false
    },
    {
      "id": "twilightforest:steeleaf_pickaxe",
      "required": false
    },
    {
      "id": "underground_jungle:temple_pickaxe",
      "required": false
    },
    {
      "id": "voidscape:ichor_pickaxe",
      "required": false
    },
    {
      "id": "voidscape:titanite_pickaxe",
      "required": false
    },
    {
      "id": "voidscape:voidic_crystal_pickaxe",
      "required": false
    },
    {
      "id": "werewolves:silver_pickaxe",
      "required": false
    },
    {
      "id": "wyrmroost:blue_geode_pickaxe",
      "required": false
    },
    {
      "id": "wyrmroost:platinum_pickaxe",
      "required": false
    },
    {
      "id": "wyrmroost:purple_geode_pickaxe",
      "required": false
    },
    {
      "id": "wyrmroost:red_geode_pickaxe",
      "required": false
    },
    {
      "id": "voidscape:astral_pickaxe",
      "required": false
    },
    {
      "id": "celestial_artifacts:earth_pickaxe",
      "required": false
    },
    {
      "id": "create_sa:blazing_pickaxe",
      "required": false
    },
    {
      "id": "create_sa:portable_drill",
      "required": false
    },
    {
      "id": "cyclic:mattock",
      "required": false
    },
    {
      "id": "cyclic:mattock_nether",
      "required": false
    },
    {
      "id": "cyclic:mattock_stone",
      "required": false
    },
    {
      "id": "dungeons_mobs:diamond_mountaineer_axe",
      "required": false
    },
    {
      "id": "dungeons_mobs:gold_mountaineer_axe",
      "required": false
    },
    {
      "id": "dungeons_mobs:mountaineer_axe",
      "required": false
    },
    {
      "id": "ic2:advanced_drill",
      "required": false
    },
    {
      "id": "ic2:diamond_drill",
      "required": false
    },
    {
      "id": "ic2:drill",
      "required": false
    },
    {
      "id": "ic2:rock_cutter_drill",
      "required": false
    },
    {
      "id": "miapi:modular_pickaxe",
      "required": false
    },
    {
      "id": "twilightforest:giant_pickaxe",
      "required": false
    }
  ]
}