{
  "replace": false,
  "values": [
    {
      "id": "ageofweapons:electrostaff",
      "required": false
    },
    {
      "id": "alexs_armoury:diamond_battlestaff",
      "required": false
    },
    {
      "id": "alexs_armoury:golden_battlestaff",
      "required": false
    },
    {
      "id": "alexs_armoury:iron_battlestaff",
      "required": false
    },
    {
      "id": "alexs_armoury:netherite_battlestaff",
      "required": false
    },
    {
      "id": "basicweapons:diamond_quarterstaff",
      "required": false
    },
    {
      "id": "basicweapons:diamond_quarterstaff",
      "required": false
    },
    {
      "id": "basicweapons:golden_quarterstaff",
      "required": false
    },
    {
      "id": "basicweapons:golden_quarterstaff",
      "required": false
    },
    {
      "id": "basicweapons:iron_quarterstaff",
      "required": false
    },
    {
      "id": "basicweapons:iron_quarterstaff",
      "required": false
    },
    {
      "id": "basicweapons:netherite_quarterstaff",
      "required": false
    },
    {
      "id": "basicweapons:netherite_quarterstaff",
      "required": false
    },
    {
      "id": "basicweapons:stone_quarterstaff",
      "required": false
    },
    {
      "id": "basicweapons:stone_quarterstaff",
      "required": false
    },
    {
      "id": "basicweapons:wooden_quarterstaff",
      "required": false
    },
    {
      "id": "basicweapons:wooden_quarterstaff",
      "required": false
    },
    {
      "id": "dungeons_gear:battlestaff",
      "required": false
    },
    {
      "id": "dungeons_gear:battlestaff_of_terror",
      "required": false
    },
    {
      "id": "joels_randoms_mod:oar_battlestaff",
      "required": false
    },
    {
      "id": "joels_randoms_mod:purple_battlestaff",
      "required": false
    },
    {
      "id": "mgrr:letranger",
      "required": false
    },
    {
      "id": "mialliance:tubian_gilded_warstaff",
      "required": false
    },
    {
      "id": "mialliance:tubian_pure_warstaff",
      "required": false
    },
    {
      "id": "mialliance:tubian_warstaff",
      "required": false
    },
    {
      "id": "soul_like_armors_reworked:monkeyhammer",
      "required": false
    },
    {
      "id": "spartanweaponry:aluminum_quarterstaff",
      "required": false
    },
    {
      "id": "spartanweaponry:bronze_quarterstaff",
      "required": false
    },
    {
      "id": "spartanweaponry:constantan_quarterstaff",
      "required": false
    },
    {
      "id": "spartanweaponry:copper_quarterstaff",
      "required": false
    },
    {
      "id": "spartanweaponry:diamond_quarterstaff",
      "required": false
    },
    {
      "id": "spartanweaponry:electrum_quarterstaff",
      "required": false
    },
    {
      "id": "spartanweaponry:golden_quarterstaff",
      "required": false
    },
    {
      "id": "spartanweaponry:invar_quarterstaff",
      "required": false
    },
    {
      "id": "spartanweaponry:iron_quarterstaff",
      "required": false
    },
    {
      "id": "spartanweaponry:lead_quarterstaff",
      "required": false
    },
    {
      "id": "spartanweaponry:netherite_quarterstaff",
      "required": false
    },
    {
      "id": "spartanweaponry:nickel_quarterstaff",
      "required": false
    },
    {
      "id": "spartanweaponry:platinum_quarterstaff",
      "required": false
    },
    {
      "id": "spartanweaponry:quarterstaff_bronze",
      "required": false
    },
    {
      "id": "spartanweaponry:quarterstaff_copper",
      "required": false
    },
    {
      "id": "spartanweaponry:quarterstaff_diamond",
      "required": false
    },
    {
      "id": "spartanweaponry:quarterstaff_electrum",
      "required": false
    },
    {
      "id": "spartanweaponry:quarterstaff_gold",
      "required": false
    },
    {
      "id": "spartanweaponry:quarterstaff_invar",
      "required": false
    },
    {
      "id": "spartanweaponry:quarterstaff_iron",
      "required": false
    },
    {
      "id": "spartanweaponry:quarterstaff_lead",
      "required": false
    },
    {
      "id": "spartanweaponry:quarterstaff_netherite",
      "required": false
    },
    {
      "id": "spartanweaponry:quarterstaff_nickel",
      "required": false
    },
    {
      "id": "spartanweaponry:quarterstaff_platinum",
      "required": false
    },
    {
      "id": "spartanweaponry:quarterstaff_silver",
      "required": false
    },
    {
      "id": "spartanweaponry:quarterstaff_steel",
      "required": false
    },
    {
      "id": "spartanweaponry:quarterstaff_stone",
      "required": false
    },
    {
      "id": "spartanweaponry:quarterstaff_tin",
      "required": false
    },
    {
      "id": "spartanweaponry:quarterstaff_wood",
      "required": false
    },
    {
      "id": "spartanweaponry:silver_quarterstaff",
      "required": false
    },
    {
      "id": "spartanweaponry:steel_quarterstaff",
      "required": false
    },
    {
      "id": "spartanweaponry:stone_quarterstaff",
      "required": false
    },
    {
      "id": "spartanweaponry:tin_quarterstaff",
      "required": false
    },
    {
      "id": "spartanweaponry:wooden_quarterstaff",
      "required": false
    },
    {
      "id": "wom:diamond_staff",
      "required": false
    },
    {
      "id": "wom:golden_staff",
      "required": false
    },
    {
      "id": "wom:iron_staff",
      "required": false
    },
    {
      "id": "wom:netherite_staff",
      "required": false
    },
    {
      "id": "wom:stone_staff",
      "required": false
    },
    {
      "id": "wom:wooden_staff",
      "required": false
    },
    {
      "id": "simplyswords:decaying_relic",
      "required": false
    },
    {
      "id": "ageofweapons:baton_iron",
      "required": false
    },
    {
      "id": "ageofweapons:baton_wood",
      "required": false
    },
    {
      "id": "dungeons_gear:growing_staff",
      "required": false
    },
    {
      "id": "expanded_combat:acacia_plank_battle_staff",
      "required": false
    },
    {
      "id": "expanded_combat:bamboo_plank_battle_staff",
      "required": false
    },
    {
      "id": "expanded_combat:birch_plank_battle_staff",
      "required": false
    },
    {
      "id": "expanded_combat:cherry_plank_battle_staff",
      "required": false
    },
    {
      "id": "expanded_combat:crimson_plank_battle_staff",
      "required": false
    },
    {
      "id": "expanded_combat:dark_oak_plank_battle_staff",
      "required": false
    },
    {
      "id": "expanded_combat:diamond_battle_staff",
      "required": false
    },
    {
      "id": "expanded_combat:gold_battle_staff",
      "required": false
    },
    {
      "id": "expanded_combat:iron_battle_staff",
      "required": false
    },
    {
      "id": "expanded_combat:jungle_plank_battle_staff",
      "required": false
    },
    {
      "id": "expanded_combat:mangrove_plank_battle_staff",
      "required": false
    },
    {
      "id": "expanded_combat:netherite_battle_staff",
      "required": false
    },
    {
      "id": "expanded_combat:oak_plank_battle_staff",
      "required": false
    },
    {
      "id": "expanded_combat:spruce_plank_battle_staff",
      "required": false
    },
    {
      "id": "expanded_combat:stone_battle_staff",
      "required": false
    },
    {
      "id": "expanded_combat:warped_plank_battle_staff",
      "required": false
    },
    {
      "id": "irons_spellbooks:blood_staff",
      "required": false
    }
  ]
}