{
  "replace": false,
  "values": [
    {
      "id": "alexs_armoury:diamond_rapier",
      "required": false
    },
    {
      "id": "alexs_armoury:golden_rapier",
      "required": false
    },
    {
      "id": "alexs_armoury:iron_rapier",
      "required": false
    },
    {
      "id": "alexs_armoury:netherite_rapier",
      "required": false
    },
    {
      "id": "arsenal_core:diamond_rapier",
      "required": false
    },
    {
      "id": "arsenal_core:golden_rapier",
      "required": false
    },
    {
      "id": "arsenal_core:iron_rapier",
      "required": false
    },
    {
      "id": "arsenal_core:netherite_rapier",
      "required": false
    },
    {
      "id": "arsenal_core:stone_rapier",
      "required": false
    },
    {
      "id": "arsenal_core:wooden_rapier",
      "required": false
    },
    {
      "id": "blue_skies:aquite/rapier",
      "required": false
    },
    {
      "id": "blue_skies:bluebright_wood/rapier",
      "required": false
    },
    {
      "id": "blue_skies:charoite/rapier",
      "required": false
    },
    {
      "id": "blue_skies:cherry_wood/rapier",
      "required": false
    },
    {
      "id": "blue_skies:diopside/rapier",
      "required": false
    },
    {
      "id": "blue_skies:dusk_wood/rapier",
      "required": false
    },
    {
      "id": "blue_skies:frostbright_wood/rapier",
      "required": false
    },
    {
      "id": "blue_skies:horizonite/rapier",
      "required": false
    },
    {
      "id": "blue_skies:lunar_stone/rapier",
      "required": false
    },
    {
      "id": "blue_skies:lunar_wood/rapier",
      "required": false
    },
    {
      "id": "blue_skies:maple_wood/rapier",
      "required": false
    },
    {
      "id": "blue_skies:pyrope/rapier",
      "required": false
    },
    {
      "id": "blue_skies:starlit_wood/rapier",
      "required": false
    },
    {
      "id": "blue_skies:turquoise_stone/rapier",
      "required": false
    },
    {
      "id": "divine_weaponry:diamond_rapier",
      "required": false
    },
    {
      "id": "divine_weaponry:golden_rapier",
      "required": false
    },
    {
      "id": "divine_weaponry:iron_rapier",
      "required": false
    },
    {
      "id": "divine_weaponry:netherite_rapier",
      "required": false
    },
    {
      "id": "divine_weaponry:sobek_rapier",
      "required": false
    },
    {
      "id": "divine_weaponry:stone_rapier",
      "required": false
    },
    {
      "id": "divine_weaponry:wooden_rapier",
      "required": false
    },
    {
      "id": "divinerpg:jungle_rapier",
      "required": false
    },
    {
      "id": "divinerpg:rupee_rapier",
      "required": false
    },
    {
      "id": "dixtas_armory:diamond_rapier",
      "required": false
    },
    {
      "id": "dixtas_armory:golden_rapier",
      "required": false
    },
    {
      "id": "dixtas_armory:iron_rapier",
      "required": false
    },
    {
      "id": "dixtas_armory:netherite_rapier",
      "required": false
    },
    {
      "id": "dixtas_armory:stone_rapier",
      "required": false
    },
    {
      "id": "dixtas_armory:wooden_rapier",
      "required": false
    },
    {
      "id": "dungeons_gear:bee_stinger",
      "required": false
    },
    {
      "id": "dungeons_gear:freezing_foil",
      "required": false
    },
    {
      "id": "dungeons_gear:rapier",
      "required": false
    },
    {
      "id": "joels_randoms_mod:bone_rapier",
      "required": false
    },
    {
      "id": "joels_randoms_mod:cursed_nail_rapier",
      "required": false
    },
    {
      "id": "knavesneeds:betterend/aeternium/rapier",
      "required": false
    },
    {
      "id": "knavesneeds:betterend/terminite/rapier",
      "required": false
    },
    {
      "id": "knavesneeds:betterend/thallasium/rapier",
      "required": false
    },
    {
      "id": "knavesneeds:betternether/cincinnasite_diamond/rapier",
      "required": false
    },
    {
      "id": "knavesneeds:betternether/cincinnasite/rapier",
      "required": false
    },
    {
      "id": "knavesneeds:betternether/nether_ruby/rapier",
      "required": false
    },
    {
      "id": "knavesneeds:byg/pendorite/rapier",
      "required": false
    },
    {
      "id": "knavesneeds:deeperdarker/warden/rapier",
      "required": false
    },
    {
      "id": "knavesneeds:forbidden_arcanus/deorum/rapier",
      "required": false
    },
    {
      "id": "knavesneeds:forbidden_arcanus/draco_arcanus/rapier",
      "required": false
    },
    {
      "id": "knavesneeds:forbidden_arcanus/reinforced_deorum/rapier",
      "required": false
    },
    {
      "id": "knavesneeds:plus_the_end/endronium/rapier",
      "required": false
    },
    {
      "id": "knavesneeds:soulsweapons/translucent/rapier",
      "required": false
    },
    {
      "id": "knavesneeds:twilight_forest/fiery/rapier",
      "required": false
    },
    {
      "id": "knavesneeds:twilight_forest/ironwood/rapier",
      "required": false
    },
    {
      "id": "knavesneeds:twilight_forest/knightmetal/rapier",
      "required": false
    },
    {
      "id": "knavesneeds:twilight_forest/steeleaf/rapier",
      "required": false
    },
    {
      "id": "knavesneeds:undergarden/cloggrum/rapier",
      "required": false
    },
    {
      "id": "knavesneeds:undergarden/forgotten/rapier",
      "required": false
    },
    {
      "id": "knavesneeds:undergarden/froststeel/rapier",
      "required": false
    },
    {
      "id": "knavesneeds:undergarden/utherium/rapier",
      "required": false
    },
    {
      "id": "lookinsharp:diamond_shortsword",
      "required": false
    },
    {
      "id": "lookinsharp:golden_shortsword",
      "required": false
    },
    {
      "id": "lookinsharp:iron_shortsword",
      "required": false
    },
    {
      "id": "lookinsharp:netherite_shortsword",
      "required": false
    },
    {
      "id": "lookinsharp:stone_shortsword",
      "required": false
    },
    {
      "id": "lookinsharp:wooden_shortsword",
      "required": false
    },
    {
      "id": "medieval_craft_weapons:imperious",
      "required": false
    },
    {
      "id": "medieval_craft_weapons:rapier",
      "required": false
    },
    {
      "id": "simplyswords:bramblethorn",
      "required": false
    },
    {
      "id": "simplyswords:diamond_rapier",
      "required": false
    },
    {
      "id": "simplyswords:gobber_compat/gobber_end/gobber_end_rapier",
      "required": false
    },
    {
      "id": "simplyswords:gobber_compat/gobber_nether/gobber_nether_rapier",
      "required": false
    },
    {
      "id": "simplyswords:gobber_compat/gobber/gobber_rapier",
      "required": false
    },
    {
      "id": "simplyswords:gold_rapier",
      "required": false
    },
    {
      "id": "simplyswords:iron_rapier",
      "required": false
    },
    {
      "id": "simplyswords:netherite_rapier",
      "required": false
    },
    {
      "id": "simplyswords:runic_rapier",
      "required": false
    },
    {
      "id": "spartanweaponry:aluminum_rapier",
      "required": false
    },
    {
      "id": "spartanweaponry:bronze_rapier",
      "required": false
    },
    {
      "id": "spartanweaponry:constantan_rapier",
      "required": false
    },
    {
      "id": "spartanweaponry:copper_rapier",
      "required": false
    },
    {
      "id": "spartanweaponry:diamond_rapier",
      "required": false
    },
    {
      "id": "spartanweaponry:electrum_rapier",
      "required": false
    },
    {
      "id": "spartanweaponry:golden_rapier",
      "required": false
    },
    {
      "id": "spartanweaponry:invar_rapier",
      "required": false
    },
    {
      "id": "spartanweaponry:iron_rapier",
      "required": false
    },
    {
      "id": "spartanweaponry:lead_rapier",
      "required": false
    },
    {
      "id": "spartanweaponry:netherite_rapier",
      "required": false
    },
    {
      "id": "spartanweaponry:nickel_rapier",
      "required": false
    },
    {
      "id": "spartanweaponry:platinum_rapier",
      "required": false
    },
    {
      "id": "spartanweaponry:rapier_bronze",
      "required": false
    },
    {
      "id": "spartanweaponry:rapier_copper",
      "required": false
    },
    {
      "id": "spartanweaponry:rapier_diamond",
      "required": false
    },
    {
      "id": "spartanweaponry:rapier_electrum",
      "required": false
    },
    {
      "id": "spartanweaponry:rapier_gold",
      "required": false
    },
    {
      "id": "spartanweaponry:rapier_invar",
      "required": false
    },
    {
      "id": "spartanweaponry:rapier_iron",
      "required": false
    },
    {
      "id": "spartanweaponry:rapier_lead",
      "required": false
    },
    {
      "id": "spartanweaponry:rapier_netherite",
      "required": false
    },
    {
      "id": "spartanweaponry:rapier_nickel",
      "required": false
    },
    {
      "id": "spartanweaponry:rapier_platinum",
      "required": false
    },
    {
      "id": "spartanweaponry:rapier_silver",
      "required": false
    },
    {
      "id": "spartanweaponry:rapier_steel",
      "required": false
    },
    {
      "id": "spartanweaponry:rapier_stone",
      "required": false
    },
    {
      "id": "spartanweaponry:rapier_tin",
      "required": false
    },
    {
      "id": "spartanweaponry:rapier_wood",
      "required": false
    },
    {
      "id": "spartanweaponry:silver_rapier",
      "required": false
    },
    {
      "id": "spartanweaponry:steel_rapier",
      "required": false
    },
    {
      "id": "spartanweaponry:stone_rapier",
      "required": false
    },
    {
      "id": "spartanweaponry:tin_rapier",
      "required": false
    },
    {
      "id": "spartanweaponry:wooden_rapier",
      "required": false
    },
    {
      "id": "useless_sword:dripstone_rapier",
      "required": false
    },
    {
      "id": "useless_sword:ghast_sword",
      "required": false
    },
    {
      "id": "useless_sword:pesting_rapier",
      "required": false
    },
    {
      "id": "useless_sword:rotten_fish_rapier",
      "required": false
    },
    {
      "id": "vampirism:heart_seeker_enhanced",
      "required": false
    },
    {
      "id": "vampirism:heart_seeker_normal",
      "required": false
    },
    {
      "id": "vampirism:heart_seeker_ultimate",
      "required": false
    },
    {
      "id": "arsenal_core:diamond_smallsword",
      "required": false
    },
    {
      "id": "arsenal_core:golden_smallsword",
      "required": false
    },
    {
      "id": "arsenal_core:iron_smallsword",
      "required": false
    },
    {
      "id": "arsenal_core:netherite_smallsword",
      "required": false
    },
    {
      "id": "arsenal_core:stone_smallsword",
      "required": false
    },
    {
      "id": "arsenal_core:wooden_smallsword",
      "required": false
    },
    {
      "id": "celestisynth:aquaflora",
      "required": false
    },
    {
      "id": "dixtas_armory:diamond_stiletto",
      "required": false
    },
    {
      "id": "dixtas_armory:golden_stiletto",
      "required": false
    },
    {
      "id": "dixtas_armory:iron_stiletto",
      "required": false
    },
    {
      "id": "dixtas_armory:netherite_stiletto",
      "required": false
    },
    {
      "id": "dixtas_armory:stone_stiletto",
      "required": false
    },
    {
      "id": "dixtas_armory:wooden_stiletto",
      "required": false
    },
    {
      "id": "magistuarmory:bronze_estoc",
      "required": false
    },
    {
      "id": "magistuarmory:bronze_stylet",
      "required": false
    },
    {
      "id": "magistuarmory:copper_estoc",
      "required": false
    },
    {
      "id": "magistuarmory:copper_stylet",
      "required": false
    },
    {
      "id": "magistuarmory:diamond_estoc",
      "required": false
    },
    {
      "id": "magistuarmory:diamond_stylet",
      "required": false
    },
    {
      "id": "magistuarmory:gold_estoc",
      "required": false
    },
    {
      "id": "magistuarmory:gold_stylet",
      "required": false
    },
    {
      "id": "magistuarmory:iron_estoc",
      "required": false
    },
    {
      "id": "magistuarmory:iron_stylet",
      "required": false
    },
    {
      "id": "magistuarmory:netherite_estoc",
      "required": false
    },
    {
      "id": "magistuarmory:netherite_stylet",
      "required": false
    },
    {
      "id": "magistuarmory:silver_estoc",
      "required": false
    },
    {
      "id": "magistuarmory:silver_stylet",
      "required": false
    },
    {
      "id": "magistuarmory:steel_estoc",
      "required": false
    },
    {
      "id": "magistuarmory:steel_stylet",
      "required": false
    },
    {
      "id": "magistuarmory:stone_estoc",
      "required": false
    },
    {
      "id": "magistuarmory:stone_stylet",
      "required": false
    },
    {
      "id": "magistuarmory:tin_estoc",
      "required": false
    },
    {
      "id": "magistuarmory:tin_stylet",
      "required": false
    },
    {
      "id": "magistuarmory:wood_estoc",
      "required": false
    },
    {
      "id": "magistuarmory:wood_stylet",
      "required": false
    },
    {
      "id": "medieval_craft_weapons:estoc",
      "required": false
    },
    {
      "id": "miapi:modular_rapier",
      "required": false
    },
    {
      "id": "minestuck:barbers_best_friend",
      "required": false
    },
    {
      "id": "minestuck:bear_poking_stick",
      "required": false
    },
    {
      "id": "minestuck:candy_cane",
      "required": false
    },
    {
      "id": "minestuck:cane",
      "required": false
    },
    {
      "id": "minestuck:chancewyrms_extra_fortunate_stabbing_implement",
      "required": false
    },
    {
      "id": "minestuck:crowbar",
      "required": false
    },
    {
      "id": "minestuck:dragon_cane",
      "required": false
    },
    {
      "id": "minestuck:iron_cane",
      "required": false
    },
    {
      "id": "minestuck:less_proper_walking_stick",
      "required": false
    },
    {
      "id": "minestuck:less_proper_walking_stick_sheathed",
      "required": false
    },
    {
      "id": "minestuck:paradises_portabello",
      "required": false
    },
    {
      "id": "minestuck:pogo_cane",
      "required": false
    },
    {
      "id": "minestuck:prim_and_proper_walking_pole",
      "required": false
    },
    {
      "id": "minestuck:regi_cane",
      "required": false
    },
    {
      "id": "minestuck:rockefellers_walking_bladecane",
      "required": false
    },
    {
      "id": "minestuck:rockefellers_walking_bladecane_sheathed",
      "required": false
    },
    {
      "id": "minestuck:sharp_candy_cane",
      "required": false
    },
    {
      "id": "minestuck:spear_cane",
      "required": false
    },
    {
      "id": "minestuck:umbrella",
      "required": false
    },
    {
      "id": "minestuck:upper_crust_crust_cane",
      "required": false
    },
    {
      "id": "minestuck:vaudeville_hook",
      "required": false
    },
    {
      "id": "minestuck:zephyr_cane",
      "required": false
    },
    {
      "id": "monsterplus:gnawing_jaw",
      "required": false
    },
    {
      "id": "simplyswords:shadowsting",
      "required": false
    },
    {
      "id": "spore:rapier",
      "required": false
    }
  ]
}