{
  "replace": false,
  "values": [
    {
      "id": "ageofweapons:flame_thrower",
      "required": false
    },
    {
      "id": "ageofweapons:poison_thrower",
      "required": false
    },
    {
      "id": "ageofweapons:water_thrower",
      "required": false
    },
    {
      "id": "cyclic:laser_cannon",
      "required": false
    },
    {
      "id": "doom:doomed_gauss",
      "required": false
    },
    {
      "id": "doom:doomed_plasma_rifle",
      "required": false
    },
    {
      "id": "doom:doomed_shotgun",
      "required": false
    },
    {
      "id": "doom:shotgun",
      "required": false
    },
    {
      "id": "doom:supershotgun",
      "required": false
    },
    {
      "id": "epicsamurai:tanegashima",
      "required": false
    },
    {
      "id": "hwg:ak47",
      "required": false
    },
    {
      "id": "hwg:meanie_gun_1",
      "required": false
    },
    {
      "id": "hwg:meanie_gun_2",
      "required": false
    },
    {
      "id": "hwg:shotgun",
      "required": false
    },
    {
      "id": "hwg:smg",
      "required": false
    },
    {
      "id": "hwg:sniper_rifle",
      "required": false
    },
    {
      "id": "hwg:tommy_gun",
      "required": false
    },
    {
      "id": "laendli_transport:carbine_2",
      "required": false
    },
    {
      "id": "laendli_transport:handgun_3test",
      "required": false
    },
    {
      "id": "laendli_transport:handgun_4test",
      "required": false
    },
    {
      "id": "laendli_transport:handgun_5",
      "required": false
    },
    {
      "id": "laendli_transport:rifle",
      "required": false
    },
    {
      "id": "medieval_craft_weapons:musket",
      "required": false
    },
    {
      "id": "medieval_craft_weapons:musketwith_bayonet",
      "required": false
    },
    {
      "id": "mialliance:infermium_flamethrower",
      "required": false
    },
    {
      "id": "mialliance:miridium_rifle",
      "required": false
    },
    {
      "id": "mininggadgets:mininggadget",
      "required": false
    },
    {
      "id": "mininggadgets:mininggadget_fancy",
      "required": false
    },
    {
      "id": "mininggadgets:mininggadget_simple",
      "required": false
    },
    {
      "id": "more_ranged_items:arquebus",
      "required": false
    },
    {
      "id": "more_ranged_items:blunderbuss",
      "required": false
    },
    {
      "id": "more_ranged_items:enhanced_arquebus",
      "required": false
    },
    {
      "id": "more_ranged_items:enhanced_blunderbuss",
      "required": false
    },
    {
      "id": "more_ranged_items:high_quality_arquebus",
      "required": false
    },
    {
      "id": "more_ranged_items:high_quality_blunderbuss",
      "required": false
    },
    {
      "id": "simple_guns_reworked:assault_rifle",
      "required": false
    },
    {
      "id": "simple_guns_reworked:dmr",
      "required": false
    },
    {
      "id": "simple_guns_reworked:double_barrel_shotgun",
      "required": false
    },
    {
      "id": "simple_guns_reworked:flame_thrower",
      "required": false
    },
    {
      "id": "simple_guns_reworked:heavy_sniper",
      "required": false
    },
    {
      "id": "simple_guns_reworked:shotgun",
      "required": false
    },
    {
      "id": "simple_guns_reworked:sniper",
      "required": false
    },
    {
      "id": "simple_guns_reworked:tommy_gun",
      "required": false
    },
    {
      "id": "biomancy:withershot",
      "required": false
    },
    {
      "id": "gnumus:vintage_rifle",
      "required": false
    },
    {
      "id": "gunswithoutroses:diamond_shotgun",
      "required": false
    },
    {
      "id": "gunswithoutroses:diamond_sniper",
      "required": false
    },
    {
      "id": "meetyourfight:cocktail_shotgun",
      "required": false
    },
    {
      "id": "meetyourfight:phantasmal_rifle",
      "required": false
    },
    {
      "id": "mod_lavacow:war",
      "required": false
    },
    {
      "id": "musketmod:musket",
      "required": false
    },
    {
      "id": "musketmod:musket_with_bayonet",
      "required": false
    }
  ]
}