{
  "replace": false,
  "values": [
    {
      "id": "blue_skies:aquite/sai",
      "required": false
    },
    {
      "id": "blue_skies:bluebright_wood/sai",
      "required": false
    },
    {
      "id": "blue_skies:charoite/sai",
      "required": false
    },
    {
      "id": "blue_skies:cherry_wood/sai",
      "required": false
    },
    {
      "id": "blue_skies:diopside/sai",
      "required": false
    },
    {
      "id": "blue_skies:dusk_wood/sai",
      "required": false
    },
    {
      "id": "blue_skies:frostbright_wood/sai",
      "required": false
    },
    {
      "id": "blue_skies:horizonite/sai",
      "required": false
    },
    {
      "id": "blue_skies:lunar_stone/sai",
      "required": false
    },
    {
      "id": "blue_skies:lunar_wood/sai",
      "required": false
    },
    {
      "id": "blue_skies:maple_wood/sai",
      "required": false
    },
    {
      "id": "blue_skies:pyrope/sai",
      "required": false
    },
    {
      "id": "blue_skies:starlit_wood/sai",
      "required": false
    },
    {
      "id": "blue_skies:turquoise_stone/sai",
      "required": false
    },
    {
      "id": "epicsamurai:sai",
      "required": false
    },
    {
      "id": "epicsamurai:sai_netherite",
      "required": false
    },
    {
      "id": "joels_randoms_mod:red_ninja_dagger",
      "required": false
    },
    {
      "id": "knavesneeds:betterend/aeternium/sai",
      "required": false
    },
    {
      "id": "knavesneeds:betterend/terminite/sai",
      "required": false
    },
    {
      "id": "knavesneeds:betterend/thallasium/sai",
      "required": false
    },
    {
      "id": "knavesneeds:betternether/cincinnasite_diamond/sai",
      "required": false
    },
    {
      "id": "knavesneeds:betternether/cincinnasite/sai",
      "required": false
    },
    {
      "id": "knavesneeds:betternether/nether_ruby/sai",
      "required": false
    },
    {
      "id": "knavesneeds:byg/pendorite/sai",
      "required": false
    },
    {
      "id": "knavesneeds:deeperdarker/warden/sai",
      "required": false
    },
    {
      "id": "knavesneeds:forbidden_arcanus/deorum/sai",
      "required": false
    },
    {
      "id": "knavesneeds:forbidden_arcanus/draco_arcanus/sai",
      "required": false
    },
    {
      "id": "knavesneeds:forbidden_arcanus/reinforced_deorum/sai",
      "required": false
    },
    {
      "id": "knavesneeds:plus_the_end/endronium/sai",
      "required": false
    },
    {
      "id": "knavesneeds:soulsweapons/translucent/sai",
      "required": false
    },
    {
      "id": "knavesneeds:twilight_forest/fiery/sai",
      "required": false
    },
    {
      "id": "knavesneeds:twilight_forest/ironwood/sai",
      "required": false
    },
    {
      "id": "knavesneeds:twilight_forest/knightmetal/sai",
      "required": false
    },
    {
      "id": "knavesneeds:twilight_forest/steeleaf/sai",
      "required": false
    },
    {
      "id": "knavesneeds:undergarden/cloggrum/sai",
      "required": false
    },
    {
      "id": "knavesneeds:undergarden/forgotten/sai",
      "required": false
    },
    {
      "id": "knavesneeds:undergarden/froststeel/sai",
      "required": false
    },
    {
      "id": "knavesneeds:undergarden/utherium/sai",
      "required": false
    },
    {
      "id": "medieval_craft_weapons:sai_dagger",
      "required": false
    },
    {
      "id": "simplyswords:diamond_sai",
      "required": false
    },
    {
      "id": "simplyswords:gobber_compat/gobber_end/gobber_end_sai",
      "required": false
    },
    {
      "id": "simplyswords:gobber_compat/gobber_nether/gobber_nether_sai",
      "required": false
    },
    {
      "id": "simplyswords:gobber_compat/gobber/gobber_sai",
      "required": false
    },
    {
      "id": "simplyswords:gold_sai",
      "required": false
    },
    {
      "id": "simplyswords:iron_sai",
      "required": false
    },
    {
      "id": "simplyswords:netherite_sai",
      "required": false
    },
    {
      "id": "simplyswords:runic_sai",
      "required": false
    },
    {
      "id": "mgrr:dystopia",
      "required": false
    }
  ]
}