{
  "replace": false,
  "values": [
    {
      "id": "aether_redux:infused_veridium_shovel",
      "required": false
    },
    {
      "id": "aether_redux:veridium_shovel",
      "required": false
    },
    {
      "id": "aether:gravitite_shovel",
      "required": false
    },
    {
      "id": "aether:holystone_shovel",
      "required": false
    },
    {
      "id": "aether:skyroot_shovel",
      "required": false
    },
    {
      "id": "aether:valkyrie_shovel",
      "required": false
    },
    {
      "id": "aether:zanite_shovel",
      "required": false
    },
    {
      "id": "alloyed:steel_shovel",
      "required": false
    },
    {
      "id": "aquaculture:neptunium_shovel",
      "required": false
    },
    {
      "id": "astral:phantasmal_shovel",
      "required": false
    },
    {
      "id": "betterendforge:aeternium_shovel",
      "required": false
    },
    {
      "id": "betterendforge:terminite_shovel",
      "required": false
    },
    {
      "id": "betterendforge:thallasium_shovel",
      "required": false
    },
    {
      "id": "betternether:cincinnasite_shovel",
      "required": false
    },
    {
      "id": "betternether:cincinnasite_shovel_diamond",
      "required": false
    },
    {
      "id": "betternether:nether_ruby_shovel",
      "required": false
    },
    {
      "id": "biomancy:fleshborn_shovel",
      "required": false
    },
    {
      "id": "bloodmagic:soulshovel",
      "required": false
    },
    {
      "id": "blue_skies:aquite_shovel",
      "required": false
    },
    {
      "id": "blue_skies:bluebright_shovel",
      "required": false
    },
    {
      "id": "blue_skies:charoite_shovel",
      "required": false
    },
    {
      "id": "blue_skies:cherry_shovel",
      "required": false
    },
    {
      "id": "blue_skies:diopside_shovel",
      "required": false
    },
    {
      "id": "blue_skies:dusk_shovel",
      "required": false
    },
    {
      "id": "blue_skies:frostbright_shovel",
      "required": false
    },
    {
      "id": "blue_skies:horizonite_shovel",
      "required": false
    },
    {
      "id": "blue_skies:lunar_shovel",
      "required": false
    },
    {
      "id": "blue_skies:lunar_stone_shovel",
      "required": false
    },
    {
      "id": "blue_skies:maple_shovel",
      "required": false
    },
    {
      "id": "blue_skies:pyrope_shovel",
      "required": false
    },
    {
      "id": "blue_skies:starlit_shovel",
      "required": false
    },
    {
      "id": "blue_skies:turquoise_stone_shovel",
      "required": false
    },
    {
      "id": "byg:pendorite_shovel",
      "required": false
    },
    {
      "id": "cataclysm_weaponery:ignitium_shovel",
      "required": false
    },
    {
      "id": "create_sa:blazing_shovel",
      "required": false
    },
    {
      "id": "create_sa:brass_shovel",
      "required": false
    },
    {
      "id": "create_sa:copper_shovel",
      "required": false
    },
    {
      "id": "create_sa:experience_shovel",
      "required": false
    },
    {
      "id": "create_sa:rose_quartz_shovel",
      "required": false
    },
    {
      "id": "create_sa:zinc_shovel",
      "required": false
    },
    {
      "id": "cyclic:amethyst_shovel",
      "required": false
    },
    {
      "id": "cyclic:copper_shovel",
      "required": false
    },
    {
      "id": "cyclic:crystal_shovel",
      "required": false
    },
    {
      "id": "cyclic:emerald_shovel",
      "required": false
    },
    {
      "id": "cyclic:netherbrick_shovel",
      "required": false
    },
    {
      "id": "cyclic:sandstone_shovel",
      "required": false
    },
    {
      "id": "deep_aether:skyjade_shovel",
      "required": false
    },
    {
      "id": "deep_aether:stratus_shovel",
      "required": false
    },
    {
      "id": "deeperdarker:warden_shovel",
      "required": false
    },
    {
      "id": "descension:cosmite_shovel",
      "required": false
    },
    {
      "id": "doom:argent_shovel",
      "required": false
    },
    {
      "id": "druidcraft:bone_shovel",
      "required": false
    },
    {
      "id": "druidcraft:moonstone_shovel",
      "required": false
    },
    {
      "id": "eidolon:silver_shovel",
      "required": false
    },
    {
      "id": "embers:dawnstone_shovel",
      "required": false
    },
    {
      "id": "embers:lead_shovel",
      "required": false
    },
    {
      "id": "embers:silver_shovel",
      "required": false
    },
    {
      "id": "endrem:end_crystal_shovel",
      "required": false
    },
    {
      "id": "enigmaticlegacy:etherium_shovel",
      "required": false
    },
    {
      "id": "epicpaladins:arclight_shovel",
      "required": false
    },
    {
      "id": "epicpaladins:bloodstone_shovel",
      "required": false
    },
    {
      "id": "epicpaladins:cryorium_shovel",
      "required": false
    },
    {
      "id": "epicpaladins:jade_shovel",
      "required": false
    },
    {
      "id": "epicpaladins:moonlight_shovel",
      "required": false
    },
    {
      "id": "epicpaladins:sculk_shovel",
      "required": false
    },
    {
      "id": "forbidden_arcanus:draco_arcanus_shovel",
      "required": false
    },
    {
      "id": "forbidden_arcanus:reinforced_deorum_shovel",
      "required": false
    },
    {
      "id": "gem_infusion:foolsgold_shovel",
      "required": false
    },
    {
      "id": "gem_infusion:mithril_shovel",
      "required": false
    },
    {
      "id": "gem_infusion:osmium_shovel",
      "required": false
    },
    {
      "id": "gem_infusion:testweapon",
      "required": false
    },
    {
      "id": "gobber2:gobber2_excavator",
      "required": false
    },
    {
      "id": "gobber2:gobber2_excavator_end",
      "required": false
    },
    {
      "id": "gobber2:gobber2_excavator_nether",
      "required": false
    },
    {
      "id": "gobber2:gobber2_shovel",
      "required": false
    },
    {
      "id": "gobber2:gobber2_shovel_end",
      "required": false
    },
    {
      "id": "gobber2:gobber2_shovel_nether",
      "required": false
    },
    {
      "id": "goety:dark_shovel",
      "required": false
    },
    {
      "id": "goety:graverobber_shovel",
      "required": false
    },
    {
      "id": "grimreaper:spectral_shovel",
      "required": false
    },
    {
      "id": "ic2:tool_shovel_aluminium",
      "required": false
    },
    {
      "id": "ic2:tool_shovel_bronze",
      "required": false
    },
    {
      "id": "iceandfire:copper_shovel",
      "required": false
    },
    {
      "id": "iceandfire:dragonbone_shovel",
      "required": false
    },
    {
      "id": "iceandfire:dragonsteel_fire_shovel",
      "required": false
    },
    {
      "id": "iceandfire:dragonsteel_ice_shovel",
      "required": false
    },
    {
      "id": "iceandfire:dragonsteel_lightning_shovel",
      "required": false
    },
    {
      "id": "iceandfire:myrmex_desert_shovel",
      "required": false
    },
    {
      "id": "iceandfire:myrmex_jungle_shovel",
      "required": false
    },
    {
      "id": "iceandfire:silver_shovel",
      "required": false
    },
    {
      "id": "illagerrevolutionmod:illagium_shovel",
      "required": false
    },
    {
      "id": "immersiveengineering:shovel_steel",
      "required": false
    },
    {
      "id": "joels_randoms_mod:worker_shovel_spear",
      "required": false
    },
    {
      "id": "kobolds:kobold_shovel",
      "required": false
    },
    {
      "id": "l2complements:eternium_shovel",
      "required": false
    },
    {
      "id": "l2complements:poseidite_shovel",
      "required": false
    },
    {
      "id": "l2complements:sculkium_shovel",
      "required": false
    },
    {
      "id": "l2complements:shulkerate_shovel",
      "required": false
    },
    {
      "id": "l2complements:totemic_gold_shovel",
      "required": false
    },
    {
      "id": "lost_aether_content:phoenix_shovel",
      "required": false
    },
    {
      "id": "majruszsdifficulty:enderium_shovel",
      "required": false
    },
    {
      "id": "material_elements_armor_tools_weapons:copper_shovel",
      "required": false
    },
    {
      "id": "material_elements_armor_tools_weapons:steel_shovel",
      "required": false
    },
    {
      "id": "mialliance:miridium_shovel",
      "required": false
    },
    {
      "id": "mialliance:mistrum_shovel",
      "required": false
    },
    {
      "id": "minecraft:diamond_shovel",
      "required": false
    },
    {
      "id": "minecraft:golden_shovel",
      "required": false
    },
    {
      "id": "minecraft:iron_shovel",
      "required": false
    },
    {
      "id": "minecraft:netherite_shovel",
      "required": false
    },
    {
      "id": "minecraft:stone_shovel",
      "required": false
    },
    {
      "id": "minecraft:wooden_shovel",
      "required": false
    },
    {
      "id": "minestuck:emerald_shovel",
      "required": false
    },
    {
      "id": "mod_lavacow:undertaker_shovel",
      "required": false
    },
    {
      "id": "mysticalworld:cactus_shovel",
      "required": false
    },
    {
      "id": "mysticalworld:copper_shovel",
      "required": false
    },
    {
      "id": "mysticalworld:lead_shovel",
      "required": false
    },
    {
      "id": "mysticalworld:quicksilver_shovel",
      "required": false
    },
    {
      "id": "mysticalworld:sapphire_shovel",
      "required": false
    },
    {
      "id": "mysticalworld:silver_shovel",
      "required": false
    },
    {
      "id": "mysticalworld:silver_shovel",
      "required": false
    },
    {
      "id": "mysticalworld:tin_shovel",
      "required": false
    },
    {
      "id": "nethers_exoticism:kiwano_shovel",
      "required": false
    },
    {
      "id": "ogres:ogre_shovel",
      "required": false
    },
    {
      "id": "primalmagick:hallowsteel_shovel",
      "required": false
    },
    {
      "id": "primalmagick:hexium_shovel",
      "required": false
    },
    {
      "id": "primalmagick:primal_shovel",
      "required": false
    },
    {
      "id": "primalmagick:primalite_shovel",
      "required": false
    },
    {
      "id": "rats:ratlantis_shovel",
      "required": false
    },
    {
      "id": "rootsclassic:living_shovel",
      "required": false
    },
    {
      "id": "rpgsmw:miphrilshowel",
      "required": false
    },
    {
      "id": "rpgsmw:steelshowel",
      "required": false
    },
    {
      "id": "silentgear:excavator",
      "required": false
    },
    {
      "id": "silentgear:shovel",
      "required": false
    },
    {
      "id": "simple_weapons:electrum_shovel",
      "required": false
    },
    {
      "id": "simple_weapons:fiery_shovel",
      "required": false
    },
    {
      "id": "simplytools:diamond_excavator",
      "required": false
    },
    {
      "id": "simplytools:golden_excavator",
      "required": false
    },
    {
      "id": "simplytools:iron_excavator",
      "required": false
    },
    {
      "id": "simplytools:netherite_excavator",
      "required": false
    },
    {
      "id": "simplytools:stone_excavator",
      "required": false
    },
    {
      "id": "simplytools:wooden_excavator",
      "required": false
    },
    {
      "id": "sons_of_sins:osseous_shovel",
      "required": false
    },
    {
      "id": "sons_of_sins:sinful_shovel",
      "required": false
    },
    {
      "id": "spirit:soul_steel_shovel",
      "required": false
    },
    {
      "id": "spore:combat_shovel",
      "required": false
    },
    {
      "id": "stalwart_dungeons:chorundum_shovel",
      "required": false
    },
    {
      "id": "stalwart_dungeons:tungsten_shovel",
      "required": false
    },
    {
      "id": "theabyss:aberythe_shovel",
      "required": false
    },
    {
      "id": "theabyss:fusion_shovel",
      "required": false
    },
    {
      "id": "theabyss:garnite_shovel",
      "required": false
    },
    {
      "id": "theabyss:incorythe_shovel",
      "required": false
    },
    {
      "id": "theabyss:knight_shovel",
      "required": false
    },
    {
      "id": "theabyss:phantom_shovel",
      "required": false
    },
    {
      "id": "theabyss:unorithe_shovel",
      "required": false
    },
    {
      "id": "tropicraft:eudialyte_shovel",
      "required": false
    },
    {
      "id": "tropicraft:zircon_shovel",
      "required": false
    },
    {
      "id": "tropicraft:zirconium_shovel",
      "required": false
    },
    {
      "id": "twilightforest:ironwood_shovel",
      "required": false
    },
    {
      "id": "twilightforest:steeleaf_shovel",
      "required": false
    },
    {
      "id": "underground_jungle:temple_shovel",
      "required": false
    },
    {
      "id": "werewolves:silver_shovel",
      "required": false
    },
    {
      "id": "wyrmroost:blue_geode_shovel",
      "required": false
    },
    {
      "id": "wyrmroost:platinum_shovel",
      "required": false
    },
    {
      "id": "wyrmroost:purple_geode_shovel",
      "required": false
    },
    {
      "id": "wyrmroost:red_geode_shovel",
      "required": false
    },
    {
      "id": "voidscape:astral_shovel",
      "required": false
    },
    {
      "id": "celestial_artifacts:earth_shovel",
      "required": false
    },
    {
      "id": "dungeons_mobs:wooden_ladle",
      "required": false
    },
    {
      "id": "miapi:modular_shovel",
      "required": false
    },
    {
      "id": "minestuck:throngler",
      "required": false
    },
    {
      "id": "pizzacraft:diamond_pizza_peel",
      "required": false
    },
    {
      "id": "pizzacraft:golden_pizza_peel",
      "required": false
    },
    {
      "id": "pizzacraft:iron_pizza_peel",
      "required": false
    },
    {
      "id": "pizzacraft:netherite_pizza_peel",
      "required": false
    },
    {
      "id": "pizzacraft:stone_pizza_peel",
      "required": false
    }
  ]
}