{
  "replace": false,
  "values": [
    {
      "id": "alexs_armoury:diamond_sickle",
      "required": false
    },
    {
      "id": "alexs_armoury:golden_sickle",
      "required": false
    },
    {
      "id": "alexs_armoury:iron_sickle",
      "required": false
    },
    {
      "id": "alexs_armoury:netherite_sickle",
      "required": false
    },
    {
      "id": "atum:nuits_ire",
      "required": false
    },
    {
      "id": "atum:nuits_quarter",
      "required": false
    },
    {
      "id": "biomancy:despoil_sickle",
      "required": false
    },
    {
      "id": "divine_weaponry:cernunnos_sickle",
      "required": false
    },
    {
      "id": "divine_weaponry:diamond_sickle",
      "required": false
    },
    {
      "id": "divine_weaponry:golden_sickle",
      "required": false
    },
    {
      "id": "divine_weaponry:iron_sickle",
      "required": false
    },
    {
      "id": "divine_weaponry:netherite_sickle",
      "required": false
    },
    {
      "id": "divine_weaponry:stone_sickle",
      "required": false
    },
    {
      "id": "divine_weaponry:wooden_sickle",
      "required": false
    },
    {
      "id": "doggytalents:sussy_sickle",
      "required": false
    },
    {
      "id": "dungeons_gear:nightmares_bite",
      "required": false
    },
    {
      "id": "dungeons_gear:sickle",
      "required": false
    },
    {
      "id": "dungeons_gear:the_last_laugh",
      "required": false
    },
    {
      "id": "epicsamurai:kama",
      "required": false
    },
    {
      "id": "epicsamurai:kama_netherite",
      "required": false
    },
    {
      "id": "expanded_combat:acacia_plank_sickle",
      "required": false
    },
    {
      "id": "expanded_combat:bamboo_plank_sickle",
      "required": false
    },
    {
      "id": "expanded_combat:birch_plank_sickle",
      "required": false
    },
    {
      "id": "expanded_combat:cherry_plank_sickle",
      "required": false
    },
    {
      "id": "expanded_combat:crimson_plank_sickle",
      "required": false
    },
    {
      "id": "expanded_combat:dark_oak_plank_sickle",
      "required": false
    },
    {
      "id": "expanded_combat:diamond_sickle",
      "required": false
    },
    {
      "id": "expanded_combat:gold_sickle",
      "required": false
    },
    {
      "id": "expanded_combat:iron_sickle",
      "required": false
    },
    {
      "id": "expanded_combat:jungle_plank_sickle",
      "required": false
    },
    {
      "id": "expanded_combat:mangrove_plank_sickle",
      "required": false
    },
    {
      "id": "expanded_combat:netherite_sickle",
      "required": false
    },
    {
      "id": "expanded_combat:oak_plank_sickle",
      "required": false
    },
    {
      "id": "expanded_combat:spruce_plank_sickle",
      "required": false
    },
    {
      "id": "expanded_combat:stone_sickle",
      "required": false
    },
    {
      "id": "expanded_combat:warped_plank_sickle",
      "required": false
    },
    {
      "id": "immersive_weathering:ice_sickle",
      "required": false
    },
    {
      "id": "joels_randoms_mod:inverted_sickle",
      "required": false
    },
    {
      "id": "joels_randoms_mod:ninja_slayer_sickle",
      "required": false
    },
    {
      "id": "minestuck:bisickle",
      "required": false
    },
    {
      "id": "minestuck:candy_sickle",
      "required": false
    },
    {
      "id": "minestuck:claw_sickle",
      "required": false
    },
    {
      "id": "minestuck:fudgesickle",
      "required": false
    },
    {
      "id": "minestuck:hemeoreaper",
      "required": false
    },
    {
      "id": "minestuck:hereticus_aururm",
      "required": false
    },
    {
      "id": "minestuck:homes_smell_ya_later",
      "required": false
    },
    {
      "id": "minestuck:ow_the_edge",
      "required": false
    },
    {
      "id": "minestuck:regisickle",
      "required": false
    },
    {
      "id": "minestuck:sickle",
      "required": false
    },
    {
      "id": "minestuck:thorny_subject",
      "required": false
    },
    {
      "id": "mobs_of_sins:rattle_sickle_of_struggle",
      "required": false
    },
    {
      "id": "mobs_of_sins:soul_sickle_of_struggle",
      "required": false
    },
    {
      "id": "rpgsmw:copper_sickle",
      "required": false
    },
    {
      "id": "rpgsmw:diamond_sickle",
      "required": false
    },
    {
      "id": "rpgsmw:iron_sickle",
      "required": false
    },
    {
      "id": "rpgsmw:miphril_sickle",
      "required": false
    },
    {
      "id": "rpgsmw:netherite_sickle",
      "required": false
    },
    {
      "id": "rpgsmw:steel_sickle",
      "required": false
    },
    {
      "id": "silentgear:sickle",
      "required": false
    },
    {
      "id": "simple_weapons:adamantite_sickle",
      "required": false
    },
    {
      "id": "simple_weapons:corinthium_sickle",
      "required": false
    },
    {
      "id": "simple_weapons:diamond_sickle",
      "required": false
    },
    {
      "id": "simple_weapons:electrum_sickle",
      "required": false
    },
    {
      "id": "simple_weapons:fiery_sickle",
      "required": false
    },
    {
      "id": "simple_weapons:iron_sickle",
      "required": false
    },
    {
      "id": "simple_weapons:ironwood_sickle",
      "required": false
    },
    {
      "id": "simple_weapons:knightmetal_sickle",
      "required": false
    },
    {
      "id": "simple_weapons:netherite_sickle",
      "required": false
    },
    {
      "id": "simple_weapons:pendorite_sickle",
      "required": false
    },
    {
      "id": "simple_weapons:steeleaf_sickle",
      "required": false
    },
    {
      "id": "simple_weapons:stone_sickle",
      "required": false
    },
    {
      "id": "simple_weapons:warden_sickle",
      "required": false
    },
    {
      "id": "sons_of_sins:sickle_of_struggle",
      "required": false
    },
    {
      "id": "soul_like_armors_reworked:sickle",
      "required": false
    },
    {
      "id": "miapi:modular_sickle",
      "required": false
    },
    {
      "id": "minestuck:claw_of_nrubyiglith",
      "required": false
    },
    {
      "id": "spore:sickle",
      "required": false
    }
  ]
}