{
  "replace": false,
  "values": [
    {
      "id": "ageofweapons:spear_diamond",
      "required": false
    },
    {
      "id": "ageofweapons:spear_gold",
      "required": false
    },
    {
      "id": "ageofweapons:spear_iron",
      "required": false
    },
    {
      "id": "ageofweapons:spear_netherite",
      "required": false
    },
    {
      "id": "ageofweapons:spear_stone",
      "required": false
    },
    {
      "id": "ageofweapons:spear_wood",
      "required": false
    },
    {
      "id": "alexscaves:limestone_spear",
      "required": false
    },
    {
      "id": "arthys_rpg_arms:wraithreach",
      "required": false
    },
    {
      "id": "atum:tefnuts_call",
      "required": false
    },
    {
      "id": "basicweapons:diamond_spear",
      "required": false
    },
    {
      "id": "basicweapons:golden_spear",
      "required": false
    },
    {
      "id": "basicweapons:iron_spear",
      "required": false
    },
    {
      "id": "basicweapons:netherite_spear",
      "required": false
    },
    {
      "id": "basicweapons:stone_spear",
      "required": false
    },
    {
      "id": "basicweapons:wooden_spear",
      "required": false
    },
    {
      "id": "blue_skies:aquite/spear",
      "required": false
    },
    {
      "id": "blue_skies:bluebright_wood/spear",
      "required": false
    },
    {
      "id": "blue_skies:charoite/spear",
      "required": false
    },
    {
      "id": "blue_skies:cherry_wood/spear",
      "required": false
    },
    {
      "id": "blue_skies:diopside/spear",
      "required": false
    },
    {
      "id": "blue_skies:dusk_wood/spear",
      "required": false
    },
    {
      "id": "blue_skies:frostbright_wood/spear",
      "required": false
    },
    {
      "id": "blue_skies:horizonite/spear",
      "required": false
    },
    {
      "id": "blue_skies:lunar_stone/spear",
      "required": false
    },
    {
      "id": "blue_skies:lunar_wood/spear",
      "required": false
    },
    {
      "id": "blue_skies:maple_wood/spear",
      "required": false
    },
    {
      "id": "blue_skies:pyrope/spear",
      "required": false
    },
    {
      "id": "blue_skies:starlit_wood/spear",
      "required": false
    },
    {
      "id": "blue_skies:turquoise_stone/spear",
      "required": false
    },
    {
      "id": "darkersouls:dragonslayer_spear",
      "required": false
    },
    {
      "id": "darkersouls:dragonslayer_swordspear",
      "required": false
    },
    {
      "id": "descension:cosmite_spear",
      "required": false
    },
    {
      "id": "descension:diamond_spear",
      "required": false
    },
    {
      "id": "descension:golden_spear",
      "required": false
    },
    {
      "id": "descension:iron_spear",
      "required": false
    },
    {
      "id": "descension:netherite_spear",
      "required": false
    },
    {
      "id": "descension:stone_spear",
      "required": false
    },
    {
      "id": "descension:wooden_spear",
      "required": false
    },
    {
      "id": "divine_weaponry:diamond_spear",
      "required": false
    },
    {
      "id": "divine_weaponry:golden_spear",
      "required": false
    },
    {
      "id": "divine_weaponry:iron_spear",
      "required": false
    },
    {
      "id": "divine_weaponry:netherite_spear",
      "required": false
    },
    {
      "id": "divine_weaponry:om_spear",
      "required": false
    },
    {
      "id": "divine_weaponry:stone_spear",
      "required": false
    },
    {
      "id": "divine_weaponry:wooden_spear",
      "required": false
    },
    {
      "id": "dungeons_gear:fortune_spear",
      "required": false
    },
    {
      "id": "dungeons_gear:spear",
      "required": false
    },
    {
      "id": "dungeons_gear:whispering_spear",
      "required": false
    },
    {
      "id": "epicempires:roman_spear",
      "required": false
    },
    {
      "id": "epicfight:diamond_spear",
      "required": false
    },
    {
      "id": "epicfight:gold_spear",
      "required": false
    },
    {
      "id": "epicfight:golden_spear",
      "required": false
    },
    {
      "id": "epicfight:iron_spear",
      "required": false
    },
    {
      "id": "epicfight:netherite_spear",
      "required": false
    },
    {
      "id": "epicfight:stone_spear",
      "required": false
    },
    {
      "id": "epicsamurai:kamayari",
      "required": false
    },
    {
      "id": "epicsamurai:kamayari_netherite",
      "required": false
    },
    {
      "id": "epicsamurai:naginata",
      "required": false
    },
    {
      "id": "greekfantasy:bident",
      "required": false
    },
    {
      "id": "greekfantasy:iron_spear",
      "required": false
    },
    {
      "id": "greekfantasy:stone_spear",
      "required": false
    },
    {
      "id": "greekfantasy:wooden_spear",
      "required": false
    },
    {
      "id": "hmag:iron_spear",
      "required": false
    },
    {
      "id": "illager_additions:spear",
      "required": false
    },
    {
      "id": "joels_randoms_mod:scrap_spear",
      "required": false
    },
    {
      "id": "knavesneeds:betterend/aeternium/spear",
      "required": false
    },
    {
      "id": "knavesneeds:betterend/terminite/spear",
      "required": false
    },
    {
      "id": "knavesneeds:betterend/thallasium/spear",
      "required": false
    },
    {
      "id": "knavesneeds:betternether/cincinnasite_diamond/spear",
      "required": false
    },
    {
      "id": "knavesneeds:betternether/cincinnasite/spear",
      "required": false
    },
    {
      "id": "knavesneeds:betternether/nether_ruby/spear",
      "required": false
    },
    {
      "id": "knavesneeds:byg/pendorite/spear",
      "required": false
    },
    {
      "id": "knavesneeds:deeperdarker/warden/spear",
      "required": false
    },
    {
      "id": "knavesneeds:forbidden_arcanus/deorum/spear",
      "required": false
    },
    {
      "id": "knavesneeds:forbidden_arcanus/draco_arcanus/spear",
      "required": false
    },
    {
      "id": "knavesneeds:forbidden_arcanus/reinforced_deorum/spear",
      "required": false
    },
    {
      "id": "knavesneeds:plus_the_end/endronium/spear",
      "required": false
    },
    {
      "id": "knavesneeds:soulsweapons/translucent/spear",
      "required": false
    },
    {
      "id": "knavesneeds:twilight_forest/fiery/spear",
      "required": false
    },
    {
      "id": "knavesneeds:twilight_forest/ironwood/spear",
      "required": false
    },
    {
      "id": "knavesneeds:twilight_forest/knightmetal/spear",
      "required": false
    },
    {
      "id": "knavesneeds:twilight_forest/steeleaf/spear",
      "required": false
    },
    {
      "id": "knavesneeds:undergarden/cloggrum/spear",
      "required": false
    },
    {
      "id": "knavesneeds:undergarden/forgotten/spear",
      "required": false
    },
    {
      "id": "knavesneeds:undergarden/froststeel/spear",
      "required": false
    },
    {
      "id": "knavesneeds:undergarden/utherium/spear",
      "required": false
    },
    {
      "id": "magistuarmory:bronze_ahlspiess",
      "required": false
    },
    {
      "id": "magistuarmory:copper_ahlspiess",
      "required": false
    },
    {
      "id": "magistuarmory:diamond_ahlspiess",
      "required": false
    },
    {
      "id": "magistuarmory:gold_ahlspiess",
      "required": false
    },
    {
      "id": "magistuarmory:iron_ahlspiess",
      "required": false
    },
    {
      "id": "magistuarmory:netherite_ahlspiess",
      "required": false
    },
    {
      "id": "magistuarmory:silver_ahlspiess",
      "required": false
    },
    {
      "id": "magistuarmory:steel_ahlspiess",
      "required": false
    },
    {
      "id": "magistuarmory:stone_ahlspiess",
      "required": false
    },
    {
      "id": "magistuarmory:tin_ahlspiess",
      "required": false
    },
    {
      "id": "magistuarmory:wood_ahlspiess",
      "required": false
    },
    {
      "id": "medieval_craft_weapons:spear_1",
      "required": false
    },
    {
      "id": "medieval_craft_weapons:spear_2",
      "required": false
    },
    {
      "id": "mialliance:miridium_spear",
      "required": false
    },
    {
      "id": "mialliance:mistrum_spear",
      "required": false
    },
    {
      "id": "mowziesmobs:spear",
      "required": false
    },
    {
      "id": "mysticalworld:cactus_spear",
      "required": false
    },
    {
      "id": "mysticalworld:copper_spear",
      "required": false
    },
    {
      "id": "mysticalworld:diamond_spear",
      "required": false
    },
    {
      "id": "mysticalworld:gold_spear",
      "required": false
    },
    {
      "id": "mysticalworld:iron_spear",
      "required": false
    },
    {
      "id": "mysticalworld:lead_spear",
      "required": false
    },
    {
      "id": "mysticalworld:quicksilver_spear",
      "required": false
    },
    {
      "id": "mysticalworld:sapphire_spear",
      "required": false
    },
    {
      "id": "mysticalworld:silver_spear",
      "required": false
    },
    {
      "id": "mysticalworld:stone_spear",
      "required": false
    },
    {
      "id": "mysticalworld:tin_spear",
      "required": false
    },
    {
      "id": "mysticalworld:wood_spear",
      "required": false
    },
    {
      "id": "rpgsmw:amethysted_nephris_spear",
      "required": false
    },
    {
      "id": "rpgsmw:copper_spear",
      "required": false
    },
    {
      "id": "rpgsmw:diamond_spear",
      "required": false
    },
    {
      "id": "rpgsmw:iron_spear",
      "required": false
    },
    {
      "id": "rpgsmw:miphril_spear",
      "required": false
    },
    {
      "id": "rpgsmw:nephrisspear",
      "required": false
    },
    {
      "id": "rpgsmw:netherite_spear",
      "required": false
    },
    {
      "id": "rpgsmw:prismarined_nephris_spear",
      "required": false
    },
    {
      "id": "rpgsmw:steel_spear",
      "required": false
    },
    {
      "id": "rpgsmw:stone_spear",
      "required": false
    },
    {
      "id": "silentgear:spear",
      "required": false
    },
    {
      "id": "simple_weapons:adamantite_spear",
      "required": false
    },
    {
      "id": "simple_weapons:corinthium_spear",
      "required": false
    },
    {
      "id": "simple_weapons:diamond_spear",
      "required": false
    },
    {
      "id": "simple_weapons:electrum_spear",
      "required": false
    },
    {
      "id": "simple_weapons:fiery_spear",
      "required": false
    },
    {
      "id": "simple_weapons:iron_spear",
      "required": false
    },
    {
      "id": "simple_weapons:ironwood_spear",
      "required": false
    },
    {
      "id": "simple_weapons:knightmetal_spear",
      "required": false
    },
    {
      "id": "simple_weapons:netherite_spear",
      "required": false
    },
    {
      "id": "simple_weapons:pendorite_spear",
      "required": false
    },
    {
      "id": "simple_weapons:steeleaf_spear",
      "required": false
    },
    {
      "id": "simple_weapons:stone_spear",
      "required": false
    },
    {
      "id": "simple_weapons:warden_spear",
      "required": false
    },
    {
      "id": "simplyswords:diamond_spear",
      "required": false
    },
    {
      "id": "simplyswords:gobber_compat/gobber_end/gobber_end_spear",
      "required": false
    },
    {
      "id": "simplyswords:gobber_compat/gobber_nether/gobber_nether_spear",
      "required": false
    },
    {
      "id": "simplyswords:gobber_compat/gobber/gobber_spear",
      "required": false
    },
    {
      "id": "simplyswords:gold_spear",
      "required": false
    },
    {
      "id": "simplyswords:iron_spear",
      "required": false
    },
    {
      "id": "simplyswords:netherite_spear",
      "required": false
    },
    {
      "id": "simplyswords:runic_spear",
      "required": false
    },
    {
      "id": "soul_like_armors_reworked:spear",
      "required": false
    },
    {
      "id": "spartanweaponry:aluminum_spear",
      "required": false
    },
    {
      "id": "spartanweaponry:bronze_spear",
      "required": false
    },
    {
      "id": "spartanweaponry:constantan_spear",
      "required": false
    },
    {
      "id": "spartanweaponry:copper_spear",
      "required": false
    },
    {
      "id": "spartanweaponry:diamond_spear",
      "required": false
    },
    {
      "id": "spartanweaponry:electrum_spear",
      "required": false
    },
    {
      "id": "spartanweaponry:golden_spear",
      "required": false
    },
    {
      "id": "spartanweaponry:invar_spear",
      "required": false
    },
    {
      "id": "spartanweaponry:iron_spear",
      "required": false
    },
    {
      "id": "spartanweaponry:lead_spear",
      "required": false
    },
    {
      "id": "spartanweaponry:netherite_spear",
      "required": false
    },
    {
      "id": "spartanweaponry:nickel_spear",
      "required": false
    },
    {
      "id": "spartanweaponry:platinum_spear",
      "required": false
    },
    {
      "id": "spartanweaponry:silver_spear",
      "required": false
    },
    {
      "id": "spartanweaponry:spear_bronze",
      "required": false
    },
    {
      "id": "spartanweaponry:spear_copper",
      "required": false
    },
    {
      "id": "spartanweaponry:spear_diamond",
      "required": false
    },
    {
      "id": "spartanweaponry:spear_electrum",
      "required": false
    },
    {
      "id": "spartanweaponry:spear_gold",
      "required": false
    },
    {
      "id": "spartanweaponry:spear_invar",
      "required": false
    },
    {
      "id": "spartanweaponry:spear_iron",
      "required": false
    },
    {
      "id": "spartanweaponry:spear_lead",
      "required": false
    },
    {
      "id": "spartanweaponry:spear_netherite",
      "required": false
    },
    {
      "id": "spartanweaponry:spear_nickel",
      "required": false
    },
    {
      "id": "spartanweaponry:spear_platinum",
      "required": false
    },
    {
      "id": "spartanweaponry:spear_silver",
      "required": false
    },
    {
      "id": "spartanweaponry:spear_steel",
      "required": false
    },
    {
      "id": "spartanweaponry:spear_stone",
      "required": false
    },
    {
      "id": "spartanweaponry:spear_tin",
      "required": false
    },
    {
      "id": "spartanweaponry:spear_wood",
      "required": false
    },
    {
      "id": "spartanweaponry:steel_spear",
      "required": false
    },
    {
      "id": "spartanweaponry:stone_spear",
      "required": false
    },
    {
      "id": "spartanweaponry:tin_spear",
      "required": false
    },
    {
      "id": "spartanweaponry:wooden_spear",
      "required": false
    },
    {
      "id": "the_bumblezone:stinger_spear",
      "required": false
    },
    {
      "id": "vampirism:pitchfork",
      "required": false
    },
    {
      "id": "wom:agony",
      "required": false
    },
    {
      "id": "simplyswords:magispear",
      "required": false
    },
    {
      "id": "alexscaves:extinction_spear",
      "required": false
    },
    {
      "id": "cataclysm:coral_spear",
      "required": false
    },
    {
      "id": "dixtas_armory:diamond_spear",
      "required": false
    },
    {
      "id": "dixtas_armory:golden_spear",
      "required": false
    },
    {
      "id": "dixtas_armory:iron_spear",
      "required": false
    },
    {
      "id": "dixtas_armory:netherite_spear",
      "required": false
    },
    {
      "id": "dixtas_armory:stone_spear",
      "required": false
    },
    {
      "id": "dixtas_armory:wooden_spear",
      "required": false
    },
    {
      "id": "expanded_combat:acacia_plank_spear",
      "required": false
    },
    {
      "id": "expanded_combat:bamboo_plank_spear",
      "required": false
    },
    {
      "id": "expanded_combat:birch_plank_spear",
      "required": false
    },
    {
      "id": "expanded_combat:cherry_plank_spear",
      "required": false
    },
    {
      "id": "expanded_combat:crimson_plank_spear",
      "required": false
    },
    {
      "id": "expanded_combat:dark_oak_plank_spear",
      "required": false
    },
    {
      "id": "expanded_combat:diamond_spear",
      "required": false
    },
    {
      "id": "expanded_combat:gold_spear",
      "required": false
    },
    {
      "id": "expanded_combat:iron_spear",
      "required": false
    },
    {
      "id": "expanded_combat:jungle_plank_spear",
      "required": false
    },
    {
      "id": "expanded_combat:mangrove_plank_spear",
      "required": false
    },
    {
      "id": "expanded_combat:netherite_spear",
      "required": false
    },
    {
      "id": "expanded_combat:oak_plank_spear",
      "required": false
    },
    {
      "id": "expanded_combat:spruce_plank_spear",
      "required": false
    },
    {
      "id": "expanded_combat:stone_spear",
      "required": false
    },
    {
      "id": "expanded_combat:warped_plank_spear",
      "required": false
    },
    {
      "id": "l2weaponry:diamond_spear",
      "required": false
    },
    {
      "id": "l2weaponry:eternium_spear",
      "required": false
    },
    {
      "id": "l2weaponry:fiery_spear",
      "required": false
    },
    {
      "id": "l2weaponry:fire_dragonsteel_spear",
      "required": false
    },
    {
      "id": "l2weaponry:gold_spear",
      "required": false
    },
    {
      "id": "l2weaponry:haunting_demon_of_the_end",
      "required": false
    },
    {
      "id": "l2weaponry:ice_dragonsteel_spear",
      "required": false
    },
    {
      "id": "l2weaponry:iron_spear",
      "required": false
    },
    {
      "id": "l2weaponry:ironwood_spear",
      "required": false
    },
    {
      "id": "l2weaponry:knightmetal_spear",
      "required": false
    },
    {
      "id": "l2weaponry:lightning_dragonsteel_spear",
      "required": false
    },
    {
      "id": "l2weaponry:netherite_spear",
      "required": false
    },
    {
      "id": "l2weaponry:poseidite_spear",
      "required": false
    },
    {
      "id": "l2weaponry:poseidon_madness",
      "required": false
    },
    {
      "id": "l2weaponry:sculkium_spear",
      "required": false
    },
    {
      "id": "l2weaponry:shulkerate_spear",
      "required": false
    },
    {
      "id": "l2weaponry:spear_of_winter_storm",
      "required": false
    },
    {
      "id": "l2weaponry:steeleaf_spear",
      "required": false
    },
    {
      "id": "l2weaponry:totemic_gold_spear",
      "required": false
    },
    {
      "id": "lookinsharp:diamond_spear",
      "required": false
    },
    {
      "id": "lookinsharp:golden_spear",
      "required": false
    },
    {
      "id": "lookinsharp:iron_spear",
      "required": false
    },
    {
      "id": "lookinsharp:netherite_spear",
      "required": false
    },
    {
      "id": "lookinsharp:stone_spear",
      "required": false
    },
    {
      "id": "lookinsharp:wooden_spear",
      "required": false
    },
    {
      "id": "magistuarmory:bronze_ranseur",
      "required": false
    },
    {
      "id": "magistuarmory:copper_ranseur",
      "required": false
    },
    {
      "id": "magistuarmory:diamond_ranseur",
      "required": false
    },
    {
      "id": "magistuarmory:gold_ranseur",
      "required": false
    },
    {
      "id": "magistuarmory:iron_ranseur",
      "required": false
    },
    {
      "id": "magistuarmory:netherite_ranseur",
      "required": false
    },
    {
      "id": "magistuarmory:silver_ranseur",
      "required": false
    },
    {
      "id": "magistuarmory:steel_ranseur",
      "required": false
    },
    {
      "id": "magistuarmory:stone_ranseur",
      "required": false
    },
    {
      "id": "magistuarmory:tin_ranseur",
      "required": false
    },
    {
      "id": "magistuarmory:wood_ranseur",
      "required": false
    },
    {
      "id": "miapi:modular_spear",
      "required": false
    },
    {
      "id": "minestuck:cuestick",
      "required": false
    },
    {
      "id": "spore:infected_spear",
      "required": false
    }
  ]
}