{
  "replace": false,
  "values": [
    {
      "id": "ars_nouveau:dominion_wand",
      "required": false
    },
    {
      "id": "ars_nouveau:enchanters_mirror",
      "required": false
    },
    {
      "id": "ars_nouveau:wand",
      "required": false
    },
    {
      "id": "consecration:fire_stick",
      "required": false
    },
    {
      "id": "craftvania2:holy_rod",
      "required": false
    },
    {
      "id": "cursedcrypts:cursed_wand",
      "required": false
    },
    {
      "id": "eidolon:bonechill_wand",
      "required": false
    },
    {
      "id": "eidolon:soulfire_wand",
      "required": false
    },
    {
      "id": "eidolon:summoning_staff",
      "required": false
    },
    {
      "id": "extradelight:diamond_spoon",
      "required": false
    },
    {
      "id": "extradelight:gold_spoon",
      "required": false
    },
    {
      "id": "extradelight:iron_spoon",
      "required": false
    },
    {
      "id": "extradelight:netherite_spoon",
      "required": false
    },
    {
      "id": "extradelight:stone_spoon",
      "required": false
    },
    {
      "id": "extradelight:wooden_spoon",
      "required": false
    },
    {
      "id": "goety:dark_wand",
      "required": false
    },
    {
      "id": "mod_lavacow:sludge_wand",
      "required": false
    },
    {
      "id": "monstersandmushrooms:blazewand",
      "required": false
    },
    {
      "id": "monstersandmushrooms:bugsywand",
      "required": false
    },
    {
      "id": "monstersandmushrooms:endwand",
      "required": false
    },
    {
      "id": "monstersandmushrooms:meangreenwand",
      "required": false
    },
    {
      "id": "pyromancer:call_of_flames",
      "required": false
    },
    {
      "id": "pyromancer:court_of_embers",
      "required": false
    },
    {
      "id": "pyromancer:sizzling_hand",
      "required": false
    },
    {
      "id": "spirit:soul_steel_wand",
      "required": false
    }
  ]
}