{
  "replace": false,
  "values": [
    {
      "id": "blue_skies:aquite/warglaive",
      "required": false
    },
    {
      "id": "blue_skies:bluebright_wood/warglaive",
      "required": false
    },
    {
      "id": "blue_skies:charoite/warglaive",
      "required": false
    },
    {
      "id": "blue_skies:cherry_wood/warglaive",
      "required": false
    },
    {
      "id": "blue_skies:diopside/warglaive",
      "required": false
    },
    {
      "id": "blue_skies:dusk_wood/warglaive",
      "required": false
    },
    {
      "id": "blue_skies:frostbright_wood/warglaive",
      "required": false
    },
    {
      "id": "blue_skies:horizonite/warglaive",
      "required": false
    },
    {
      "id": "blue_skies:lunar_stone/warglaive",
      "required": false
    },
    {
      "id": "blue_skies:lunar_wood/warglaive",
      "required": false
    },
    {
      "id": "blue_skies:maple_wood/warglaive",
      "required": false
    },
    {
      "id": "blue_skies:pyrope/warglaive",
      "required": false
    },
    {
      "id": "blue_skies:starlit_wood/warglaive",
      "required": false
    },
    {
      "id": "blue_skies:turquoise_stone/warglaive",
      "required": false
    },
    {
      "id": "knavesneeds:betterend/aeternium/warglaive",
      "required": false
    },
    {
      "id": "knavesneeds:betterend/terminite/warglaive",
      "required": false
    },
    {
      "id": "knavesneeds:betterend/thallasium/warglaive",
      "required": false
    },
    {
      "id": "knavesneeds:betternether/cincinnasite_diamond/warglaive",
      "required": false
    },
    {
      "id": "knavesneeds:betternether/cincinnasite/warglaive",
      "required": false
    },
    {
      "id": "knavesneeds:betternether/nether_ruby/warglaive",
      "required": false
    },
    {
      "id": "knavesneeds:byg/pendorite/warglaive",
      "required": false
    },
    {
      "id": "knavesneeds:deeperdarker/warden/warglaive",
      "required": false
    },
    {
      "id": "knavesneeds:forbidden_arcanus/deorum/warglaive",
      "required": false
    },
    {
      "id": "knavesneeds:forbidden_arcanus/draco_arcanus/warglaive",
      "required": false
    },
    {
      "id": "knavesneeds:forbidden_arcanus/reinforced_deorum/warglaive",
      "required": false
    },
    {
      "id": "knavesneeds:plus_the_end/endronium/warglaive",
      "required": false
    },
    {
      "id": "knavesneeds:soulsweapons/translucent/warglaive",
      "required": false
    },
    {
      "id": "knavesneeds:twilight_forest/fiery/warglaive",
      "required": false
    },
    {
      "id": "knavesneeds:twilight_forest/ironwood/warglaive",
      "required": false
    },
    {
      "id": "knavesneeds:twilight_forest/knightmetal/warglaive",
      "required": false
    },
    {
      "id": "knavesneeds:twilight_forest/steeleaf/warglaive",
      "required": false
    },
    {
      "id": "knavesneeds:undergarden/cloggrum/warglaive",
      "required": false
    },
    {
      "id": "knavesneeds:undergarden/forgotten/warglaive",
      "required": false
    },
    {
      "id": "knavesneeds:undergarden/froststeel/warglaive",
      "required": false
    },
    {
      "id": "knavesneeds:undergarden/utherium/warglaive",
      "required": false
    },
    {
      "id": "simplyswords:diamond_warglaive",
      "required": false
    },
    {
      "id": "simplyswords:gobber_compat/gobber_end/gobber_end_warglaive",
      "required": false
    },
    {
      "id": "simplyswords:gobber_compat/gobber_nether/gobber_nether_warglaive",
      "required": false
    },
    {
      "id": "simplyswords:gobber_compat/gobber/gobber_warglaive",
      "required": false
    },
    {
      "id": "simplyswords:gold_warglaive",
      "required": false
    },
    {
      "id": "simplyswords:iron_warglaive",
      "required": false
    },
    {
      "id": "simplyswords:netherite_warglaive",
      "required": false
    },
    {
      "id": "simplyswords:runic_warglaive",
      "required": false
    },
    {
      "id": "simplyswords:watching_warglaive",
      "required": false
    },
    {
      "id": "bloodandmadness:weapons/saw_cleaver",
      "required": false
    },
    {
      "id": "moonsweaponry:diamond_warglaive",
      "required": false
    },
    {
      "id": "moonsweaponry:golden_warglaive",
      "required": false
    },
    {
      "id": "moonsweaponry:iron_warglaive",
      "required": false
    },
    {
      "id": "moonsweaponry:netherite_warglaive",
      "required": false
    },
    {
      "id": "moonsweaponry:stone_warglaive",
      "required": false
    },
    {
      "id": "moonsweaponry:wooden_warglaive",
      "required": false
    },
    {
      "id": "soul_like_armors_reworked:sawblade",
      "required": false
    }
  ]
}