{
  "alexs_armoury:netherite_whip": {
    "distracted": 1.1,
    "unaware": 1.2
  },
  "alexs_armoury:netherite_mace": {
    "distracted": 1.1,
    "unaware": 1.2
  },
  "alexs_armoury:diamond_fist": {
    "distracted": 1.1,
    "unaware": 1.2
  },
  "alexs_armoury:golden_mace": {
    "distracted": 1.1,
    "unaware": 1.2
  },
  "alexs_armoury:iron_fist": {
    "distracted": 1.1,
    "unaware": 1.2
  },
  "alexs_armoury:netherite_fist": {
    "distracted": 1.1,
    "unaware": 1.2
  },
  "alexs_armoury:iron_whip": {
    "distracted": 1.1,
    "unaware": 1.2
  },
  "alexs_armoury:golden_whip": {
    "distracted": 1.1,
    "unaware": 1.2
  },
  "alexs_armoury:iron_mace": {
    "distracted": 1.1,
    "unaware": 1.2
  },
  "alexs_armoury:diamond_whip": {
    "distracted": 1.1,
    "unaware": 1.2
  },
  "alexs_armoury:diamond_mace": {
    "distracted": 1.1,
    "unaware": 1.2
  },
  "alexs_armoury:golden_fist": {
    "distracted": 1.1,
    "unaware": 1.2
  }
}