{
  "#wand": {
    "distracted": 1.1,
    "unaware": 1.2
  },
  "#boomerang": {
    "distracted": 1.25,
    "unaware": 1.5
  },
  "#handgun": {
    "distracted": 1.2,
    "unaware": 1.4
  },
  "#gauntlet": {
    "distracted": 1.1,
    "unaware": 1.2
  },
  "#mace": {
    "distracted": 1.1,
    "unaware": 1.2
  },
  "#staff": {
    "distracted": 1.1,
    "unaware": 1.2
  },
  "#warglaive": {
    "distracted": 1.25,
    "unaware": 1.5
  },
  "#glaive": {
    "distracted": 1.1,
    "unaware": 1.2
  },
  "#thrown": {
    "distracted": 1.0,
    "unaware": 1.0
  },
  "#quarterstaff": {
    "distracted": 1.1,
    "unaware": 1.2
  },
  "#pike": {
    "distracted": 1.1,
    "unaware": 1.2
  },
  "#dagger": {
    "distracted": 2.0,
    "unaware": 2.5
  },
  "#spear": {
    "distracted": 1.1,
    "unaware": 1.2
  },
  "#cleaver": {
    "distracted": 1.2,
    "unaware": 1.4
  },
  "#sai": {
    "distracted": 1.4,
    "unaware": 1.8
  },
  "#shovel": {
    "distracted": 1.1,
    "unaware": 1.2
  },
  "#greathammer": {
    "distracted": 1.1,
    "unaware": 1.2
  },
  "#launcher": {
    "distracted": 1.1,
    "unaware": 1.2
  },
  "#longbow": {
    "distracted": 1.25,
    "unaware": 1.5
  },
  "#magestaff": {
    "distracted": 1.1,
    "unaware": 1.2
  },
  "#sword": {
    "distracted": 1.25,
    "unaware": 1.5
  },
  "#cutlass": {
    "distracted": 1.3,
    "unaware": 1.6
  },
  "#flail": {
    "distracted": 1.1,
    "unaware": 1.2
  },
  "#khopesh": {
    "distracted": 1.4,
    "unaware": 1.8
  },
  "#towershield": {
    "distracted": 1.1,
    "unaware": 1.2
  },
  "#hammer": {
    "distracted": 1.1,
    "unaware": 1.2
  },
  "#buckler": {
    "distracted": 1.1,
    "unaware": 1.2
  },
  "#machete": {
    "distracted": 1.25,
    "unaware": 1.5
  },
  "#longsword": {
    "distracted": 1.2,
    "unaware": 1.4
  },
  "#greatmace": {
    "distracted": 1.1,
    "unaware": 1.2
  },
  "#battleaxe": {
    "distracted": 1.1,
    "unaware": 1.2
  },
  "#lance": {
    "distracted": 1.2,
    "unaware": 1.4
  },
  "#shortspear": {
    "distracted": 1.2,
    "unaware": 1.4
  },
  "#sign": {
    "distracted": 1.25,
    "unaware": 1.5
  },
  "#chakram": {
    "distracted": 1.25,
    "unaware": 1.5
  },
  "#katana": {
    "distracted": 1.25,
    "unaware": 1.5
  },
  "#trident": {
    "distracted": 1.1,
    "unaware": 1.2
  },
  "#whip": {
    "distracted": 1.1,
    "unaware": 1.2
  },
  "#greatsword": {
    "distracted": 1.1,
    "unaware": 1.2
  },
  "#bow": {
    "distracted": 1.3,
    "unaware": 1.6
  },
  "#sickle": {
    "distracted": 1.3,
    "unaware": 1.6
  },
  "#nunchaku": {
    "distracted": 1.4,
    "unaware": 1.8
  },
  "#rapier": {
    "distracted": 1.4,
    "unaware": 1.8
  },
  "#twinblade": {
    "distracted": 1.2,
    "unaware": 1.4
  },
  "#hoe": {
    "distracted": 1.2,
    "unaware": 1.4
  },
  "#arbalest": {
    "distracted": 1.1,
    "unaware": 1.2
  },
  "#buster": {
    "distracted": 1.1,
    "unaware": 1.2
  },
  "#claw": {
    "distracted": 1.5,
    "unaware": 2.0
  },
  "#pickaxe": {
    "distracted": 1.4,
    "unaware": 2.0
  },
  "#crossbow": {
    "distracted": 1.2,
    "unaware": 1.4
  },
  "#axe": {
    "distracted": 1.1,
    "unaware": 1.2
  },
  "#book": {
    "distracted": 1.1,
    "unaware": 1.2
  },
  "#halberd": {
    "distracted": 1.1,
    "unaware": 1.2
  },
  "#rifle": {
    "distracted": 1.2,
    "unaware": 1.4
  },
  "#scythe": {
    "distracted": 1.3,
    "unaware": 1.6
  },
  "#shield": {
    "distracted": 1.1,
    "unaware": 1.2
  }
}