{
  "coldsgauntlets:iron_gauntlet": {
    "distracted": 1.1,
    "unaware": 1.2
  },
  "coldsgauntlets:netherite_gauntlet": {
    "distracted": 1.1,
    "unaware": 1.2
  },
  "coldsgauntlets:diamond_gauntlet": {
    "distracted": 1.1,
    "unaware": 1.2
  },
  "coldsgauntlets:golden_gauntlet": {
    "distracted": 1.1,
    "unaware": 1.2
  },
  "coldsgauntlets:stone_gauntlet": {
    "distracted": 1.1,
    "unaware": 1.2
  },
  "coldsgauntlets:wooden_gauntlet": {
    "distracted": 1.1,
    "unaware": 1.2
  }
}