{
  "davespotioneering:orange_umbrella": {
    "distracted": 1.1,
    "unaware": 1.2
  },
  "davespotioneering:light_gray_umbrella": {
    "distracted": 1.1,
    "unaware": 1.2
  },
  "davespotioneering:potioneer_gauntlet": {
    "distracted": 1.1,
    "unaware": 1.2
  },
  "davespotioneering:gilded_umbrella": {
    "distracted": 1.1,
    "unaware": 1.2
  },
  "davespotioneering:netherite_gauntlet": {
    "distracted": 1.1,
    "unaware": 1.2
  },
  "davespotioneering:black_umbrella": {
    "distracted": 1.1,
    "unaware": 1.2
  },
  "davespotioneering:gray_umbrella": {
    "distracted": 1.1,
    "unaware": 1.2
  },
  "davespotioneering:brown_umbrella": {
    "distracted": 1.1,
    "unaware": 1.2
  },
  "davespotioneering:pink_umbrella": {
    "distracted": 1.1,
    "unaware": 1.2
  },
  "davespotioneering:red_umbrella": {
    "distracted": 1.1,
    "unaware": 1.2
  },
  "davespotioneering:cyan_umbrella": {
    "distracted": 1.1,
    "unaware": 1.2
  },
  "davespotioneering:rudimentary_gauntlet": {
    "distracted": 1.1,
    "unaware": 1.2
  },
  "davespotioneering:green_umbrella": {
    "distracted": 1.1,
    "unaware": 1.2
  },
  "davespotioneering:white_umbrella": {
    "distracted": 1.1,
    "unaware": 1.2
  },
  "davespotioneering:lime_umbrella": {
    "distracted": 1.1,
    "unaware": 1.2
  },
  "davespotioneering:blue_umbrella": {
    "distracted": 1.1,
    "unaware": 1.2
  },
  "davespotioneering:magenta_umbrella": {
    "distracted": 1.1,
    "unaware": 1.2
  },
  "davespotioneering:aged_umbrella": {
    "distracted": 1.1,
    "unaware": 1.2
  },
  "davespotioneering:light_blue_umbrella": {
    "distracted": 1.1,
    "unaware": 1.2
  },
  "davespotioneering:yellow_umbrella": {
    "distracted": 1.1,
    "unaware": 1.2
  },
  "davespotioneering:purple_umbrella": {
    "distracted": 1.1,
    "unaware": 1.2
  }
}