{
  "divine_weaponry:golden_battleaxe": {
    "distracted": 1.1,
    "unaware": 1.2
  },
  "divine_weaponry:netherite_battleaxe": {
    "distracted": 1.1,
    "unaware": 1.2
  },
  "divine_weaponry:wooden_battleaxe": {
    "distracted": 1.1,
    "unaware": 1.2
  },
  "divine_weaponry:wooden_scythe": {
    "distracted": 1.3,
    "unaware": 1.6
  },
  "divine_weaponry:stone_scythe": {
    "distracted": 1.3,
    "unaware": 1.6
  },
  "divine_weaponry:iron_battleaxe": {
    "distracted": 1.1,
    "unaware": 1.2
  },
  "divine_weaponry:iron_scythe": {
    "distracted": 1.3,
    "unaware": 1.6
  },
  "divine_weaponry:stone_battleaxe": {
    "distracted": 1.1,
    "unaware": 1.2
  },
  "divine_weaponry:netherite_scythe": {
    "distracted": 1.3,
    "unaware": 1.6
  },
  "divine_weaponry:golden_scythe": {
    "distracted": 1.3,
    "unaware": 1.6
  },
  "divine_weaponry:erebus_scythe": {
    "distracted": 1.3,
    "unaware": 1.6
  },
  "divine_weaponry:diamond_battleaxe": {
    "distracted": 1.1,
    "unaware": 1.2
  },
  "divine_weaponry:diamond_scythe": {
    "distracted": 1.3,
    "unaware": 1.6
  },
  "divine_weaponry:jotunn_battleaxe": {
    "distracted": 1.1,
    "unaware": 1.2
  }
}