{
  "dungeons_gear:the_slicer": {
    "distracted": 1.2,
    "unaware": 1.4
  },
  "dungeons_gear:scatter_crossbow": {
    "distracted": 1.1,
    "unaware": 1.2
  },
  "dungeons_gear:resolute_tempest_knife": {
    "distracted": 2.0,
    "unaware": 2.5
  },
  "dungeons_gear:eternal_knife": {
    "distracted": 2.0,
    "unaware": 3.0
  },
  "dungeons_gear:shivering_bow": {
    "distracted": 1.3,
    "unaware": 1.6
  },
  "dungeons_gear:burst_gale_bow": {
    "distracted": 1.3,
    "unaware": 1.6
  },
  "dungeons_gear:elite_power_bow": {
    "distracted": 1.3,
    "unaware": 1.6
  },
  "dungeons_gear:burst_crossbow": {
    "distracted": 1.1,
    "unaware": 1.2
  },
  "dungeons_gear:sabrewing": {
    "distracted": 1.3,
    "unaware": 1.6
  },
  "dungeons_gear:sponge_striker": {
    "distracted": 2.0,
    "unaware": 2.5
  },
  "dungeons_gear:echo_of_the_valley": {
    "distracted": 1.3,
    "unaware": 1.6
  },
  "dungeons_gear:bonebow": {
    "distracted": 1.3,
    "unaware": 1.6
  },
  "dungeons_gear:tempest_knife": {
    "distracted": 2.0,
    "unaware": 2.5
  },
  "dungeons_gear:bow_of_lost_souls": {
    "distracted": 1.3,
    "unaware": 1.6
  },
  "dungeons_gear:nautical_crossbow": {
    "distracted": 1.1,
    "unaware": 1.2
  },
  "dungeons_gear:vine_whip": {
    "distracted": 1.1,
    "unaware": 1.2
  },
  "dungeons_gear:butterfly_crossbow": {
    "distracted": 1.2,
    "unaware": 1.4
  },
  "dungeons_gear:hunters_promise": {
    "distracted": 1.3,
    "unaware": 1.6
  },
  "dungeons_gear:twin_bow": {
    "distracted": 1.3,
    "unaware": 1.6
  },
  "dungeons_gear:doom_crossbow": {
    "distracted": 1.1,
    "unaware": 1.2
  },
  "dungeons_gear:haunted_bow": {
    "distracted": 1.3,
    "unaware": 1.6
  },
  "dungeons_gear:soul_bow": {
    "distracted": 1.3,
    "unaware": 1.6
  },
  "dungeons_gear:growing_staff": {
    "distracted": 1.1,
    "unaware": 1.2
  },
  "dungeons_gear:shortbow": {
    "distracted": 1.3,
    "unaware": 1.6
  },
  "dungeons_gear:cog_crossbow": {
    "distracted": 1.1,
    "unaware": 1.2
  },
  "dungeons_gear:guardian_bow": {
    "distracted": 1.25,
    "unaware": 1.5
  },
  "dungeons_gear:auto_crossbow": {
    "distracted": 1.1,
    "unaware": 1.2
  },
  "dungeons_gear:snow_bow": {
    "distracted": 1.3,
    "unaware": 1.6
  },
  "dungeons_gear:soul_hunter_crossbow": {
    "distracted": 1.1,
    "unaware": 1.2
  },
  "dungeons_gear:heavy_crossbow": {
    "distracted": 1.1,
    "unaware": 1.2
  },
  "dungeons_gear:red_snake": {
    "distracted": 1.25,
    "unaware": 1.5
  },
  "dungeons_gear:power_bow": {
    "distracted": 1.3,
    "unaware": 1.6
  },
  "dungeons_gear:soul_knife": {
    "distracted": 2.0,
    "unaware": 3.0
  },
  "dungeons_gear:nocturnal_bow": {
    "distracted": 1.3,
    "unaware": 1.6
  },
  "dungeons_gear:whip": {
    "distracted": 1.1,
    "unaware": 1.2
  },
  "dungeons_gear:sugar_rush": {
    "distracted": 1.3,
    "unaware": 1.6
  },
  "dungeons_gear:masters_bow": {
    "distracted": 1.3,
    "unaware": 1.6
  },
  "dungeons_gear:chill_gale_knife": {
    "distracted": 2.0,
    "unaware": 2.5
  },
  "dungeons_gear:pride_of_the_piglins": {
    "distracted": 1.1,
    "unaware": 1.2
  },
  "dungeons_gear:hunting_bow": {
    "distracted": 1.3,
    "unaware": 1.6
  },
  "dungeons_gear:longbow": {
    "distracted": 1.25,
    "unaware": 1.5
  },
  "dungeons_gear:winters_touch": {
    "distracted": 1.3,
    "unaware": 1.6
  },
  "dungeons_gear:the_green_menace": {
    "distracted": 1.3,
    "unaware": 1.6
  },
  "dungeons_gear:slayer_crossbow": {
    "distracted": 1.1,
    "unaware": 1.2
  },
  "dungeons_gear:trickbow": {
    "distracted": 1.3,
    "unaware": 1.6
  },
  "dungeons_gear:harp_crossbow": {
    "distracted": 1.1,
    "unaware": 1.2
  },
  "dungeons_gear:purple_storm": {
    "distracted": 1.3,
    "unaware": 1.6
  },
  "dungeons_gear:ancient_bow": {
    "distracted": 1.3,
    "unaware": 1.6
  },
  "dungeons_gear:broadsword": {
    "distracted": 1.1,
    "unaware": 1.2
  },
  "dungeons_gear:truthseeker": {
    "distracted": 2.0,
    "unaware": 3.0
  },
  "dungeons_gear:voidcaller": {
    "distracted": 1.2,
    "unaware": 1.4
  },
  "dungeons_gear:azure_seeker": {
    "distracted": 1.2,
    "unaware": 1.4
  },
  "dungeons_gear:feral_soul_crossbow": {
    "distracted": 1.2,
    "unaware": 1.4
  },
  "dungeons_gear:rapid_crossbow": {
    "distracted": 1.1,
    "unaware": 1.2
  },
  "dungeons_gear:harpoon_crossbow": {
    "distracted": 1.1,
    "unaware": 1.2
  },
  "dungeons_gear:love_spell_bow": {
    "distracted": 1.3,
    "unaware": 1.6
  },
  "dungeons_gear:exploding_crossbow": {
    "distracted": 1.2,
    "unaware": 1.4
  },
  "dungeons_gear:soul_crossbow": {
    "distracted": 1.2,
    "unaware": 1.4
  },
  "dungeons_gear:coral_blade": {
    "distracted": 2.0,
    "unaware": 2.5
  },
  "dungeons_gear:lightning_harp_crossbow": {
    "distracted": 1.1,
    "unaware": 1.2
  },
  "dungeons_gear:the_pink_scoundrel": {
    "distracted": 1.3,
    "unaware": 1.6
  },
  "dungeons_gear:mechanical_shortbow": {
    "distracted": 1.3,
    "unaware": 1.6
  },
  "dungeons_gear:corrupted_crossbow": {
    "distracted": 1.1,
    "unaware": 1.2
  },
  "dungeons_gear:imploding_crossbow": {
    "distracted": 1.2,
    "unaware": 1.4
  },
  "dungeons_gear:firebolt_thrower": {
    "distracted": 1.2,
    "unaware": 1.4
  },
  "dungeons_gear:wind_bow": {
    "distracted": 1.3,
    "unaware": 1.6
  }
}