{
  "expanded_combat:birch_plank_flail": {
    "distracted": 1.1,
    "unaware": 1.2
  },
  "expanded_combat:oak_plank_glaive": {
    "distracted": 1.1,
    "unaware": 1.2
  },
  "expanded_combat:diamond_broad_sword": {
    "distracted": 1.1,
    "unaware": 1.2
  },
  "expanded_combat:jungle_plank_spear": {
    "distracted": 1.1,
    "unaware": 1.2
  },
  "expanded_combat:acacia_plank_scythe": {
    "distracted": 1.3,
    "unaware": 1.6
  },
  "expanded_combat:spruce_plank_katana": {
    "distracted": 1.25,
    "unaware": 1.5
  },
  "expanded_combat:iron_katana": {
    "distracted": 1.25,
    "unaware": 1.5
  },
  "expanded_combat:jungle_plank_battle_staff": {
    "distracted": 1.1,
    "unaware": 1.2
  },
  "expanded_combat:crimson_plank_claymore": {
    "distracted": 1.1,
    "unaware": 1.2
  },
  "expanded_combat:heat_katana": {
    "distracted": 1.25,
    "unaware": 1.5
  },
  "expanded_combat:jungle_plank_claymore": {
    "distracted": 1.1,
    "unaware": 1.2
  },
  "expanded_combat:netherite_flail": {
    "distracted": 1.1,
    "unaware": 1.2
  },
  "expanded_combat:dark_oak_plank_spear": {
    "distracted": 1.1,
    "unaware": 1.2
  },
  "expanded_combat:dark_oak_plank_broad_sword": {
    "distracted": 1.1,
    "unaware": 1.2
  },
  "expanded_combat:bamboo_plank_katana": {
    "distracted": 1.25,
    "unaware": 1.5
  },
  "expanded_combat:mangrove_plank_scythe": {
    "distracted": 1.3,
    "unaware": 1.6
  },
  "expanded_combat:dark_oak_plank_scythe": {
    "distracted": 1.3,
    "unaware": 1.6
  },
  "expanded_combat:gold_battle_staff": {
    "distracted": 1.1,
    "unaware": 1.2
  },
  "expanded_combat:oak_plank_flail": {
    "distracted": 1.1,
    "unaware": 1.2
  },
  "expanded_combat:oak_plank_broad_sword": {
    "distracted": 1.1,
    "unaware": 1.2
  },
  "expanded_combat:netherite_claymore": {
    "distracted": 1.1,
    "unaware": 1.2
  },
  "expanded_combat:netherite_glaive": {
    "distracted": 1.1,
    "unaware": 1.2
  },
  "expanded_combat:bamboo_plank_broad_sword": {
    "distracted": 1.1,
    "unaware": 1.2
  },
  "expanded_combat:cherry_plank_katana": {
    "distracted": 1.25,
    "unaware": 1.5
  },
  "expanded_combat:warped_plank_glaive": {
    "distracted": 1.1,
    "unaware": 1.2
  },
  "expanded_combat:diamond_spear": {
    "distracted": 1.1,
    "unaware": 1.2
  },
  "expanded_combat:iron_flail": {
    "distracted": 1.1,
    "unaware": 1.2
  },
  "expanded_combat:diamond_scythe": {
    "distracted": 1.3,
    "unaware": 1.6
  },
  "expanded_combat:jungle_plank_glaive": {
    "distracted": 1.1,
    "unaware": 1.2
  },
  "expanded_combat:spruce_plank_spear": {
    "distracted": 1.1,
    "unaware": 1.2
  },
  "expanded_combat:warped_plank_broad_sword": {
    "distracted": 1.1,
    "unaware": 1.2
  },
  "expanded_combat:birch_plank_scythe": {
    "distracted": 1.3,
    "unaware": 1.6
  },
  "expanded_combat:void_touched_claymore": {
    "distracted": 1.1,
    "unaware": 1.2
  },
  "expanded_combat:stone_battle_staff": {
    "distracted": 1.1,
    "unaware": 1.2
  },
  "expanded_combat:iron_spear": {
    "distracted": 1.1,
    "unaware": 1.2
  },
  "expanded_combat:acacia_plank_battle_staff": {
    "distracted": 1.1,
    "unaware": 1.2
  },
  "expanded_combat:warped_plank_scythe": {
    "distracted": 1.3,
    "unaware": 1.6
  },
  "expanded_combat:gold_claymore": {
    "distracted": 1.1,
    "unaware": 1.2
  },
  "expanded_combat:oak_plank_katana": {
    "distracted": 1.25,
    "unaware": 1.5
  },
  "expanded_combat:mangrove_plank_battle_staff": {
    "distracted": 1.1,
    "unaware": 1.2
  },
  "expanded_combat:mangrove_plank_katana": {
    "distracted": 1.25,
    "unaware": 1.5
  },
  "expanded_combat:spruce_plank_glaive": {
    "distracted": 1.1,
    "unaware": 1.2
  },
  "expanded_combat:crimson_plank_broad_sword": {
    "distracted": 1.1,
    "unaware": 1.2
  },
  "expanded_combat:iron_glaive": {
    "distracted": 1.1,
    "unaware": 1.2
  },
  "expanded_combat:acacia_plank_broad_sword": {
    "distracted": 1.1,
    "unaware": 1.2
  },
  "expanded_combat:crimson_plank_spear": {
    "distracted": 1.1,
    "unaware": 1.2
  },
  "expanded_combat:netherite_spear": {
    "distracted": 1.1,
    "unaware": 1.2
  },
  "expanded_combat:cherry_plank_glaive": {
    "distracted": 1.1,
    "unaware": 1.2
  },
  "expanded_combat:iron_battle_staff": {
    "distracted": 1.1,
    "unaware": 1.2
  },
  "expanded_combat:bamboo_plank_claymore": {
    "distracted": 1.1,
    "unaware": 1.2
  },
  "expanded_combat:birch_plank_claymore": {
    "distracted": 1.1,
    "unaware": 1.2
  },
  "expanded_combat:birch_plank_spear": {
    "distracted": 1.1,
    "unaware": 1.2
  },
  "expanded_combat:crimson_plank_scythe": {
    "distracted": 1.3,
    "unaware": 1.6
  },
  "expanded_combat:bamboo_plank_glaive": {
    "distracted": 1.1,
    "unaware": 1.2
  },
  "expanded_combat:netherite_katana": {
    "distracted": 1.25,
    "unaware": 1.5
  },
  "expanded_combat:acacia_plank_katana": {
    "distracted": 1.25,
    "unaware": 1.5
  },
  "expanded_combat:netherite_battle_staff": {
    "distracted": 1.1,
    "unaware": 1.2
  },
  "expanded_combat:frost_scythe": {
    "distracted": 1.3,
    "unaware": 1.6
  },
  "expanded_combat:mangrove_plank_broad_sword": {
    "distracted": 1.1,
    "unaware": 1.2
  },
  "expanded_combat:warped_plank_katana": {
    "distracted": 1.25,
    "unaware": 1.5
  },
  "expanded_combat:cherry_plank_broad_sword": {
    "distracted": 1.1,
    "unaware": 1.2
  },
  "expanded_combat:stone_glaive": {
    "distracted": 1.1,
    "unaware": 1.2
  },
  "expanded_combat:jungle_plank_katana": {
    "distracted": 1.25,
    "unaware": 1.5
  },
  "expanded_combat:gold_glaive": {
    "distracted": 1.1,
    "unaware": 1.2
  },
  "expanded_combat:dark_oak_plank_battle_staff": {
    "distracted": 1.1,
    "unaware": 1.2
  },
  "expanded_combat:iron_broad_sword": {
    "distracted": 1.1,
    "unaware": 1.2
  },
  "expanded_combat:birch_plank_battle_staff": {
    "distracted": 1.1,
    "unaware": 1.2
  },
  "expanded_combat:spruce_plank_battle_staff": {
    "distracted": 1.1,
    "unaware": 1.2
  },
  "expanded_combat:birch_plank_broad_sword": {
    "distracted": 1.1,
    "unaware": 1.2
  },
  "expanded_combat:crimson_plank_flail": {
    "distracted": 1.1,
    "unaware": 1.2
  },
  "expanded_combat:birch_plank_glaive": {
    "distracted": 1.1,
    "unaware": 1.2
  },
  "expanded_combat:spruce_plank_claymore": {
    "distracted": 1.1,
    "unaware": 1.2
  },
  "expanded_combat:mangrove_plank_glaive": {
    "distracted": 1.1,
    "unaware": 1.2
  },
  "expanded_combat:cherry_plank_scythe": {
    "distracted": 1.3,
    "unaware": 1.6
  },
  "expanded_combat:crimson_plank_katana": {
    "distracted": 1.25,
    "unaware": 1.5
  },
  "expanded_combat:oak_plank_claymore": {
    "distracted": 1.1,
    "unaware": 1.2
  },
  "expanded_combat:stone_spear": {
    "distracted": 1.1,
    "unaware": 1.2
  },
  "expanded_combat:dark_oak_plank_flail": {
    "distracted": 1.1,
    "unaware": 1.2
  },
  "expanded_combat:diamond_battle_staff": {
    "distracted": 1.1,
    "unaware": 1.2
  },
  "expanded_combat:diamond_katana": {
    "distracted": 1.25,
    "unaware": 1.5
  },
  "expanded_combat:dark_oak_plank_katana": {
    "distracted": 1.25,
    "unaware": 1.5
  },
  "expanded_combat:heartstealer": {
    "distracted": 1.1,
    "unaware": 1.2
  },
  "expanded_combat:jungle_plank_flail": {
    "distracted": 1.1,
    "unaware": 1.2
  },
  "expanded_combat:warped_plank_flail": {
    "distracted": 1.1,
    "unaware": 1.2
  },
  "expanded_combat:spruce_plank_broad_sword": {
    "distracted": 1.1,
    "unaware": 1.2
  },
  "expanded_combat:cherry_plank_claymore": {
    "distracted": 1.1,
    "unaware": 1.2
  },
  "expanded_combat:oak_plank_battle_staff": {
    "distracted": 1.1,
    "unaware": 1.2
  },
  "expanded_combat:acacia_plank_glaive": {
    "distracted": 1.1,
    "unaware": 1.2
  },
  "expanded_combat:mangrove_plank_spear": {
    "distracted": 1.1,
    "unaware": 1.2
  },
  "expanded_combat:stone_broad_sword": {
    "distracted": 1.1,
    "unaware": 1.2
  },
  "expanded_combat:oak_plank_scythe": {
    "distracted": 1.3,
    "unaware": 1.6
  },
  "expanded_combat:frost_claymore": {
    "distracted": 1.1,
    "unaware": 1.2
  },
  "expanded_combat:oak_plank_spear": {
    "distracted": 1.1,
    "unaware": 1.2
  },
  "expanded_combat:jungle_plank_scythe": {
    "distracted": 1.3,
    "unaware": 1.6
  },
  "expanded_combat:bamboo_plank_spear": {
    "distracted": 1.1,
    "unaware": 1.2
  },
  "expanded_combat:gold_katana": {
    "distracted": 1.25,
    "unaware": 1.5
  },
  "expanded_combat:gold_flail": {
    "distracted": 1.1,
    "unaware": 1.2
  },
  "expanded_combat:mangrove_plank_claymore": {
    "distracted": 1.1,
    "unaware": 1.2
  },
  "expanded_combat:iron_scythe": {
    "distracted": 1.3,
    "unaware": 1.6
  },
  "expanded_combat:netherite_scythe": {
    "distracted": 1.3,
    "unaware": 1.6
  },
  "expanded_combat:gold_broad_sword": {
    "distracted": 1.1,
    "unaware": 1.2
  },
  "expanded_combat:jungle_plank_broad_sword": {
    "distracted": 1.1,
    "unaware": 1.2
  },
  "expanded_combat:stone_katana": {
    "distracted": 1.25,
    "unaware": 1.5
  },
  "expanded_combat:birch_plank_katana": {
    "distracted": 1.25,
    "unaware": 1.5
  },
  "expanded_combat:heat_glaive": {
    "distracted": 1.1,
    "unaware": 1.2
  },
  "expanded_combat:bamboo_plank_scythe": {
    "distracted": 1.3,
    "unaware": 1.6
  },
  "expanded_combat:bamboo_plank_battle_staff": {
    "distracted": 1.1,
    "unaware": 1.2
  },
  "expanded_combat:mangrove_plank_flail": {
    "distracted": 1.1,
    "unaware": 1.2
  },
  "expanded_combat:crimson_plank_glaive": {
    "distracted": 1.1,
    "unaware": 1.2
  },
  "expanded_combat:netherite_broad_sword": {
    "distracted": 1.1,
    "unaware": 1.2
  },
  "expanded_combat:soul_scythe": {
    "distracted": 1.3,
    "unaware": 1.6
  },
  "expanded_combat:dark_oak_plank_claymore": {
    "distracted": 1.1,
    "unaware": 1.2
  },
  "expanded_combat:acacia_plank_flail": {
    "distracted": 1.1,
    "unaware": 1.2
  },
  "expanded_combat:cherry_plank_spear": {
    "distracted": 1.1,
    "unaware": 1.2
  },
  "expanded_combat:diamond_claymore": {
    "distracted": 1.1,
    "unaware": 1.2
  },
  "expanded_combat:stone_claymore": {
    "distracted": 1.1,
    "unaware": 1.2
  },
  "expanded_combat:dark_oak_plank_glaive": {
    "distracted": 1.1,
    "unaware": 1.2
  },
  "expanded_combat:diamond_glaive": {
    "distracted": 1.1,
    "unaware": 1.2
  },
  "expanded_combat:cherry_plank_battle_staff": {
    "distracted": 1.1,
    "unaware": 1.2
  },
  "expanded_combat:iron_claymore": {
    "distracted": 1.1,
    "unaware": 1.2
  },
  "expanded_combat:stone_flail": {
    "distracted": 1.1,
    "unaware": 1.2
  },
  "expanded_combat:cherry_plank_flail": {
    "distracted": 1.1,
    "unaware": 1.2
  },
  "expanded_combat:diamond_flail": {
    "distracted": 1.1,
    "unaware": 1.2
  },
  "expanded_combat:gold_spear": {
    "distracted": 1.1,
    "unaware": 1.2
  },
  "expanded_combat:bamboo_plank_flail": {
    "distracted": 1.1,
    "unaware": 1.2
  },
  "expanded_combat:spruce_plank_scythe": {
    "distracted": 1.3,
    "unaware": 1.6
  },
  "expanded_combat:warped_plank_claymore": {
    "distracted": 1.1,
    "unaware": 1.2
  },
  "expanded_combat:spruce_plank_flail": {
    "distracted": 1.1,
    "unaware": 1.2
  },
  "expanded_combat:crimson_plank_battle_staff": {
    "distracted": 1.1,
    "unaware": 1.2
  },
  "expanded_combat:soul_katana": {
    "distracted": 1.25,
    "unaware": 1.5
  },
  "expanded_combat:gold_scythe": {
    "distracted": 1.3,
    "unaware": 1.6
  },
  "expanded_combat:warped_plank_spear": {
    "distracted": 1.1,
    "unaware": 1.2
  },
  "expanded_combat:acacia_plank_claymore": {
    "distracted": 1.1,
    "unaware": 1.2
  },
  "expanded_combat:acacia_plank_spear": {
    "distracted": 1.1,
    "unaware": 1.2
  },
  "expanded_combat:stone_scythe": {
    "distracted": 1.3,
    "unaware": 1.6
  },
  "expanded_combat:warped_plank_battle_staff": {
    "distracted": 1.1,
    "unaware": 1.2
  }
}