{
  "iceandfire:troll_weapon_trunk_frost": {
    "distracted": 1.1,
    "unaware": 1.2
  },
  "iceandfire:troll_weapon_trunk": {
    "distracted": 1.1,
    "unaware": 1.2
  },
  "iceandfire:troll_weapon_column_frost": {
    "distracted": 1.1,
    "unaware": 1.2
  },
  "iceandfire:troll_weapon_column_forest": {
    "distracted": 1.1,
    "unaware": 1.2
  },
  "iceandfire:troll_weapon_axe": {
    "distracted": 1.1,
    "unaware": 1.2
  },
  "iceandfire:troll_weapon_hammer": {
    "distracted": 1.1,
    "unaware": 1.2
  },
  "iceandfire:troll_weapon_column": {
    "distracted": 1.1,
    "unaware": 1.2
  }
}