{
  "joels_randoms_mod:golden_scythe": {
    "distracted": 1.3,
    "unaware": 1.6
  },
  "joels_randoms_mod:plunja_battleaxe": {
    "distracted": 1.3,
    "unaware": 1.6
  },
  "joels_randoms_mod:high_frequency_claymore": {
    "distracted": 1.25,
    "unaware": 1.5
  },
  "joels_randoms_mod:soup_mace": {
    "distracted": 1.1,
    "unaware": 1.2
  },
  "joels_randoms_mod:briefcase_sword": {
    "distracted": 1.1,
    "unaware": 1.2
  },
  "joels_randoms_mod:combat_mode_murasama_katana": {
    "distracted": 1.25,
    "unaware": 1.5
  },
  "joels_randoms_mod:paintbrush_battlestaff": {
    "distracted": 1.1,
    "unaware": 1.2
  },
  "joels_randoms_mod:baton_mace": {
    "distracted": 1.1,
    "unaware": 1.2
  },
  "joels_randoms_mod:huge_gorrilla_claw": {
    "distracted": 1.1,
    "unaware": 1.2
  },
  "joels_randoms_mod:witches_broom_scythe": {
    "distracted": 1.1,
    "unaware": 1.2
  },
  "joels_randoms_mod:executioner_claymore": {
    "distracted": 1.1,
    "unaware": 1.2
  },
  "joels_randoms_mod:rolling_pin_mace": {
    "distracted": 1.1,
    "unaware": 1.2
  },
  "joels_randoms_mod:gunbai_coral_blade": {
    "distracted": 1.1,
    "unaware": 1.2
  },
  "joels_randoms_mod:buster_greatsword": {
    "distracted": 1.1,
    "unaware": 1.2
  },
  "joels_randoms_mod:mop_battlestaff": {
    "distracted": 1.1,
    "unaware": 1.2
  },
  "joels_randoms_mod:wooden_net_mace": {
    "distracted": 1.1,
    "unaware": 1.2
  },
  "joels_randoms_mod:murasama_holster": {
    "distracted": 1.1,
    "unaware": 1.2
  },
  "joels_randoms_mod:soul_claymore": {
    "distracted": 1.1,
    "unaware": 1.2
  }
}