{
  "minestuck:swonge": {
    "distracted": 1.25,
    "unaware": 1.5
  },
  "minestuck:nosferatu_spoon": {
    "distracted": 2.0,
    "unaware": 3.0
  },
  "minestuck:sharp_candy_cane": {
    "distracted": 1.1,
    "unaware": 1.2
  },
  "minestuck:hellbringers_hoe_active": {
    "distracted": 1.3,
    "unaware": 1.6
  },
  "minestuck:umbrella": {
    "distracted": 1.1,
    "unaware": 1.2
  },
  "minestuck:claymore": {
    "distracted": 1.1,
    "unaware": 1.2
  },
  "minestuck:frosttooth_lipstick": {
    "distracted": 1.1,
    "unaware": 1.2
  },
  "minestuck:cakesaw": {
    "distracted": 1.0,
    "unaware": 1.0
  },
  "minestuck:snow_white_dream": {
    "distracted": 1.4,
    "unaware": 1.8
  },
  "minestuck:ace_of_clubs": {
    "distracted": 1.1,
    "unaware": 1.2
  },
  "minestuck:hephaestus_lumberjack": {
    "distracted": 1.1,
    "unaware": 1.2
  },
  "minestuck:lanec": {
    "distracted": 1.2,
    "unaware": 1.4
  },
  "minestuck:thistleblower": {
    "distracted": 1.0,
    "unaware": 1.0
  },
  "minestuck:doctor_deterrent": {
    "distracted": 1.1,
    "unaware": 1.2
  },
  "minestuck:paper_sword": {
    "distracted": 1.25,
    "unaware": 1.5
  },
  "minestuck:vaudeville_hook": {
    "distracted": 1.1,
    "unaware": 1.2
  },
  "minestuck:thousand_degree_knife": {
    "distracted": 2.0,
    "unaware": 2.5
  },
  "minestuck:lipstick_chainsaw": {
    "distracted": 1.0,
    "unaware": 1.0
  },
  "minestuck:obsidiator": {
    "distracted": 1.0,
    "unaware": 1.0
  },
  "minestuck:angel_apocalypse": {
    "distracted": 1.4,
    "unaware": 1.8
  },
  "minestuck:spork": {
    "distracted": 1.1,
    "unaware": 1.2
  },
  "minestuck:bident": {
    "distracted": 1.1,
    "unaware": 1.2
  },
  "minestuck:candy_fork": {
    "distracted": 1.1,
    "unaware": 1.2
  },
  "minestuck:less_proper_walking_stick_sheathed": {
    "distracted": 1.1,
    "unaware": 1.2
  },
  "minestuck:demonbane_ragripper_lipstick": {
    "distracted": 1.1,
    "unaware": 1.2
  },
  "minestuck:skeleton_displacer_sheathed": {
    "distracted": 1.1,
    "unaware": 1.2
  },
  "minestuck:mailbox": {
    "distracted": 1.1,
    "unaware": 1.2
  },
  "minestuck:deuce_club": {
    "distracted": 1.25,
    "unaware": 1.5
  },
  "minestuck:rockefellers_walking_bladecane_sheathed": {
    "distracted": 1.1,
    "unaware": 1.2
  },
  "minestuck:frosty_macuahuitl": {
    "distracted": 1.1,
    "unaware": 1.2
  },
  "minestuck:lion_lacerators_sheathed": {
    "distracted": 1.1,
    "unaware": 1.2
  },
  "minestuck:pogo_cane": {
    "distracted": 1.1,
    "unaware": 1.2
  },
  "minestuck:dragon_cane": {
    "distracted": 1.1,
    "unaware": 1.2
  },
  "minestuck:spear_cane": {
    "distracted": 1.1,
    "unaware": 1.2
  },
  "minestuck:atomikitty_katar_sheathed": {
    "distracted": 1.1,
    "unaware": 1.2
  },
  "minestuck:candy_cane": {
    "distracted": 1.1,
    "unaware": 1.2
  },
  "minestuck:steel_edge_candycutter": {
    "distracted": 1.1,
    "unaware": 1.2
  },
  "minestuck:skeletonizer_sheathed": {
    "distracted": 1.1,
    "unaware": 1.2
  },
  "minestuck:shatter_bacon": {
    "distracted": 1.1,
    "unaware": 1.2
  },
  "minestuck:obsidiator_lipstick": {
    "distracted": 1.1,
    "unaware": 1.2
  },
  "minestuck:shatter_beacon": {
    "distracted": 1.1,
    "unaware": 1.2
  },
  "minestuck:cuestick": {
    "distracted": 1.4,
    "unaware": 1.8
  },
  "minestuck:stale_baguette": {
    "distracted": 1.25,
    "unaware": 1.5
  },
  "minestuck:ace_of_spades": {
    "distracted": 1.1,
    "unaware": 1.2
  },
  "minestuck:mwrthwl": {
    "distracted": 1.1,
    "unaware": 1.2
  },
  "minestuck:pointer_wand": {
    "distracted": 1.1,
    "unaware": 1.2
  },
  "minestuck:upper_crust_crust_cane": {
    "distracted": 1.1,
    "unaware": 1.2
  },
  "minestuck:crowbar": {
    "distracted": 1.1,
    "unaware": 1.2
  },
  "minestuck:demonbane_ragripper": {
    "distracted": 1.0,
    "unaware": 1.0
  },
  "minestuck:piglins_pride": {
    "distracted": 2.0,
    "unaware": 2.5
  },
  "minestuck:piston_powered_pogo_axehammer": {
    "distracted": 1.1,
    "unaware": 1.2
  },
  "minestuck:atomic_vaporizer": {
    "distracted": 2.0,
    "unaware": 2.5
  },
  "minestuck:regi_cane": {
    "distracted": 1.1,
    "unaware": 1.2
  },
  "minestuck:mine_and_grist": {
    "distracted": 1.4,
    "unaware": 2.0
  },
  "minestuck:basilisk_breath_dragonslayer": {
    "distracted": 2.0,
    "unaware": 2.5
  },
  "minestuck:magenta_mauler_lipstick": {
    "distracted": 1.1,
    "unaware": 1.2
  },
  "minestuck:red_eyes": {
    "distracted": 1.1,
    "unaware": 1.2
  },
  "minestuck:zephyr_cane": {
    "distracted": 1.1,
    "unaware": 1.2
  },
  "minestuck:action_claws_sheathed": {
    "distracted": 1.1,
    "unaware": 1.2
  },
  "minestuck:emerald_immolator_lipstick": {
    "distracted": 1.1,
    "unaware": 1.2
  },
  "minestuck:genesis_godstabber": {
    "distracted": 2.0,
    "unaware": 2.5
  },
  "minestuck:iron_cane": {
    "distracted": 1.1,
    "unaware": 1.2
  },
  "minestuck:black_kings_scepter": {
    "distracted": 1.1,
    "unaware": 1.2
  },
  "minestuck:cakesaw_lipstick": {
    "distracted": 1.1,
    "unaware": 1.2
  },
  "minestuck:crocker_spoon": {
    "distracted": 1.25,
    "unaware": 1.5
  },
  "minestuck:sord": {
    "distracted": 1.25,
    "unaware": 1.5
  },
  "minestuck:electric_fork": {
    "distracted": 1.1,
    "unaware": 1.2
  },
  "minestuck:eeeeeeeeeeee": {
    "distracted": 1.1,
    "unaware": 1.2
  },
  "minestuck:emerald_immolator": {
    "distracted": 1.0,
    "unaware": 1.0
  },
  "minestuck:devils_delight": {
    "distracted": 1.0,
    "unaware": 1.0
  },
  "minestuck:nightstick": {
    "distracted": 1.1,
    "unaware": 1.2
  },
  "minestuck:chancewyrms_extra_fortunate_stabbing_implement": {
    "distracted": 1.1,
    "unaware": 1.2
  },
  "minestuck:edisons_fury": {
    "distracted": 1.3,
    "unaware": 1.6
  },
  "minestuck:prime_staff": {
    "distracted": 1.1,
    "unaware": 1.2
  },
  "minestuck:thistleblower_lipstick": {
    "distracted": 1.1,
    "unaware": 1.2
  },
  "minestuck:caledfwlch": {
    "distracted": 1.2,
    "unaware": 1.4
  },
  "minestuck:obsidian_axe_knife": {
    "distracted": 1.1,
    "unaware": 1.2
  },
  "minestuck:pointy_stick": {
    "distracted": 1.25,
    "unaware": 1.5
  },
  "minestuck:frosttooth": {
    "distracted": 1.0,
    "unaware": 1.0
  },
  "minestuck:macuahuitl": {
    "distracted": 1.1,
    "unaware": 1.2
  },
  "minestuck:princess_peril": {
    "distracted": 2.0,
    "unaware": 2.5
  },
  "minestuck:less_proper_walking_stick": {
    "distracted": 1.25,
    "unaware": 1.5
  },
  "minestuck:barbers_best_friend": {
    "distracted": 1.1,
    "unaware": 1.2
  },
  "minestuck:bear_poking_stick": {
    "distracted": 1.1,
    "unaware": 1.2
  },
  "minestuck:devil_fork": {
    "distracted": 1.3,
    "unaware": 1.6
  },
  "minestuck:magenta_mauler": {
    "distracted": 1.0,
    "unaware": 1.0
  },
  "minestuck:choco_loco_woodsplitter": {
    "distracted": 1.1,
    "unaware": 1.2
  },
  "minestuck:tears_of_the_enderlich_sheathed": {
    "distracted": 1.1,
    "unaware": 1.2
  },
  "minestuck:glub_club": {
    "distracted": 1.1,
    "unaware": 1.2
  },
  "minestuck:artifucker": {
    "distracted": 1.5,
    "unaware": 1.75
  },
  "minestuck:nife": {
    "distracted": 2.0,
    "unaware": 2.5
  },
  "minestuck:scarlet_ribbitar": {
    "distracted": 1.1,
    "unaware": 1.2
  },
  "minestuck:rockefellers_walking_bladecane": {
    "distracted": 1.25,
    "unaware": 1.5
  },
  "minestuck:fluorite_octet": {
    "distracted": 1.5,
    "unaware": 2.0
  },
  "minestuck:melonballer": {
    "distracted": 1.1,
    "unaware": 1.2
  },
  "minestuck:night_club": {
    "distracted": 1.1,
    "unaware": 1.2
  },
  "minestuck:hellbringers_hoe_inactive": {
    "distracted": 1.3,
    "unaware": 1.6
  },
  "minestuck:hallowed_skewer": {
    "distracted": 2.0,
    "unaware": 2.5
  },
  "minestuck:wooden_spoon": {
    "distracted": 1.1,
    "unaware": 1.2
  },
  "minestuck:eating_fork_gem": {
    "distracted": 1.1,
    "unaware": 1.2
  },
  "minestuck:prim_and_proper_walking_pole": {
    "distracted": 1.1,
    "unaware": 1.2
  },
  "minestuck:pumord": {
    "distracted": 1.25,
    "unaware": 1.5
  },
  "minestuck:fire_poker": {
    "distracted": 1.4,
    "unaware": 1.8
  },
  "minestuck:fork": {
    "distracted": 1.1,
    "unaware": 1.2
  },
  "minestuck:subtractshumidire_zomorrodnegative": {
    "distracted": 1.1,
    "unaware": 1.2
  },
  "minestuck:sightseeker": {
    "distracted": 1.3,
    "unaware": 1.6
  },
  "minestuck:cricket_bat": {
    "distracted": 1.1,
    "unaware": 1.2
  },
  "minestuck:cane": {
    "distracted": 1.1,
    "unaware": 1.2
  },
  "minestuck:crocker_fork": {
    "distracted": 1.35,
    "unaware": 1.7
  },
  "minestuck:devils_delight_lipstick": {
    "distracted": 1.1,
    "unaware": 1.2
  },
  "minestuck:claw_of_nrubyiglith": {
    "distracted": 1.3,
    "unaware": 1.6
  },
  "minestuck:makeshift_claws_sheathed": {
    "distracted": 1.1,
    "unaware": 1.2
  },
  "minestuck:ace_of_diamonds": {
    "distracted": 1.1,
    "unaware": 1.2
  },
  "minestuck:throngler": {
    "distracted": 1.1,
    "unaware": 1.2
  },
  "minestuck:caledscratch": {
    "distracted": 1.2,
    "unaware": 1.4
  },
  "minestuck:music_sword": {
    "distracted": 1.1,
    "unaware": 1.2
  },
  "minestuck:silver_spoon": {
    "distracted": 1.1,
    "unaware": 1.2
  },
  "minestuck:white_kings_scepter": {
    "distracted": 1.1,
    "unaware": 1.2
  },
  "minestuck:fission_focused_fault_feller": {
    "distracted": 1.1,
    "unaware": 1.2
  },
  "minestuck:terrain_flatenator": {
    "distracted": 1.1,
    "unaware": 1.2
  },
  "minestuck:paradises_portabello": {
    "distracted": 1.1,
    "unaware": 1.2
  },
  "minestuck:cruel_fate_crucible": {
    "distracted": 1.1,
    "unaware": 1.2
  },
  "minestuck:tuning_fork": {
    "distracted": 1.1,
    "unaware": 1.2
  },
  "minestuck:motor_fan": {
    "distracted": 2.0,
    "unaware": 2.5
  },
  "minestuck:cat_claws_sheathed": {
    "distracted": 1.1,
    "unaware": 1.2
  },
  "minestuck:golden_spork": {
    "distracted": 1.1,
    "unaware": 1.2
  },
  "minestuck:lipstick": {
    "distracted": 1.1,
    "unaware": 1.2
  }
}