{
  "monstersandmushrooms:maggartstaff": {
    "distracted": 1.1,
    "unaware": 1.2
  },
  "monstersandmushrooms:magmacubestaff": {
    "distracted": 1.1,
    "unaware": 1.2
  },
  "monstersandmushrooms:meangreenwand": {
    "distracted": 1.1,
    "unaware": 1.2
  },
  "monstersandmushrooms:blazewand": {
    "distracted": 1.1,
    "unaware": 1.2
  },
  "monstersandmushrooms:bugsywand": {
    "distracted": 1.1,
    "unaware": 1.2
  },
  "monstersandmushrooms:endwand": {
    "distracted": 1.1,
    "unaware": 1.2
  },
  "monstersandmushrooms:endstaff": {
    "distracted": 1.1,
    "unaware": 1.2
  },
  "monstersandmushrooms:straystaff": {
    "distracted": 1.1,
    "unaware": 1.2
  },
  "monstersandmushrooms:brutesword": {
    "distracted": 1.2,
    "unaware": 1.4
  },
  "monstersandmushrooms:shroomsterstaff": {
    "distracted": 1.1,
    "unaware": 1.2
  }
}