{
  "moonsweaponry:netherite_warglaive": {
    "distracted": 1.25,
    "unaware": 1.5
  },
  "moonsweaponry:diamond_halberd": {
    "distracted": 1.1,
    "unaware": 1.2
  },
  "moonsweaponry:netherite_halberd": {
    "distracted": 1.1,
    "unaware": 1.2
  },
  "moonsweaponry:stone_hammer": {
    "distracted": 1.1,
    "unaware": 1.2
  },
  "moonsweaponry:iron_halberd": {
    "distracted": 1.1,
    "unaware": 1.2
  },
  "moonsweaponry:iron_hammer": {
    "distracted": 1.1,
    "unaware": 1.2
  },
  "moonsweaponry:stone_warglaive": {
    "distracted": 1.25,
    "unaware": 1.5
  },
  "moonsweaponry:diamond_warglaive": {
    "distracted": 1.25,
    "unaware": 1.5
  },
  "moonsweaponry:diamond_hammer": {
    "distracted": 1.1,
    "unaware": 1.2
  },
  "moonsweaponry:wooden_halberd": {
    "distracted": 1.1,
    "unaware": 1.2
  },
  "moonsweaponry:wooden_hammer": {
    "distracted": 1.1,
    "unaware": 1.2
  },
  "moonsweaponry:golden_halberd": {
    "distracted": 1.1,
    "unaware": 1.2
  },
  "moonsweaponry:netherite_hammer": {
    "distracted": 1.1,
    "unaware": 1.2
  },
  "moonsweaponry:stone_halberd": {
    "distracted": 1.1,
    "unaware": 1.2
  },
  "moonsweaponry:golden_warglaive": {
    "distracted": 1.25,
    "unaware": 1.5
  },
  "moonsweaponry:wooden_warglaive": {
    "distracted": 1.25,
    "unaware": 1.5
  },
  "moonsweaponry:golden_hammer": {
    "distracted": 1.1,
    "unaware": 1.2
  },
  "moonsweaponry:iron_warglaive": {
    "distracted": 1.25,
    "unaware": 1.5
  }
}