{
  "simplyswords:soulrender": {
    "distracted": 1.3,
    "unaware": 1.6
  },
  "simplyswords:arcanethyst": {
    "distracted": 1.1,
    "unaware": 1.2
  },
  "simplyswords:thunderbrand": {
    "distracted": 1.1,
    "unaware": 1.2
  },
  "simplyswords:icewhisper": {
    "distracted": 1.1,
    "unaware": 1.2
  },
  "simplyswords:mjolnir": {
    "distracted": 1.1,
    "unaware": 1.2
  },
  "simplyswords:soulkeeper": {
    "distracted": 1.1,
    "unaware": 1.2
  },
  "simplyswords:soulpyre": {
    "distracted": 1.1,
    "unaware": 1.2
  },
  "simplyswords:shadowsting": {
    "distracted": 1.4,
    "unaware": 1.8
  }
}