{
  "spore:infected_crossbow": {
    "distracted": 1.1,
    "unaware": 1.2
  },
  "spore:infected_spear": {
    "distracted": 1.1,
    "unaware": 1.2
  },
  "spore:greatsword": {
    "distracted": 1.1,
    "unaware": 1.2
  },
  "spore:armads": {
    "distracted": 1.1,
    "unaware": 1.2
  },
  "spore:infected_bow": {
    "distracted": 1.3,
    "unaware": 1.6
  },
  "spore:knife": {
    "distracted": 2.0,
    "unaware": 2.5
  },
  "spore:maul": {
    "distracted": 1.1,
    "unaware": 1.2
  },
  "spore:rapier": {
    "distracted": 1.4,
    "unaware": 1.8
  },
  "spore:scythe": {
    "distracted": 1.3,
    "unaware": 1.6
  },
  "spore:mace": {
    "distracted": 1.1,
    "unaware": 1.2
  }
}