{
    "variants" : {
    "rats:textures/entity/beasts/feral_ratlantean_black.png": "outlined_sprite:rats/rat/beasts/feral_ratlantean_black.png",
    "rats:textures/entity/beasts/feral_ratlantean_blue.png": "outlined_sprite:rats/rat/beasts/feral_ratlantean_blue.png",
    "rats:textures/entity/beasts/feral_ratlantean_brown.png": "outlined_sprite:rats/rat/beasts/feral_ratlantean_brown.png",
    "rats:textures/entity/beasts/feral_ratlantean_green.png": "outlined_sprite:rats/rat/beasts/feral_ratlantean_green.png",
    "layersAllowed": true
}
}