{
  "alexs_armoury:netherite_whip": [
    {
      "attribute": "forge:entity_reach",
      "modify": 1.5,
      "operation": "ADDITION"
    },
    {
      "attribute": "minecraft:generic.attack_damage",
      "modify": 0.5,
      "operation": "ADDITION"
    }
  ],
  "alexs_armoury:netherite_mace": [
    {
      "attribute": "minecraft:generic.attack_damage",
      "modify": 2.0,
      "operation": "ADDITION"
    }
  ],
  "alexs_armoury:diamond_fist": [
    {
      "attribute": "minecraft:generic.attack_damage",
      "modify": 0.5,
      "operation": "ADDITION"
    }
  ],
  "alexs_armoury:golden_mace": [
    {
      "attribute": "minecraft:generic.attack_damage",
      "modify": 2.0,
      "operation": "ADDITION"
    }
  ],
  "alexs_armoury:iron_fist": [
    {
      "attribute": "minecraft:generic.attack_damage",
      "modify": 0.5,
      "operation": "ADDITION"
    }
  ],
  "alexs_armoury:netherite_fist": [
    {
      "attribute": "minecraft:generic.attack_damage",
      "modify": 0.5,
      "operation": "ADDITION"
    }
  ],
  "alexs_armoury:iron_whip": [
    {
      "attribute": "forge:entity_reach",
      "modify": 1.5,
      "operation": "ADDITION"
    },
    {
      "attribute": "minecraft:generic.attack_damage",
      "modify": 0.5,
      "operation": "ADDITION"
    }
  ],
  "alexs_armoury:golden_whip": [
    {
      "attribute": "forge:entity_reach",
      "modify": 1.5,
      "operation": "ADDITION"
    },
    {
      "attribute": "minecraft:generic.attack_damage",
      "modify": 0.5,
      "operation": "ADDITION"
    }
  ],
  "alexs_armoury:iron_mace": [
    {
      "attribute": "minecraft:generic.attack_damage",
      "modify": 2.0,
      "operation": "ADDITION"
    }
  ],
  "alexs_armoury:diamond_whip": [
    {
      "attribute": "forge:entity_reach",
      "modify": 1.5,
      "operation": "ADDITION"
    },
    {
      "attribute": "minecraft:generic.attack_damage",
      "modify": 0.5,
      "operation": "ADDITION"
    }
  ],
  "alexs_armoury:diamond_mace": [
    {
      "attribute": "minecraft:generic.attack_damage",
      "modify": 2.0,
      "operation": "ADDITION"
    }
  ],
  "alexs_armoury:golden_fist": [
    {
      "attribute": "minecraft:generic.attack_damage",
      "modify": 0.5,
      "operation": "ADDITION"
    }
  ]
}