{
  "bloodandmadness:weapons/chikage": [
    {
      "attribute": "forge:entity_reach",
      "modify": 1.0,
      "operation": "ADDITION"
    }
  ],
  "bloodandmadness:weapons/saw_cleaver_extended": [
    {
      "attribute": "forge:entity_reach",
      "modify": 1.0,
      "operation": "ADDITION"
    }
  ],
  "bloodandmadness:weapons/saw_cleaver": [
    {
      "attribute": "minecraft:generic.attack_speed",
      "modify": 0.0,
      "operation": "ADDITION"
    }
  ],
  "bloodandmadness:weapons/chikage_extended": [
    {
      "attribute": "forge:entity_reach",
      "modify": 1.0,
      "operation": "ADDITION"
    }
  ],
  "bloodandmadness:weapons/threaded_cane_whip": [
    {
      "attribute": "forge:entity_reach",
      "modify": 2.0,
      "operation": "ADDITION"
    }
  ],
  "bloodandmadness:weapons/shadow_blade": [
    {
      "attribute": "forge:entity_reach",
      "modify": 1.0,
      "operation": "ADDITION"
    }
  ]
}