{
  "blue_skies:maple_spear": [
    {
      "attribute": "forge:entity_reach",
      "modify": 1.0,
      "operation": "ADDITION"
    },
    {
      "attribute": "minecraft:generic.attack_damage",
      "modify": 1.0,
      "operation": "ADDITION"
    }
  ],
  "blue_skies:soulbound_spear": [
    {
      "attribute": "forge:entity_reach",
      "modify": 1.0,
      "operation": "ADDITION"
    },
    {
      "attribute": "minecraft:generic.attack_damage",
      "modify": 1.0,
      "operation": "ADDITION"
    }
  ],
  "blue_skies:bluebright_spear": [
    {
      "attribute": "forge:entity_reach",
      "modify": 1.0,
      "operation": "ADDITION"
    },
    {
      "attribute": "minecraft:generic.attack_damage",
      "modify": 1.0,
      "operation": "ADDITION"
    }
  ],
  "blue_skies:spike_shield": [
    {
      "attribute": "minecraft:generic.attack_speed",
      "modify": 0.0,
      "operation": "ADDITION"
    },
    {
      "attribute": "minecraft:generic.attack_damage",
      "modify": 0.0,
      "operation": "ADDITION"
    }
  ],
  "blue_skies:frostbright_spear": [
    {
      "attribute": "forge:entity_reach",
      "modify": 1.0,
      "operation": "ADDITION"
    },
    {
      "attribute": "minecraft:generic.attack_damage",
      "modify": 1.0,
      "operation": "ADDITION"
    }
  ],
  "blue_skies:cherry_spear": [
    {
      "attribute": "forge:entity_reach",
      "modify": 1.0,
      "operation": "ADDITION"
    },
    {
      "attribute": "minecraft:generic.attack_damage",
      "modify": 1.0,
      "operation": "ADDITION"
    }
  ],
  "blue_skies:lunar_spear": [
    {
      "attribute": "forge:entity_reach",
      "modify": 1.0,
      "operation": "ADDITION"
    },
    {
      "attribute": "minecraft:generic.attack_damage",
      "modify": 1.0,
      "operation": "ADDITION"
    }
  ],
  "blue_skies:dusk_spear": [
    {
      "attribute": "forge:entity_reach",
      "modify": 1.0,
      "operation": "ADDITION"
    },
    {
      "attribute": "minecraft:generic.attack_damage",
      "modify": 1.0,
      "operation": "ADDITION"
    }
  ],
  "blue_skies:starlit_spear": [
    {
      "attribute": "forge:entity_reach",
      "modify": 1.0,
      "operation": "ADDITION"
    },
    {
      "attribute": "minecraft:generic.attack_damage",
      "modify": 1.0,
      "operation": "ADDITION"
    }
  ]
}