{
  "butchercraft:skinning_knife": [
    {
      "attribute": "minecraft:generic.attack_speed",
      "modify": -2.0,
      "operation": "ADDITION"
    },
    {
      "attribute": "minecraft:generic.attack_damage",
      "modify": -1.0,
      "operation": "ADDITION"
    }
  ],
  "butchercraft:gut_knife": [
    {
      "attribute": "minecraft:generic.attack_speed",
      "modify": -2.0,
      "operation": "ADDITION"
    },
    {
      "attribute": "minecraft:generic.attack_damage",
      "modify": -2.0,
      "operation": "ADDITION"
    }
  ],
  "butchercraft:butcher_knife": [
    {
      "attribute": "minecraft:generic.attack_speed",
      "modify": -3.0,
      "operation": "ADDITION"
    },
    {
      "attribute": "minecraft:generic.attack_damage",
      "modify": -1.0,
      "operation": "ADDITION"
    }
  ],
  "butchercraft:bone_saw": [
    {
      "attribute": "minecraft:generic.attack_speed",
      "modify": -3.0,
      "operation": "ADDITION"
    },
    {
      "attribute": "minecraft:generic.attack_damage",
      "modify": -1.0,
      "operation": "ADDITION"
    }
  ]
}