{
  "cataclysm:coral_bardiche": [
    {
      "attribute": "forge:entity_reach",
      "modify": 0.5,
      "operation": "ADDITION"
    }
  ],
  "cataclysm:bulwark_of_the_flame": [
    {
      "attribute": "minecraft:generic.attack_speed",
      "modify": -3.7,
      "operation": "ADDITION"
    },
    {
      "attribute": "forge:entity_reach",
      "modify": 0.5,
      "operation": "ADDITION"
    },
    {
      "attribute": "minecraft:generic.attack_damage",
      "modify": 3.0,
      "operation": "ADDITION"
    }
  ],
  "cataclysm:athame": [
    {
      "attribute": "forge:entity_reach",
      "modify": 1.0,
      "operation": "ADDITION"
    }
  ],
  "cataclysm:coral_spear": [
    {
      "attribute": "forge:entity_reach",
      "modify": 1.0,
      "operation": "ADDITION"
    }
  ],
  "cataclysm:void_assault_shoulder_weapon": [
    {
      "attribute": "forge:entity_reach",
      "modify": 1.0,
      "operation": "ADDITION"
    },
    {
      "attribute": "minecraft:generic.attack_damage",
      "modify": 6.0,
      "operation": "ADDITION"
    }
  ]
}