{
  "celestisynth:rainfall_serenity": [
    {
      "attribute": "forge:entity_reach",
      "modify": 1.0,
      "operation": "ADDITION"
    },
    {
      "attribute": "minecraft:generic.attack_damage",
      "modify": 5.0,
      "operation": "ADDITION"
    }
  ],
  "celestisynth:aquaflora": [
    {
      "attribute": "minecraft:generic.attack_speed",
      "modify": -0.4,
      "operation": "ADDITION"
    },
    {
      "attribute": "forge:entity_reach",
      "modify": 0.5,
      "operation": "ADDITION"
    },
    {
      "attribute": "minecraft:generic.attack_damage",
      "modify": 1.0,
      "operation": "ADDITION"
    }
  ],
  "celestisynth:crescentia": [
    {
      "attribute": "forge:entity_reach",
      "modify": 0.5,
      "operation": "ADDITION"
    }
  ],
  "celestisynth:breezebreaker": [
    {
      "attribute": "forge:entity_reach",
      "modify": 1.0,
      "operation": "ADDITION"
    },
    {
      "attribute": "minecraft:generic.attack_damage",
      "modify": 1.0,
      "operation": "ADDITION"
    }
  ],
  "celestisynth:poltergeist": [
    {
      "attribute": "forge:entity_reach",
      "modify": 1.0,
      "operation": "ADDITION"
    }
  ]
}