{
  "coldsgauntlets:iron_gauntlet": [
    {
      "attribute": "minecraft:generic.attack_speed",
      "modify": 0.5,
      "operation": "ADDITION"
    },
    {
      "attribute": "minecraft:generic.attack_damage",
      "modify": -3.0,
      "operation": "ADDITION"
    }
  ],
  "coldsgauntlets:netherite_gauntlet": [
    {
      "attribute": "minecraft:generic.attack_speed",
      "modify": 0.5,
      "operation": "ADDITION"
    },
    {
      "attribute": "minecraft:generic.attack_damage",
      "modify": -3.0,
      "operation": "ADDITION"
    }
  ],
  "coldsgauntlets:diamond_gauntlet": [
    {
      "attribute": "minecraft:generic.attack_speed",
      "modify": 0.5,
      "operation": "ADDITION"
    },
    {
      "attribute": "minecraft:generic.attack_damage",
      "modify": -3.0,
      "operation": "ADDITION"
    }
  ],
  "coldsgauntlets:golden_gauntlet": [
    {
      "attribute": "minecraft:generic.attack_speed",
      "modify": 0.5,
      "operation": "ADDITION"
    },
    {
      "attribute": "minecraft:generic.attack_damage",
      "modify": -3.0,
      "operation": "ADDITION"
    }
  ],
  "coldsgauntlets:stone_gauntlet": [
    {
      "attribute": "minecraft:generic.attack_speed",
      "modify": 0.5,
      "operation": "ADDITION"
    },
    {
      "attribute": "minecraft:generic.attack_damage",
      "modify": -3.0,
      "operation": "ADDITION"
    }
  ],
  "coldsgauntlets:wooden_gauntlet": [
    {
      "attribute": "minecraft:generic.attack_speed",
      "modify": 0.5,
      "operation": "ADDITION"
    },
    {
      "attribute": "minecraft:generic.attack_damage",
      "modify": -3.0,
      "operation": "ADDITION"
    }
  ]
}