{
  "cyclic:boomerang_damage": [
    {
      "attribute": "minecraft:generic.attack_speed",
      "modify": -2.8,
      "operation": "ADDITION"
    },
    {
      "attribute": "forge:entity_reach",
      "modify": 2.0,
      "operation": "ADDITION"
    },
    {
      "attribute": "minecraft:generic.attack_damage",
      "modify": 3.0,
      "operation": "ADDITION"
    }
  ],
  "cyclic:boomerang_stun": [
    {
      "attribute": "minecraft:generic.attack_speed",
      "modify": -2.8,
      "operation": "ADDITION"
    },
    {
      "attribute": "forge:entity_reach",
      "modify": 2.0,
      "operation": "ADDITION"
    },
    {
      "attribute": "minecraft:generic.attack_damage",
      "modify": 3.0,
      "operation": "ADDITION"
    }
  ],
  "cyclic:boomerang_carry": [
    {
      "attribute": "minecraft:generic.attack_speed",
      "modify": -2.8,
      "operation": "ADDITION"
    },
    {
      "attribute": "forge:entity_reach",
      "modify": 2.0,
      "operation": "ADDITION"
    },
    {
      "attribute": "minecraft:generic.attack_damage",
      "modify": 3.0,
      "operation": "ADDITION"
    }
  ]
}