{
  "davespotioneering:orange_umbrella": [
    {
      "attribute": "forge:entity_reach",
      "modify": 1.0,
      "operation": "ADDITION"
    }
  ],
  "davespotioneering:light_gray_umbrella": [
    {
      "attribute": "forge:entity_reach",
      "modify": 1.0,
      "operation": "ADDITION"
    }
  ],
  "davespotioneering:potioneer_gauntlet": [
    {
      "attribute": "minecraft:generic.attack_speed",
      "modify": 0.2,
      "operation": "ADDITION"
    },
    {
      "attribute": "minecraft:generic.attack_damage",
      "modify": -3.0,
      "operation": "ADDITION"
    }
  ],
  "davespotioneering:gilded_umbrella": [
    {
      "attribute": "forge:entity_reach",
      "modify": 1.0,
      "operation": "ADDITION"
    }
  ],
  "davespotioneering:netherite_gauntlet": [
    {
      "attribute": "minecraft:generic.attack_speed",
      "modify": 0.2,
      "operation": "ADDITION"
    },
    {
      "attribute": "minecraft:generic.attack_damage",
      "modify": -3.0,
      "operation": "ADDITION"
    }
  ],
  "davespotioneering:black_umbrella": [
    {
      "attribute": "forge:entity_reach",
      "modify": 1.0,
      "operation": "ADDITION"
    }
  ],
  "davespotioneering:gray_umbrella": [
    {
      "attribute": "forge:entity_reach",
      "modify": 1.0,
      "operation": "ADDITION"
    }
  ],
  "davespotioneering:brown_umbrella": [
    {
      "attribute": "forge:entity_reach",
      "modify": 1.0,
      "operation": "ADDITION"
    }
  ],
  "davespotioneering:pink_umbrella": [
    {
      "attribute": "forge:entity_reach",
      "modify": 1.0,
      "operation": "ADDITION"
    }
  ],
  "davespotioneering:red_umbrella": [
    {
      "attribute": "forge:entity_reach",
      "modify": 1.0,
      "operation": "ADDITION"
    }
  ],
  "davespotioneering:cyan_umbrella": [
    {
      "attribute": "forge:entity_reach",
      "modify": 1.0,
      "operation": "ADDITION"
    }
  ],
  "davespotioneering:rudimentary_gauntlet": [
    {
      "attribute": "minecraft:generic.attack_speed",
      "modify": 0.2,
      "operation": "ADDITION"
    },
    {
      "attribute": "minecraft:generic.attack_damage",
      "modify": -2.0,
      "operation": "ADDITION"
    }
  ],
  "davespotioneering:green_umbrella": [
    {
      "attribute": "forge:entity_reach",
      "modify": 1.0,
      "operation": "ADDITION"
    }
  ],
  "davespotioneering:white_umbrella": [
    {
      "attribute": "forge:entity_reach",
      "modify": 1.0,
      "operation": "ADDITION"
    }
  ],
  "davespotioneering:lime_umbrella": [
    {
      "attribute": "forge:entity_reach",
      "modify": 1.0,
      "operation": "ADDITION"
    }
  ],
  "davespotioneering:blue_umbrella": [
    {
      "attribute": "forge:entity_reach",
      "modify": 1.0,
      "operation": "ADDITION"
    }
  ],
  "davespotioneering:magenta_umbrella": [
    {
      "attribute": "forge:entity_reach",
      "modify": 1.0,
      "operation": "ADDITION"
    }
  ],
  "davespotioneering:aged_umbrella": [
    {
      "attribute": "forge:entity_reach",
      "modify": 1.0,
      "operation": "ADDITION"
    }
  ],
  "davespotioneering:light_blue_umbrella": [
    {
      "attribute": "forge:entity_reach",
      "modify": 1.0,
      "operation": "ADDITION"
    }
  ],
  "davespotioneering:yellow_umbrella": [
    {
      "attribute": "forge:entity_reach",
      "modify": 1.0,
      "operation": "ADDITION"
    }
  ],
  "davespotioneering:purple_umbrella": [
    {
      "attribute": "forge:entity_reach",
      "modify": 1.0,
      "operation": "ADDITION"
    }
  ]
}