{
  "exdeorum:diamond_hammer": [
    {
      "attribute": "minecraft:generic.attack_speed",
      "modify": -0.4,
      "operation": "ADDITION"
    }
  ],
  "exdeorum:stone_hammer": [
    {
      "attribute": "minecraft:generic.attack_speed",
      "modify": -0.4,
      "operation": "ADDITION"
    }
  ],
  "exdeorum:iron_hammer": [
    {
      "attribute": "minecraft:generic.attack_speed",
      "modify": -0.4,
      "operation": "ADDITION"
    }
  ],
  "exdeorum:netherite_hammer": [
    {
      "attribute": "minecraft:generic.attack_speed",
      "modify": -0.4,
      "operation": "ADDITION"
    }
  ],
  "exdeorum:wooden_hammer": [
    {
      "attribute": "minecraft:generic.attack_speed",
      "modify": -0.4,
      "operation": "ADDITION"
    }
  ],
  "exdeorum:golden_hammer": [
    {
      "attribute": "minecraft:generic.attack_speed",
      "modify": -0.4,
      "operation": "ADDITION"
    }
  ],
  "exdeorum:bone_crook": [
    {
      "attribute": "minecraft:generic.attack_speed",
      "modify": -2.7,
      "operation": "ADDITION"
    }
  ],
  "exdeorum:crook": [
    {
      "attribute": "minecraft:generic.attack_speed",
      "modify": -2.7,
      "operation": "ADDITION"
    }
  ]
}