{
  "extradelight:iron_spoon": [
    {
      "attribute": "minecraft:generic.attack_speed",
      "modify": 0.0,
      "operation": "ADDITION"
    }
  ],
  "extradelight:wooden_spoon": [
    {
      "attribute": "minecraft:generic.attack_speed",
      "modify": 0.0,
      "operation": "ADDITION"
    }
  ],
  "extradelight:diamond_spoon": [
    {
      "attribute": "minecraft:generic.attack_speed",
      "modify": 0.0,
      "operation": "ADDITION"
    }
  ],
  "extradelight:stone_spoon": [
    {
      "attribute": "minecraft:generic.attack_speed",
      "modify": 0.0,
      "operation": "ADDITION"
    }
  ],
  "extradelight:gold_spoon": [
    {
      "attribute": "minecraft:generic.attack_speed",
      "modify": 0.0,
      "operation": "ADDITION"
    }
  ],
  "extradelight:netherite_spoon": [
    {
      "attribute": "minecraft:generic.attack_speed",
      "modify": 0.0,
      "operation": "ADDITION"
    }
  ]
}