{
  "grimoireofgaia:fan_ice": [
    {
      "attribute": "minecraft:generic.attack_damage",
      "modify": 5.0,
      "operation": "ADDITION"
    }
  ],
  "grimoireofgaia:fan": [
    {
      "attribute": "minecraft:generic.attack_damage",
      "modify": 5.0,
      "operation": "ADDITION"
    }
  ],
  "grimoireofgaia:metal_club": [
    {
      "attribute": "forge:entity_reach",
      "modify": -0.5,
      "operation": "ADDITION"
    },
    {
      "attribute": "minecraft:generic.attack_damage",
      "modify": 3.0,
      "operation": "ADDITION"
    }
  ]
}