{
  "grimreaper:soul_scythe_diamond": [
    {
      "attribute": "minecraft:generic.attack_damage",
      "modify": 1.0,
      "operation": "ADDITION"
    }
  ],
  "grimreaper:soul_scythe_gold": [
    {
      "attribute": "minecraft:generic.attack_damage",
      "modify": 1.0,
      "operation": "ADDITION"
    }
  ],
  "grimreaper:soul_scythe_netherite": [
    {
      "attribute": "minecraft:generic.attack_damage",
      "modify": 1.0,
      "operation": "ADDITION"
    }
  ],
  "grimreaper:soul_scythe_iron": [
    {
      "attribute": "minecraft:generic.attack_damage",
      "modify": 1.0,
      "operation": "ADDITION"
    }
  ],
  "grimreaper:soul_scythe_spectral": [
    {
      "attribute": "minecraft:generic.attack_damage",
      "modify": 1.0,
      "operation": "ADDITION"
    }
  ]
}