{
  "gunswithoutroses:diamond_shotgun": [
    {
      "attribute": "forge:entity_reach",
      "modify": 0.5,
      "operation": "ADDITION"
    },
    {
      "attribute": "minecraft:generic.attack_damage",
      "modify": 4.0,
      "operation": "ADDITION"
    }
  ],
  "gunswithoutroses:diamond_sniper": [
    {
      "attribute": "forge:entity_reach",
      "modify": 0.5,
      "operation": "ADDITION"
    },
    {
      "attribute": "minecraft:generic.attack_damage",
      "modify": 4.0,
      "operation": "ADDITION"
    }
  ]
}