{
  "joels_randoms_mod:executioner_claymore": [
    {
      "attribute": "forge:entity_reach",
      "modify": 1.5,
      "operation": "ADDITION"
    }
  ],
  "joels_randoms_mod:golden_scythe": [
    {
      "attribute": "forge:entity_reach",
      "modify": 0.5,
      "operation": "ADDITION"
    }
  ],
  "joels_randoms_mod:plunja_battleaxe": [
    {
      "attribute": "forge:entity_reach",
      "modify": 0.5,
      "operation": "ADDITION"
    }
  ],
  "joels_randoms_mod:high_frequency_claymore": [
    {
      "attribute": "forge:entity_reach",
      "modify": 0.5,
      "operation": "ADDITION"
    }
  ],
  "joels_randoms_mod:briefcase_sword": [
    {
      "attribute": "minecraft:generic.attack_speed",
      "modify": -0.7,
      "operation": "ADDITION"
    }
  ],
  "joels_randoms_mod:combat_mode_murasama_katana": [
    {
      "attribute": "forge:entity_reach",
      "modify": 0.5,
      "operation": "ADDITION"
    }
  ],
  "joels_randoms_mod:gunbai_coral_blade": [
    {
      "attribute": "forge:entity_reach",
      "modify": 1.5,
      "operation": "ADDITION"
    }
  ],
  "joels_randoms_mod:paintbrush_battlestaff": [
    {
      "attribute": "forge:entity_reach",
      "modify": 1.0,
      "operation": "ADDITION"
    }
  ],
  "joels_randoms_mod:buster_greatsword": [
    {
      "attribute": "forge:entity_reach",
      "modify": 1.5,
      "operation": "ADDITION"
    }
  ],
  "joels_randoms_mod:mop_battlestaff": [
    {
      "attribute": "forge:entity_reach",
      "modify": 1.0,
      "operation": "ADDITION"
    }
  ],
  "joels_randoms_mod:soul_claymore": [
    {
      "attribute": "forge:entity_reach",
      "modify": 1.5,
      "operation": "ADDITION"
    }
  ],
  "joels_randoms_mod:witches_broom_scythe": [
    {
      "attribute": "forge:entity_reach",
      "modify": 1.0,
      "operation": "ADDITION"
    }
  ]
}