{
  "lookinsharp:iron_spear": [
    {
      "attribute": "forge:entity_reach",
      "modify": 0.0,
      "operation": "ADDITION"
    }
  ],
  "lookinsharp:diamond_greatsword": [
    {
      "attribute": "minecraft:generic.attack_speed",
      "modify": -0.4,
      "operation": "ADDITION"
    },
    {
      "attribute": "forge:entity_reach",
      "modify": 1.0,
      "operation": "ADDITION"
    }
  ],
  "lookinsharp:wooden_spear": [
    {
      "attribute": "forge:entity_reach",
      "modify": 0.0,
      "operation": "ADDITION"
    }
  ],
  "lookinsharp:diamond_spear": [
    {
      "attribute": "forge:entity_reach",
      "modify": 0.0,
      "operation": "ADDITION"
    }
  ],
  "lookinsharp:netherite_greatsword": [
    {
      "attribute": "minecraft:generic.attack_speed",
      "modify": -0.4,
      "operation": "ADDITION"
    },
    {
      "attribute": "forge:entity_reach",
      "modify": 1.0,
      "operation": "ADDITION"
    }
  ],
  "lookinsharp:iron_greatsword": [
    {
      "attribute": "minecraft:generic.attack_speed",
      "modify": -0.4,
      "operation": "ADDITION"
    },
    {
      "attribute": "forge:entity_reach",
      "modify": 1.0,
      "operation": "ADDITION"
    }
  ],
  "lookinsharp:netherite_spear": [
    {
      "attribute": "forge:entity_reach",
      "modify": 0.0,
      "operation": "ADDITION"
    }
  ],
  "lookinsharp:wooden_greatsword": [
    {
      "attribute": "minecraft:generic.attack_speed",
      "modify": -0.4,
      "operation": "ADDITION"
    },
    {
      "attribute": "forge:entity_reach",
      "modify": 1.0,
      "operation": "ADDITION"
    }
  ],
  "lookinsharp:golden_spear": [
    {
      "attribute": "forge:entity_reach",
      "modify": 0.0,
      "operation": "ADDITION"
    }
  ],
  "lookinsharp:golden_greatsword": [
    {
      "attribute": "minecraft:generic.attack_speed",
      "modify": -0.4,
      "operation": "ADDITION"
    },
    {
      "attribute": "forge:entity_reach",
      "modify": 1.0,
      "operation": "ADDITION"
    }
  ],
  "lookinsharp:stone_spear": [
    {
      "attribute": "forge:entity_reach",
      "modify": 0.0,
      "operation": "ADDITION"
    }
  ],
  "lookinsharp:stone_greatsword": [
    {
      "attribute": "minecraft:generic.attack_speed",
      "modify": -0.4,
      "operation": "ADDITION"
    },
    {
      "attribute": "forge:entity_reach",
      "modify": 1.0,
      "operation": "ADDITION"
    }
  ]
}