{
  "mahoutsukai:replica": [
    {
      "attribute": "minecraft:generic.attack_speed",
      "modify": -3.5,
      "operation": "ADDITION"
    },
    {
      "attribute": "forge:entity_reach",
      "modify": 0.5,
      "operation": "ADDITION"
    },
    {
      "attribute": "minecraft:generic.attack_damage",
      "modify": 3.0,
      "operation": "ADDITION"
    }
  ],
  "mahoutsukai:dagger": [
    {
      "attribute": "minecraft:generic.attack_damage",
      "modify": 1.5,
      "operation": "ADDITION"
    }
  ]
}