{
  "meetyourfight:phantasmal_rifle": [
    {
      "attribute": "forge:entity_reach",
      "modify": 0.5,
      "operation": "ADDITION"
    },
    {
      "attribute": "minecraft:generic.attack_damage",
      "modify": 4.0,
      "operation": "ADDITION"
    }
  ],
  "meetyourfight:cocktail_shotgun": [
    {
      "attribute": "forge:entity_reach",
      "modify": 0.5,
      "operation": "ADDITION"
    },
    {
      "attribute": "minecraft:generic.attack_damage",
      "modify": 4.0,
      "operation": "ADDITION"
    }
  ],
  "meetyourfight:depth_star": [
    {
      "attribute": "forge:entity_reach",
      "modify": 1.0,
      "operation": "ADDITION"
    }
  ]
}