{
  "miapi:modular_naginata": [
    {
      "attribute": "forge:entity_reach",
      "modify": 1.0,
      "operation": "ADDITION"
    }
  ],
  "miapi:modular_spear": [
    {
      "attribute": "forge:entity_reach",
      "modify": 1.0,
      "operation": "ADDITION"
    }
  ],
  "miapi:modular_trident": [
    {
      "attribute": "forge:entity_reach",
      "modify": 1.0,
      "operation": "ADDITION"
    }
  ],
  "miapi:modular_longsword": [
    {
      "attribute": "forge:entity_reach",
      "modify": 0.5,
      "operation": "ADDITION"
    }
  ],
  "miapi:modular_katana": [
    {
      "attribute": "forge:entity_reach",
      "modify": 0.5,
      "operation": "ADDITION"
    }
  ]
}