{
  "minestuck:edisons_fury": [
    {
      "attribute": "forge:entity_reach",
      "modify": 1.0,
      "operation": "ADDITION"
    }
  ],
  "minestuck:crocker_fork": [
    {
      "attribute": "forge:entity_reach",
      "modify": 1.0,
      "operation": "ADDITION"
    }
  ],
  "minestuck:eating_fork_gem": [
    {
      "attribute": "forge:entity_reach",
      "modify": 1.0,
      "operation": "ADDITION"
    }
  ],
  "minestuck:claymore": [
    {
      "attribute": "forge:entity_reach",
      "modify": 1.0,
      "operation": "ADDITION"
    }
  ],
  "minestuck:devil_fork": [
    {
      "attribute": "forge:entity_reach",
      "modify": 1.0,
      "operation": "ADDITION"
    }
  ],
  "minestuck:terrain_flatenator": [
    {
      "attribute": "forge:entity_reach",
      "modify": 1.0,
      "operation": "ADDITION"
    }
  ],
  "minestuck:fork": [
    {
      "attribute": "forge:entity_reach",
      "modify": 1.0,
      "operation": "ADDITION"
    }
  ],
  "minestuck:electric_fork": [
    {
      "attribute": "forge:entity_reach",
      "modify": 1.0,
      "operation": "ADDITION"
    }
  ],
  "minestuck:tuning_fork": [
    {
      "attribute": "forge:entity_reach",
      "modify": 1.0,
      "operation": "ADDITION"
    }
  ],
  "minestuck:spork": [
    {
      "attribute": "forge:entity_reach",
      "modify": 1.0,
      "operation": "ADDITION"
    }
  ],
  "minestuck:bident": [
    {
      "attribute": "forge:entity_reach",
      "modify": 1.0,
      "operation": "ADDITION"
    }
  ],
  "minestuck:candy_fork": [
    {
      "attribute": "forge:entity_reach",
      "modify": 1.0,
      "operation": "ADDITION"
    }
  ],
  "minestuck:golden_spork": [
    {
      "attribute": "forge:entity_reach",
      "modify": 1.0,
      "operation": "ADDITION"
    }
  ],
  "minestuck:lanec": [
    {
      "attribute": "forge:entity_reach",
      "modify": 1.0,
      "operation": "ADDITION"
    }
  ]
}