{
  "mod_lavacow:sludge_wand": [
    {
      "attribute": "minecraft:generic.attack_speed",
      "modify": -2.0,
      "operation": "ADDITION"
    }
  ],
  "mod_lavacow:moltenhammer": [
    {
      "attribute": "forge:entity_reach",
      "modify": 1.0,
      "operation": "ADDITION"
    }
  ],
  "mod_lavacow:war": [
    {
      "attribute": "forge:entity_reach",
      "modify": 0.5,
      "operation": "ADDITION"
    },
    {
      "attribute": "minecraft:generic.attack_damage",
      "modify": 4.0,
      "operation": "ADDITION"
    }
  ]
}