{
  "monstersandmushrooms:meangreenwand": [
    {
      "attribute": "minecraft:generic.attack_speed",
      "modify": -2.0,
      "operation": "ADDITION"
    }
  ],
  "monstersandmushrooms:blazewand": [
    {
      "attribute": "minecraft:generic.attack_speed",
      "modify": -2.0,
      "operation": "ADDITION"
    }
  ],
  "monstersandmushrooms:bugsywand": [
    {
      "attribute": "minecraft:generic.attack_speed",
      "modify": -2.0,
      "operation": "ADDITION"
    }
  ],
  "monstersandmushrooms:endwand": [
    {
      "attribute": "minecraft:generic.attack_speed",
      "modify": -2.0,
      "operation": "ADDITION"
    }
  ],
  "monstersandmushrooms:brutesword": [
    {
      "attribute": "forge:entity_reach",
      "modify": 0.5,
      "operation": "ADDITION"
    }
  ]
}