{
  "musketmod:musket": [
    {
      "attribute": "forge:entity_reach",
      "modify": 0.5,
      "operation": "ADDITION"
    },
    {
      "attribute": "minecraft:generic.attack_damage",
      "modify": 4.0,
      "operation": "ADDITION"
    }
  ],
  "musketmod:musket_with_bayonet": [
    {
      "attribute": "forge:entity_reach",
      "modify": 0.5,
      "operation": "ADDITION"
    },
    {
      "attribute": "minecraft:generic.attack_damage",
      "modify": 4.0,
      "operation": "ADDITION"
    }
  ]
}