{
  "pyromancer:sizzling_hand": [
    {
      "attribute": "minecraft:generic.attack_speed",
      "modify": -2.0,
      "operation": "ADDITION"
    }
  ],
  "pyromancer:flammenklinge": [
    {
      "attribute": "forge:entity_reach",
      "modify": 0.5,
      "operation": "ADDITION"
    }
  ],
  "pyromancer:call_of_flames": [
    {
      "attribute": "minecraft:generic.attack_speed",
      "modify": -2.0,
      "operation": "ADDITION"
    }
  ],
  "pyromancer:court_of_embers": [
    {
      "attribute": "minecraft:generic.attack_speed",
      "modify": -2.0,
      "operation": "ADDITION"
    }
  ]
}