{
  "simplyswords:soulrender": [
    {
      "attribute": "forge:entity_reach",
      "modify": 1.0,
      "operation": "ADDITION"
    }
  ],
  "simplyswords:arcanethyst": [
    {
      "attribute": "forge:entity_reach",
      "modify": 2.0,
      "operation": "ADDITION"
    }
  ],
  "simplyswords:twisted_blade": [
    {
      "attribute": "forge:entity_reach",
      "modify": 1.0,
      "operation": "ADDITION"
    }
  ],
  "simplyswords:emberblade": [
    {
      "attribute": "forge:entity_reach",
      "modify": 1.0,
      "operation": "ADDITION"
    }
  ],
  "simplyswords:thunderbrand": [
    {
      "attribute": "forge:entity_reach",
      "modify": 2.0,
      "operation": "ADDITION"
    }
  ],
  "simplyswords:icewhisper": [
    {
      "attribute": "forge:entity_reach",
      "modify": 2.0,
      "operation": "ADDITION"
    }
  ],
  "simplyswords:stormbringer": [
    {
      "attribute": "forge:entity_reach",
      "modify": 1.0,
      "operation": "ADDITION"
    }
  ],
  "simplyswords:hearthflame": [
    {
      "attribute": "forge:entity_reach",
      "modify": 1.0,
      "operation": "ADDITION"
    }
  ],
  "simplyswords:mjolnir": [
    {
      "attribute": "forge:entity_reach",
      "modify": 1.0,
      "operation": "ADDITION"
    }
  ],
  "simplyswords:soulkeeper": [
    {
      "attribute": "forge:entity_reach",
      "modify": 1.0,
      "operation": "ADDITION"
    }
  ],
  "simplyswords:soulpyre": [
    {
      "attribute": "forge:entity_reach",
      "modify": 1.5,
      "operation": "ADDITION"
    }
  ],
  "simplyswords:shadowsting": [
    {
      "attribute": "forge:entity_reach",
      "modify": 1.0,
      "operation": "ADDITION"
    }
  ]
}