{
  "spore:infected_crossbow": [
    {
      "attribute": "minecraft:generic.attack_speed",
      "modify": -3.2,
      "operation": "ADDITION"
    },
    {
      "attribute": "forge:entity_reach",
      "modify": 1.0,
      "operation": "ADDITION"
    },
    {
      "attribute": "minecraft:generic.attack_damage",
      "modify": 5.0,
      "operation": "ADDITION"
    }
  ],
  "spore:infected_spear": [
    {
      "attribute": "forge:entity_reach",
      "modify": 0.2,
      "operation": "ADDITION"
    }
  ],
  "spore:greatsword": [
    {
      "attribute": "forge:entity_reach",
      "modify": -1.5,
      "operation": "ADDITION"
    }
  ],
  "spore:armads": [
    {
      "attribute": "forge:entity_reach",
      "modify": -2.0,
      "operation": "ADDITION"
    }
  ],
  "spore:infected_bow": [
    {
      "attribute": "minecraft:generic.attack_speed",
      "modify": -2.0,
      "operation": "ADDITION"
    },
    {
      "attribute": "forge:entity_reach",
      "modify": 1.0,
      "operation": "ADDITION"
    }
  ],
  "spore:knife": [
    {
      "attribute": "forge:entity_reach",
      "modify": 0.5,
      "operation": "ADDITION"
    }
  ],
  "spore:maul": [
    {
      "attribute": "forge:entity_reach",
      "modify": -0.5,
      "operation": "ADDITION"
    }
  ],
  "spore:rapier": [
    {
      "attribute": "forge:entity_reach",
      "modify": -1.0,
      "operation": "ADDITION"
    }
  ],
  "spore:scythe": [
    {
      "attribute": "forge:entity_reach",
      "modify": -1.0,
      "operation": "ADDITION"
    }
  ],
  "spore:sickle": [
    {
      "attribute": "forge:entity_reach",
      "modify": -2.0,
      "operation": "ADDITION"
    }
  ],
  "spore:mace": [
    {
      "attribute": "forge:entity_reach",
      "modify": -0.5,
      "operation": "ADDITION"
    }
  ]
}