{
  "twilightforest:giant_pickaxe": [
    {
      "attribute": "minecraft:generic.attack_speed",
      "modify": -0.3,
      "operation": "ADDITION"
    },
    {
      "attribute": "forge:entity_reach",
      "modify": 1.0,
      "operation": "ADDITION"
    },
    {
      "attribute": "minecraft:generic.attack_damage",
      "modify": 2.0,
      "operation": "ADDITION"
    }
  ],
  "twilightforest:block_and_chain": [
    {
      "attribute": "forge:entity_reach",
      "modify": 1.0,
      "operation": "ADDITION"
    }
  ],
  "twilightforest:giant_sword": [
    {
      "attribute": "minecraft:generic.attack_speed",
      "modify": -0.3,
      "operation": "ADDITION"
    },
    {
      "attribute": "forge:entity_reach",
      "modify": 1.0,
      "operation": "ADDITION"
    },
    {
      "attribute": "minecraft:generic.attack_damage",
      "modify": 3.0,
      "operation": "ADDITION"
    }
  ]
}