{
  "alexscaves:dreadbow": {
    "attack": 1.8,
    "defend": 1.0,
    "shield": false,
    "sweep": "CONE",
    "knockback": 0.75,
    "damage_scale": 0.75,
    "posture_scale": 0.75,
    "crit": false,
    "crit_damage": 1.5,
    "sweep_base": 30.0,
    "sweep_scale": 10.0,
    "standing": {
      "sweep": "CONE",
      "knockback": 0.75,
      "damage_scale": 0.75,
      "posture_scale": 0.75,
      "sweep_base": 30.0,
      "sweep_scale": 10.0
    },
    "falling": {
      "sweep": "NONE",
      "posture_scale": 1.25,
      "hit_self_command": "/function wardance:attack/self_mildfatigue",
      "crit": true
    },
    "sneaking": {
      "sweep": "LINE",
      "knockback": 0.75,
      "damage_scale": 0.5,
      "sweep_base": 0.3,
      "sweep_scale": 0.15
    },
    "sprinting": {
      "sweep": "CIRCLE",
      "knockback": 1.5,
      "damage_scale": 0.75,
      "sweep_base": 2.5,
      "sweep_scale": 0.5,
      "hit_self_command": "/function wardance:attack/self_moderatefatigue",
      "crit": true
    },
    "riding": {
      "sweep": "NONE",
      "knockback": 2.0,
      "crit_damage": 2.0,
      "hit_self_command": "/function wardance:attack/self_mildfatigue"
    }
  },
  "alexscaves:desolate_dagger": {
    "attack": 2.0,
    "defend": 1.0,
    "shield": false,
    "sweep": "CONE",
    "knockback": 0.75,
    "damage_scale": 1.0,
    "posture_scale": 1.0,
    "crit": false,
    "crit_damage": 1.5,
    "sweep_base": 30.0,
    "sweep_scale": 10.0,
    "standing": {
      "sweep": "CONE",
      "knockback": 0.75,
      "sweep_base": 30.0,
      "sweep_scale": 10.0
    },
    "falling": {
      "sweep": "NONE",
      "knockback": 0.5,
      "damage_scale": 1.5,
      "posture_scale": 1.5,
      "crit_damage": 2.0,
      "hit_self_command": "/function wardance:attack/self_moderatefatigue",
      "damage_other_command": "/function wardance:attack/damageother_break",
      "crit": true
    },
    "sneaking": {
      "sweep": "NONE",
      "knockback": 0.75,
      "damage_scale": 1.25,
      "hit_self_command": "/function wardance:attack/self_accelerate"
    },
    "sprinting": {
      "sweep": "LINE",
      "knockback": 0.75,
      "crit_damage": 2.0,
      "sweep_base": 0.3,
      "sweep_scale": 0.25,
      "hit_self_command": "/function wardance:attack/self_mildfatigue",
      "crit": true
    },
    "riding": {
      "sweep": "NONE",
      "knockback": 1.5,
      "damage_scale": 1.5,
      "crit_damage": 2.0
    }
  }
}