{
  "#wand": {
    "attack": 0.5,
    "defend": 1.0,
    "shield": false,
    "sweep": "NONE",
    "knockback": 1.0,
    "damage_scale": 1.0,
    "posture_scale": 1.0,
    "crit": false,
    "crit_damage": 1.5,
    "sweep_base": 0.0,
    "sweep_scale": 0.0,
    "standing": {
      "sweep": "NONE"
    },
    "falling": {
      "sweep": "NONE",
      "posture_scale": 1.25,
      "crit": true
    },
    "sneaking": {
      "sweep": "NONE"
    },
    "sprinting": {
      "sweep": "NONE",
      "damage_scale": 1.25,
      "posture_scale": 1.25,
      "crit": true
    },
    "riding": {
      "sweep": "NONE",
      "knockback": 1.5,
      "damage_scale": 1.5,
      "posture_scale": 1.25,
      "crit_damage": 2.0
    }
  },
  "#boomerang": {
    "attack": 2.0,
    "defend": 1.0,
    "shield": false,
    "sweep": "CONE",
    "knockback": 1.0,
    "damage_scale": 0.75,
    "posture_scale": 0.75,
    "crit": false,
    "crit_damage": 1.5,
    "sweep_base": 60.0,
    "sweep_scale": 20.0,
    "standing": {
      "sweep": "CONE",
      "damage_scale": 0.75,
      "posture_scale": 0.75,
      "sweep_base": 60.0,
      "sweep_scale": 20.0
    },
    "falling": {
      "sweep": "IMPACT",
      "knockback": 1.5,
      "sweep_base": 1.0,
      "sweep_scale": 0.5,
      "hit_self_command": "/function wardance:attack/self_heavyfatigue",
      "damage_other_command": "/function wardance:attack/damageother_destabilize",
      "crit": true
    },
    "sneaking": {
      "sweep": "CIRCLE",
      "knockback": 1.5,
      "damage_scale": 0.5,
      "posture_scale": 0.5,
      "sweep_base": 4.0,
      "sweep_scale": 1.0,
      "hit_self_command": "/function wardance:attack/self_mildfatigue"
    },
    "sprinting": {
      "sweep": "CLEAVE",
      "knockback": 1.5,
      "sweep_base": 50.0,
      "sweep_scale": 25.0,
      "hit_self_command": "/function wardance:attack/self_moderatefatigue",
      "damage_other_command": "/function wardance:attack/damageother_break",
      "crit": true
    },
    "riding": {
      "sweep": "CONE",
      "knockback": 1.5,
      "damage_scale": 1.5,
      "crit_damage": 2.0,
      "sweep_base": 60.0,
      "sweep_scale": 30.0,
      "damage_other_command": "/function wardance:attack/damageother_destabilize"
    }
  },
  "#handgun": {
    "attack": 2.2,
    "defend": 1.1,
    "shield": false,
    "sweep": "CONE",
    "knockback": 1.0,
    "damage_scale": 1.0,
    "posture_scale": 1.0,
    "crit": false,
    "crit_damage": 1.5,
    "sweep_base": 20.0,
    "sweep_scale": 10.0,
    "standing": {
      "sweep": "CONE",
      "sweep_base": 20.0,
      "sweep_scale": 10.0
    },
    "falling": {
      "sweep": "IMPACT",
      "knockback": 1.5,
      "posture_scale": 1.25,
      "sweep_base": 0.5,
      "sweep_scale": 0.25,
      "hit_self_command": "/function wardance:attack/self_mildfatigue",
      "damage_other_command": "/function wardance:attack/damageother_mildstun",
      "crit": true
    },
    "sneaking": {
      "sweep": "NONE",
      "hit_self_command": "/function wardance:attack/self_accelerate"
    },
    "sprinting": {
      "sweep": "NONE",
      "knockback": 1.5,
      "damage_scale": 1.25,
      "hit_self_command": "/function wardance:attack/self_mildfatigue",
      "crit": true
    },
    "riding": {
      "sweep": "NONE",
      "knockback": 2.0,
      "posture_scale": 1.25,
      "crit_damage": 2.0
    }
  },
  "#gauntlet": {
    "attack": 2.8,
    "defend": 1.0,
    "shield": false,
    "sweep": "NONE",
    "knockback": 1.0,
    "damage_scale": 1.0,
    "posture_scale": 0.5,
    "crit": false,
    "crit_damage": 1.5,
    "sweep_base": 0.0,
    "sweep_scale": 0.0,
    "hit_self_command": "/function wardance:attack/self_accelerate",
    "standing": {
      "sweep": "NONE",
      "posture_scale": 0.5,
      "hit_self_command": "/function wardance:attack/self_accelerate"
    },
    "falling": {
      "sweep": "IMPACT",
      "knockback": 1.5,
      "sweep_base": 1.5,
      "sweep_scale": 0.75,
      "hit_self_command": "/function wardance:attack/self_moderatefatigue",
      "damage_other_command": "/function wardance:attack/damageother_milddestabilize",
      "crit": true
    },
    "sneaking": {
      "sweep": "CONE",
      "knockback": 0.75,
      "sweep_base": 30.0,
      "sweep_scale": 10.0
    },
    "sprinting": {
      "sweep": "IMPACT",
      "knockback": 2.0,
      "posture_scale": 1.5,
      "sweep_base": 1.0,
      "sweep_scale": 0.5,
      "hit_self_command": "/function wardance:attack/self_mildfatigue",
      "damage_other_command": "/function wardance:attack/damageother_mildstun",
      "crit": true
    },
    "riding": {
      "sweep": "NONE",
      "knockback": 2.0,
      "posture_scale": 1.25,
      "crit_damage": 2.0,
      "damage_other_command": "/function wardance:attack/damageother_mildstun"
    }
  },
  "#mace": {
    "attack": 5.0,
    "defend": 0.9,
    "shield": false,
    "sweep": "CONE",
    "knockback": 1.0,
    "damage_scale": 0.75,
    "posture_scale": 0.75,
    "crit": false,
    "crit_damage": 1.5,
    "sweep_base": 40.0,
    "sweep_scale": 15.0,
    "standing": {
      "sweep": "CONE",
      "damage_scale": 0.75,
      "posture_scale": 0.75,
      "sweep_base": 40.0,
      "sweep_scale": 15.0
    },
    "falling": {
      "sweep": "IMPACT",
      "knockback": 1.25,
      "sweep_base": 1.5,
      "sweep_scale": 0.75,
      "hit_self_command": "/function wardance:attack/self_moderatefatigue",
      "damage_other_command": "/function wardance:attack/damageother_milddestabilize",
      "crit": true
    },
    "sneaking": {
      "sweep": "CONE",
      "knockback": 0.75,
      "damage_scale": 0.5,
      "posture_scale": 0.5,
      "sweep_base": 30.0,
      "sweep_scale": 10.0,
      "hit_self_command": "/function wardance:attack/self_accelerate"
    },
    "sprinting": {
      "sweep": "CONE",
      "knockback": 2.0,
      "damage_scale": 1.25,
      "sweep_base": 60.0,
      "sweep_scale": 30.0,
      "hit_self_command": "/function wardance:attack/self_moderatefatigue",
      "damage_other_command": "/function wardance:attack/damageother_mildstun",
      "crit": true
    },
    "riding": {
      "sweep": "CIRCLE",
      "knockback": 1.2,
      "posture_scale": 1.3,
      "crit_damage": 2.0,
      "sweep_base": 2.5,
      "sweep_scale": 0.5,
      "hit_self_command": "/function wardance:attack/self_mildfatigue",
      "damage_other_command": "/function wardance:attack/damageother_mildstun"
    }
  },
  "#staff": {
    "attack": 1.8,
    "defend": 0.9,
    "shield": false,
    "sweep": "CIRCLE",
    "knockback": 0.75,
    "damage_scale": 0.5,
    "posture_scale": 0.75,
    "crit": false,
    "crit_damage": 1.5,
    "sweep_base": 2.5,
    "sweep_scale": 0.75,
    "standing": {
      "sweep": "CIRCLE",
      "knockback": 0.75,
      "damage_scale": 0.5,
      "posture_scale": 0.75,
      "sweep_base": 2.5,
      "sweep_scale": 0.75
    },
    "falling": {
      "sweep": "IMPACT",
      "knockback": 1.5,
      "damage_scale": 1.25,
      "sweep_base": 1.0,
      "sweep_scale": 0.5,
      "hit_self_command": "/function wardance:attack/self_mildfatigue",
      "crit": true
    },
    "sneaking": {
      "sweep": "CONE",
      "damage_scale": 0.75,
      "posture_scale": 0.75,
      "sweep_base": 50.0,
      "sweep_scale": 25.0
    },
    "sprinting": {
      "sweep": "CIRCLE",
      "knockback": 1.5,
      "damage_scale": 0.75,
      "posture_scale": 0.75,
      "sweep_base": 2.0,
      "sweep_scale": 1.0,
      "hit_self_command": "/function wardance:attack/self_mildfatigue",
      "crit": true
    },
    "riding": {
      "sweep": "CIRCLE",
      "posture_scale": 1.4,
      "crit_damage": 2.0,
      "sweep_base": 3.0,
      "sweep_scale": 0.75
    }
  },
  "#warglaive": {
    "attack": 3.5,
    "defend": 0.7,
    "shield": false,
    "sweep": "CIRCLE",
    "knockback": 1.0,
    "damage_scale": 0.5,
    "posture_scale": 0.75,
    "crit": false,
    "crit_damage": 1.5,
    "sweep_base": 2.0,
    "sweep_scale": 0.75,
    "standing": {
      "sweep": "CIRCLE",
      "damage_scale": 0.5,
      "posture_scale": 0.75,
      "sweep_base": 2.0,
      "sweep_scale": 0.75
    },
    "falling": {
      "sweep": "CLEAVE",
      "knockback": 1.25,
      "damage_scale": 1.25,
      "sweep_base": 40.0,
      "sweep_scale": 20.0,
      "hit_self_command": "/function wardance:attack/self_mildfatigue",
      "damage_other_command": "/function wardance:attack/damageother_armorcleaveminor",
      "crit": true
    },
    "sneaking": {
      "sweep": "CONE",
      "damage_scale": 0.75,
      "posture_scale": 0.75,
      "sweep_base": 50.0,
      "sweep_scale": 25.0,
      "hit_self_command": "/function wardance:attack/self_accelerate"
    },
    "sprinting": {
      "sweep": "IMPACT",
      "knockback": 2.0,
      "posture_scale": 1.25,
      "sweep_base": 1.0,
      "sweep_scale": 0.5,
      "hit_self_command": "/function wardance:attack/self_accelerate",
      "damage_other_command": "/function wardance:attack/damageother_mildstun",
      "crit": true
    },
    "riding": {
      "sweep": "CIRCLE",
      "damage_scale": 1.6,
      "crit_damage": 2.0,
      "sweep_base": 2.5,
      "sweep_scale": 0.5,
      "hit_self_command": "/function wardance:attack/self_accelerate",
      "damage_other_command": "/function wardance:attack/damageother_mildstun"
    }
  },
  "#glaive": {
    "attack": 4.0,
    "defend": 0.7,
    "shield": false,
    "sweep": "CONE",
    "knockback": 1.0,
    "damage_scale": 0.75,
    "posture_scale": 0.5,
    "crit": false,
    "crit_damage": 1.5,
    "sweep_base": 60.0,
    "sweep_scale": 20.0,
    "standing": {
      "sweep": "CONE",
      "damage_scale": 0.75,
      "posture_scale": 0.5,
      "sweep_base": 60.0,
      "sweep_scale": 20.0
    },
    "falling": {
      "sweep": "CLEAVE",
      "sweep_base": 60.0,
      "sweep_scale": 30.0,
      "hit_self_command": "/function wardance:attack/self_heavyfatigue",
      "damage_other_command": "/function wardance:attack/damageother_armorcleaveminor",
      "crit": true
    },
    "sneaking": {
      "sweep": "LINE",
      "damage_scale": 0.75,
      "posture_scale": 0.75,
      "sweep_base": 0.4,
      "sweep_scale": 0.2,
      "hit_self_command": "/function wardance:attack/self_accelerate",
      "damage_other_command": "/function wardance:attack/damageother_pierce"
    },
    "sprinting": {
      "sweep": "CIRCLE",
      "knockback": 1.75,
      "damage_scale": 0.75,
      "posture_scale": 0.75,
      "sweep_base": 3.5,
      "sweep_scale": 1.0,
      "hit_self_command": "/function wardance:attack/self_mildfatigue",
      "damage_other_command": "/function wardance:attack/damageother_armorcleaveminor",
      "crit": true
    },
    "riding": {
      "sweep": "CONE",
      "knockback": 1.5,
      "crit_damage": 2.0,
      "sweep_base": 70.0,
      "sweep_scale": 30.0,
      "hit_self_command": "/function wardance:attack/self_mildfatigue",
      "damage_other_command": "/function wardance:attack/damageother_armorcleaveminor"
    }
  },
  "#thrown": {
    "attack": 1.0,
    "defend": 1.0,
    "shield": false,
    "sweep": "NONE",
    "knockback": 0.75,
    "damage_scale": 0.75,
    "posture_scale": 0.75,
    "crit": false,
    "crit_damage": 1.5,
    "sweep_base": 0.0,
    "sweep_scale": 0.0,
    "standing": {
      "sweep": "NONE",
      "knockback": 0.75,
      "damage_scale": 0.75,
      "posture_scale": 0.75
    },
    "falling": {
      "sweep": "IMPACT",
      "knockback": 1.5,
      "sweep_base": 1.0,
      "sweep_scale": 0.5,
      "hit_self_command": "/function wardance:attack/self_heavyfatigue",
      "damage_other_command": "/function wardance:attack/damageother_destabilize",
      "crit": true
    },
    "sneaking": {
      "sweep": "NONE",
      "damage_scale": 0.75,
      "hit_self_command": "/function wardance:attack/self_accelerate"
    },
    "sprinting": {
      "sweep": "NONE",
      "damage_scale": 1.25,
      "posture_scale": 1.25,
      "hit_self_command": "/function wardance:attack/self_mildfatigue",
      "damage_other_command": "/function wardance:attack/damageother_break",
      "crit": true
    },
    "riding": {
      "sweep": "LINE",
      "crit_damage": 2.0,
      "sweep_base": 0.3,
      "sweep_scale": 0.15,
      "damage_other_command": "/function wardance:attack/damageother_break"
    }
  },
  "#quarterstaff": {
    "attack": 3.0,
    "defend": 0.7,
    "shield": false,
    "sweep": "CIRCLE",
    "knockback": 1.0,
    "damage_scale": 0.5,
    "posture_scale": 0.5,
    "crit": false,
    "crit_damage": 1.5,
    "sweep_base": 3.0,
    "sweep_scale": 1.0,
    "standing": {
      "sweep": "CIRCLE",
      "damage_scale": 0.5,
      "posture_scale": 0.5,
      "sweep_base": 3.0,
      "sweep_scale": 1.0
    },
    "falling": {
      "sweep": "IMPACT",
      "knockback": 1.5,
      "damage_scale": 1.25,
      "sweep_base": 1.5,
      "sweep_scale": 0.5,
      "hit_self_command": "/function wardance:attack/self_moderatefatigue",
      "damage_other_command": "/function wardance:attack/damageother_milddestabilize",
      "crit": true
    },
    "sneaking": {
      "sweep": "CONE",
      "damage_scale": 0.75,
      "posture_scale": 0.75,
      "sweep_base": 60.0,
      "sweep_scale": 20.0,
      "hit_self_command": "/function wardance:attack/self_accelerate"
    },
    "sprinting": {
      "sweep": "LINE",
      "knockback": 1.75,
      "damage_scale": 1.25,
      "posture_scale": 1.25,
      "sweep_base": 1.0,
      "sweep_scale": 1.0,
      "hit_self_command": "/function wardance:attack/self_mildfatigue",
      "damage_other_command": "/function wardance:attack/damageother_mildstun",
      "crit": true
    },
    "riding": {
      "sweep": "CIRCLE",
      "posture_scale": 1.4,
      "crit_damage": 2.0,
      "sweep_base": 3.0,
      "sweep_scale": 0.75,
      "damage_other_command": "/function wardance:attack/damageother_mildstun"
    }
  },
  "#pike": {
    "attack": 2.8,
    "defend": 0.7,
    "shield": false,
    "sweep": "LINE",
    "knockback": 0.75,
    "damage_scale": 0.75,
    "posture_scale": 0.75,
    "crit": false,
    "crit_damage": 1.5,
    "sweep_base": 0.3,
    "sweep_scale": 0.15,
    "standing": {
      "sweep": "LINE",
      "knockback": 0.75,
      "damage_scale": 0.75,
      "posture_scale": 0.75,
      "sweep_base": 0.3,
      "sweep_scale": 0.15
    },
    "falling": {
      "sweep": "NONE",
      "knockback": 1.25,
      "damage_scale": 1.25,
      "posture_scale": 1.5,
      "crit_damage": 2.0,
      "hit_self_command": "/function wardance:attack/self_mildfatigue",
      "crit": true
    },
    "sneaking": {
      "sweep": "CIRCLE",
      "knockback": 0.75,
      "damage_scale": 0.5,
      "posture_scale": 0.5,
      "sweep_base": 3.0,
      "sweep_scale": 1.0,
      "hit_self_command": "/function wardance:attack/self_accelerate"
    },
    "sprinting": {
      "sweep": "LINE",
      "knockback": 0.75,
      "crit_damage": 2.0,
      "sweep_base": 0.5,
      "sweep_scale": 0.25,
      "hit_self_command": "/function wardance:attack/self_mildfatigue",
      "damage_other_command": "/function wardance:attack/damageother_pierce",
      "crit": true
    },
    "riding": {
      "sweep": "LINE",
      "knockback": 0.75,
      "damage_scale": 0.75,
      "posture_scale": 0.75,
      "crit_damage": 2.0,
      "sweep_base": 0.3,
      "sweep_scale": 0.25,
      "hit_self_command": "/function wardance:attack/self_mildfatigue"
    }
  },
  "#dagger": {
    "attack": 1.3,
    "defend": 1.0,
    "shield": false,
    "sweep": "CONE",
    "knockback": 0.75,
    "damage_scale": 1.0,
    "posture_scale": 1.0,
    "crit": false,
    "crit_damage": 1.5,
    "sweep_base": 30.0,
    "sweep_scale": 10.0,
    "standing": {
      "sweep": "CONE",
      "knockback": 0.75,
      "sweep_base": 30.0,
      "sweep_scale": 10.0
    },
    "falling": {
      "sweep": "NONE",
      "knockback": 0.5,
      "damage_scale": 1.5,
      "posture_scale": 1.5,
      "crit_damage": 2.0,
      "hit_self_command": "/function wardance:attack/self_moderatefatigue",
      "damage_other_command": "/function wardance:attack/damageother_break",
      "crit": true
    },
    "sneaking": {
      "sweep": "NONE",
      "knockback": 0.75,
      "damage_scale": 1.25,
      "hit_self_command": "/function wardance:attack/self_accelerate"
    },
    "sprinting": {
      "sweep": "LINE",
      "knockback": 0.75,
      "crit_damage": 2.0,
      "sweep_base": 0.3,
      "sweep_scale": 0.25,
      "hit_self_command": "/function wardance:attack/self_mildfatigue",
      "crit": true
    },
    "riding": {
      "sweep": "NONE",
      "knockback": 1.5,
      "damage_scale": 1.5,
      "crit_damage": 2.0
    }
  },
  "#spear": {
    "attack": 2.5,
    "defend": 0.8,
    "shield": false,
    "sweep": "LINE",
    "knockback": 0.75,
    "damage_scale": 0.75,
    "posture_scale": 0.75,
    "crit": false,
    "crit_damage": 1.5,
    "sweep_base": 0.3,
    "sweep_scale": 0.15,
    "standing": {
      "sweep": "LINE",
      "knockback": 0.75,
      "damage_scale": 0.75,
      "posture_scale": 0.75,
      "sweep_base": 0.3,
      "sweep_scale": 0.15
    },
    "falling": {
      "sweep": "NONE",
      "knockback": 1.25,
      "damage_scale": 1.25,
      "posture_scale": 1.5,
      "crit_damage": 2.0,
      "hit_self_command": "/function wardance:attack/self_mildfatigue",
      "crit": true
    },
    "sneaking": {
      "sweep": "CIRCLE",
      "knockback": 0.75,
      "damage_scale": 0.5,
      "posture_scale": 0.5,
      "sweep_base": 3.0,
      "sweep_scale": 1.0,
      "hit_self_command": "/function wardance:attack/self_accelerate"
    },
    "sprinting": {
      "sweep": "LINE",
      "knockback": 0.75,
      "crit_damage": 2.0,
      "sweep_base": 0.5,
      "sweep_scale": 0.25,
      "hit_self_command": "/function wardance:attack/self_mildfatigue",
      "damage_other_command": "/function wardance:attack/damageother_pierce",
      "crit": true
    },
    "riding": {
      "sweep": "LINE",
      "knockback": 0.75,
      "damage_scale": 0.75,
      "posture_scale": 0.75,
      "crit_damage": 2.0,
      "sweep_base": 0.3,
      "sweep_scale": 0.25,
      "hit_self_command": "/function wardance:attack/self_mildfatigue"
    }
  },
  "#cleaver": {
    "attack": 2.8,
    "defend": 0.9,
    "shield": false,
    "sweep": "CLEAVE",
    "knockback": 1.0,
    "damage_scale": 0.75,
    "posture_scale": 0.75,
    "crit": false,
    "crit_damage": 1.5,
    "sweep_base": 40.0,
    "sweep_scale": 15.0,
    "standing": {
      "sweep": "CLEAVE",
      "damage_scale": 0.75,
      "posture_scale": 0.75,
      "sweep_base": 40.0,
      "sweep_scale": 15.0
    },
    "falling": {
      "sweep": "NONE",
      "knockback": 0.5,
      "posture_scale": 1.25,
      "crit_damage": 2.0,
      "hit_self_command": "/function wardance:attack/self_mildfatigue",
      "damage_other_command": "/function wardance:attack/damageother_armorcleave",
      "crit": true
    },
    "sneaking": {
      "sweep": "CONE",
      "damage_scale": 0.75,
      "posture_scale": 0.75,
      "sweep_base": 35.0,
      "sweep_scale": 10.0,
      "hit_self_command": "/function wardance:attack/self_accelerate"
    },
    "sprinting": {
      "sweep": "CLEAVE",
      "damage_scale": 0.75,
      "posture_scale": 0.75,
      "sweep_base": 40.0,
      "sweep_scale": 15.0,
      "hit_self_command": "/function wardance:attack/self_moderatefatigue",
      "damage_other_command": "/function wardance:attack/damageother_armorcleave"
    },
    "riding": {
      "sweep": "CONE",
      "knockback": 1.5,
      "damage_scale": 0.75,
      "crit_damage": 2.0,
      "sweep_base": 40.0,
      "sweep_scale": 30.0,
      "hit_self_command": "/function wardance:attack/self_mildfatigue",
      "damage_other_command": "/function wardance:attack/damageother_mildstun"
    }
  },
  "#sai": {
    "attack": 1.9,
    "defend": 0.8,
    "shield": false,
    "sweep": "NONE",
    "knockback": 0.5,
    "damage_scale": 1.0,
    "posture_scale": 1.0,
    "crit": false,
    "crit_damage": 1.5,
    "sweep_base": 0.0,
    "sweep_scale": 0.0,
    "standing": {
      "sweep": "NONE",
      "knockback": 0.5
    },
    "falling": {
      "sweep": "CLEAVE",
      "damage_scale": 0.5,
      "posture_scale": 1.5,
      "crit_damage": 2.0,
      "sweep_base": 10.0,
      "sweep_scale": 5.0,
      "hit_other_command": "/function wardance:attack/damageother_break",
      "crit": true
    },
    "sneaking": {
      "sweep": "NONE",
      "knockback": 0.0,
      "damage_scale": 1.25,
      "hit_other_command": "/function wardance:attack/damageother_armorcleaveminor"
    },
    "sprinting": {
      "sweep": "LINE",
      "knockback": -0.75,
      "crit_damage": 1.0,
      "sweep_base": 0.3,
      "sweep_scale": 0.25,
      "hit_self_command": "/function wardance:attack/self_accelerate",
      "hit_other_command": "/function wardance:attack/damageother_milddestabilize",
      "damage_other_command": "/function wardance:attack/damageother_disarm",
      "crit": true
    },
    "riding": {
      "sweep": "NONE",
      "knockback": 1.5,
      "damage_scale": 1.5,
      "crit_damage": 2.0
    }
  },
  "#shovel": {
    "attack": 6.0,
    "defend": 0.9,
    "shield": false,
    "sweep": "IMPACT",
    "knockback": 1.0,
    "damage_scale": 1.0,
    "posture_scale": 0.5,
    "crit": false,
    "crit_damage": 1.5,
    "sweep_base": 0.75,
    "sweep_scale": 0.25,
    "standing": {
      "sweep": "IMPACT",
      "posture_scale": 0.5,
      "sweep_base": 0.75,
      "sweep_scale": 0.25
    },
    "falling": {
      "sweep": "IMPACT",
      "knockback": 1.5,
      "damage_scale": 1.25,
      "sweep_base": 1.5,
      "sweep_scale": 0.75,
      "hit_self_command": "/function wardance:attack/self_moderatefatigue",
      "damage_other_command": "/function wardance:attack/damageother_bonkstart",
      "crit": true
    },
    "sneaking": {
      "sweep": "CONE",
      "knockback": 0.5,
      "damage_scale": 0.75,
      "posture_scale": 0.75,
      "sweep_base": 50.0,
      "sweep_scale": 30.0,
      "hit_self_command": "/function wardance:attack/self_mildfatigue"
    },
    "sprinting": {
      "sweep": "NONE",
      "knockback": 2.0,
      "damage_scale": 1.25,
      "posture_scale": 1.25,
      "hit_self_command": "/function wardance:attack/self_mildfatigue",
      "damage_other_command": "/function wardance:attack/damageother_mildstun",
      "crit": true
    },
    "riding": {
      "sweep": "CIRCLE",
      "knockback": 1.2,
      "posture_scale": 1.3,
      "crit_damage": 2.0,
      "sweep_base": 2.5,
      "sweep_scale": 0.5,
      "damage_other_command": "/function wardance:attack/damageother_mildstun"
    }
  },
  "#greathammer": {
    "attack": 8.0,
    "defend": 0.7,
    "shield": false,
    "sweep": "IMPACT",
    "knockback": 1.25,
    "damage_scale": 0.75,
    "posture_scale": 0.5,
    "crit": false,
    "crit_damage": 1.5,
    "sweep_base": 1.5,
    "sweep_scale": 0.5,
    "standing": {
      "sweep": "IMPACT",
      "knockback": 1.25,
      "damage_scale": 0.75,
      "posture_scale": 0.5,
      "sweep_base": 1.5,
      "sweep_scale": 0.5
    },
    "falling": {
      "sweep": "IMPACT",
      "knockback": 0.5,
      "sweep_base": 3.0,
      "sweep_scale": 1.25,
      "hit_self_command": "/function wardance:attack/self_heavyfatigue",
      "damage_other_command": "/function wardance:attack/damageother_bonkstart",
      "crit": true
    },
    "sneaking": {
      "sweep": "CONE",
      "damage_scale": 0.75,
      "posture_scale": 0.75,
      "sweep_base": 50.0,
      "sweep_scale": 20.0,
      "hit_self_command": "/function wardance:attack/self_mildfatigue"
    },
    "sprinting": {
      "sweep": "CIRCLE",
      "knockback": 1.75,
      "damage_scale": 0.75,
      "posture_scale": 0.75,
      "sweep_base": 3.0,
      "sweep_scale": 0.5,
      "hit_self_command": "/function wardance:attack/self_mildfatigue",
      "damage_other_command": "/function wardance:attack/damageother_mildstun",
      "crit": true
    },
    "riding": {
      "sweep": "CIRCLE",
      "posture_scale": 1.6,
      "crit_damage": 2.0,
      "sweep_base": 3.0,
      "sweep_scale": 0.75,
      "hit_self_command": "/function wardance:attack/self_moderatefatigue",
      "hit_other_command": "/function wardance:attack/damageother_stun"
    }
  },
  "#launcher": {
    "attack": 6.0,
    "defend": 0.8,
    "shield": true,
    "sweep": "IMPACT",
    "knockback": 1.25,
    "damage_scale": 0.75,
    "posture_scale": 0.5,
    "crit": false,
    "crit_damage": 1.5,
    "sweep_base": 1.5,
    "sweep_scale": 0.5,
    "standing": {
      "sweep": "IMPACT",
      "knockback": 1.25,
      "damage_scale": 0.75,
      "posture_scale": 0.5,
      "sweep_base": 1.5,
      "sweep_scale": 0.5
    },
    "falling": {
      "sweep": "IMPACT",
      "knockback": 1.75,
      "sweep_base": 2.0,
      "sweep_scale": 1.0,
      "hit_self_command": "/function wardance:attack/self_moderatefatigue",
      "damage_other_command": "/function wardance:attack/damageother_mildstun",
      "crit": true
    },
    "sneaking": {
      "sweep": "CIRCLE",
      "knockback": 1.75,
      "damage_scale": 0.5,
      "posture_scale": 0.5,
      "sweep_base": 2.5,
      "sweep_scale": 0.75,
      "hit_self_command": "/function wardance:attack/self_mildfatigue"
    },
    "sprinting": {
      "sweep": "CONE",
      "knockback": 1.5,
      "damage_scale": 1.25,
      "posture_scale": 1.5,
      "sweep_base": 60.0,
      "sweep_scale": 30.0,
      "hit_self_command": "/function wardance:attack/self_heavyfatigue",
      "damage_other_command": "/function wardance:attack/damageother_stun",
      "crit": true
    },
    "riding": {
      "sweep": "CLEAVE",
      "knockback": 1.5,
      "posture_scale": 1.5,
      "crit_damage": 2.0,
      "sweep_base": 50.0,
      "sweep_scale": 25.0,
      "hit_self_command": "/function wardance:attack/self_moderatefatigue",
      "damage_other_command": "/function wardance:attack/damageother_stun"
    }
  },
  "#longbow": {
    "attack": 1.8,
    "defend": 1.0,
    "shield": false,
    "sweep": "CONE",
    "knockback": 0.75,
    "damage_scale": 0.75,
    "posture_scale": 0.75,
    "crit": false,
    "crit_damage": 1.5,
    "sweep_base": 30.0,
    "sweep_scale": 10.0,
    "standing": {
      "sweep": "CONE",
      "knockback": 0.75,
      "damage_scale": 0.75,
      "posture_scale": 0.75,
      "sweep_base": 30.0,
      "sweep_scale": 10.0
    },
    "falling": {
      "sweep": "NONE",
      "posture_scale": 1.25,
      "hit_self_command": "/function wardance:attack/self_mildfatigue",
      "crit": true
    },
    "sneaking": {
      "sweep": "LINE",
      "knockback": 0.75,
      "damage_scale": 0.5,
      "sweep_base": 0.3,
      "sweep_scale": 0.15
    },
    "sprinting": {
      "sweep": "CIRCLE",
      "knockback": 1.5,
      "damage_scale": 0.75,
      "sweep_base": 2.5,
      "sweep_scale": 0.5,
      "hit_self_command": "/function wardance:attack/self_moderatefatigue",
      "crit": true
    },
    "riding": {
      "sweep": "NONE",
      "knockback": 2.0,
      "crit_damage": 2.0,
      "hit_self_command": "/function wardance:attack/self_mildfatigue"
    }
  },
  "#magestaff": {
    "attack": 1.5,
    "defend": 0.9,
    "shield": false,
    "sweep": "CIRCLE",
    "knockback": 0.75,
    "damage_scale": 0.5,
    "posture_scale": 0.5,
    "crit": false,
    "crit_damage": 1.5,
    "sweep_base": 2.5,
    "sweep_scale": 0.75,
    "standing": {
      "sweep": "CIRCLE",
      "knockback": 0.75,
      "damage_scale": 0.5,
      "posture_scale": 0.5,
      "sweep_base": 2.5,
      "sweep_scale": 0.75
    },
    "falling": {
      "sweep": "IMPACT",
      "knockback": 1.5,
      "damage_scale": 1.25,
      "sweep_base": 1.0,
      "sweep_scale": 0.5,
      "hit_self_command": "/function wardance:attack/self_mildfatigue",
      "crit": true
    },
    "sneaking": {
      "sweep": "CONE",
      "damage_scale": 0.75,
      "sweep_base": 50.0,
      "sweep_scale": 20.0
    },
    "sprinting": {
      "sweep": "CIRCLE",
      "knockback": 1.5,
      "damage_scale": 0.75,
      "posture_scale": 0.75,
      "sweep_base": 2.0,
      "sweep_scale": 1.0,
      "hit_self_command": "/function wardance:attack/self_mildfatigue",
      "crit": true
    },
    "riding": {
      "sweep": "CIRCLE",
      "posture_scale": 1.4,
      "crit_damage": 2.0,
      "sweep_base": 3.0,
      "sweep_scale": 0.75
    }
  },
  "#sword": {
    "attack": 2.6,
    "defend": 0.9,
    "shield": false,
    "sweep": "CONE",
    "knockback": 0.75,
    "damage_scale": 0.75,
    "posture_scale": 0.75,
    "crit": false,
    "crit_damage": 1.5,
    "sweep_base": 40.0,
    "sweep_scale": 15.0,
    "standing": {
      "sweep": "CONE",
      "knockback": 0.75,
      "damage_scale": 0.75,
      "posture_scale": 0.75,
      "sweep_base": 40.0,
      "sweep_scale": 15.0
    },
    "falling": {
      "sweep": "CLEAVE",
      "sweep_base": 50.0,
      "sweep_scale": 25.0,
      "hit_self_command": "/function wardance:attack/self_mildfatigue",
      "crit": true
    },
    "sneaking": {
      "sweep": "CONE",
      "knockback": 1.25,
      "damage_scale": 0.75,
      "posture_scale": 0.75,
      "sweep_base": 50.0,
      "sweep_scale": 25.0,
      "hit_self_command": "/function wardance:attack/self_mildfatigue"
    },
    "sprinting": {
      "sweep": "LINE",
      "knockback": 0.75,
      "damage_scale": 1.25,
      "sweep_base": 0.3,
      "sweep_scale": 0.2,
      "hit_self_command": "/function wardance:attack/self_mildfatigue",
      "damage_other_command": "/function wardance:attack/damageother_pierce",
      "crit": true
    },
    "riding": {
      "sweep": "CIRCLE",
      "damage_scale": 1.5,
      "crit_damage": 2.0,
      "sweep_base": 3.0,
      "sweep_scale": 0.5
    }
  },
  "#cutlass": {
    "attack": 2.5,
    "defend": 0.8,
    "shield": false,
    "sweep": "CONE",
    "knockback": 0.5,
    "damage_scale": 0.5,
    "posture_scale": 0.5,
    "crit": false,
    "crit_damage": 1.5,
    "sweep_base": 40.0,
    "sweep_scale": 10.0,
    "hit_self_command": "/function wardance:attack/self_accelerate",
    "standing": {
      "sweep": "CONE",
      "knockback": 0.5,
      "damage_scale": 0.5,
      "posture_scale": 0.5,
      "sweep_base": 40.0,
      "sweep_scale": 10.0,
      "hit_self_command": "/function wardance:attack/self_accelerate"
    },
    "falling": {
      "sweep": "CLEAVE",
      "sweep_base": 50.0,
      "sweep_scale": 25.0,
      "hit_self_command": "/function wardance:attack/self_mildfatigue",
      "crit": true
    },
    "sneaking": {
      "sweep": "LINE",
      "knockback": 0.5,
      "damage_scale": 0.75,
      "posture_scale": 0.75,
      "sweep_base": 0.3,
      "sweep_scale": 0.2,
      "damage_other_command": "/function wardance:attack/damageother_pierce",
      "crit": true
    },
    "sprinting": {
      "sweep": "IMPACT",
      "damage_scale": 0.75,
      "sweep_base": 0.5,
      "sweep_scale": 0.25,
      "damage_other_command": "/function wardance:attack/damageother_mildstun",
      "crit": true
    },
    "riding": {
      "sweep": "CIRCLE",
      "knockback": 0.6,
      "damage_scale": 1.5,
      "crit_damage": 2.0,
      "sweep_base": 3.0,
      "sweep_scale": 0.5,
      "hit_self_command": "/function wardance:attack/self_accelerate"
    }
  },
  "#flail": {
    "attack": 4.0,
    "defend": 1.0,
    "shield": false,
    "sweep": "CONE",
    "knockback": 1.0,
    "damage_scale": 0.75,
    "posture_scale": 0.75,
    "crit": false,
    "crit_damage": 1.5,
    "sweep_base": 40.0,
    "sweep_scale": 15.0,
    "standing": {
      "sweep": "CONE",
      "damage_scale": 0.75,
      "posture_scale": 0.75,
      "sweep_base": 40.0,
      "sweep_scale": 15.0
    },
    "falling": {
      "sweep": "IMPACT",
      "sweep_base": 1.5,
      "sweep_scale": 0.5,
      "hit_self_command": "/function wardance:attack/self_moderatefatigue",
      "damage_other_command": "/function wardance:attack/damageother_destabilize",
      "crit": true
    },
    "sneaking": {
      "sweep": "IMPACT",
      "knockback": 1.25,
      "sweep_base": 1.0,
      "sweep_scale": 0.5
    },
    "sprinting": {
      "sweep": "CONE",
      "knockback": 2.0,
      "damage_scale": 0.75,
      "sweep_base": 60.0,
      "sweep_scale": 20.0,
      "hit_self_command": "/function wardance:attack/self_moderatefatigue",
      "crit": true
    },
    "riding": {
      "sweep": "CIRCLE",
      "posture_scale": 1.5,
      "crit_damage": 2.0,
      "sweep_base": 2.5,
      "sweep_scale": 0.5
    }
  },
  "#khopesh": {
    "attack": 2.4,
    "defend": 0.95,
    "shield": false,
    "sweep": "CONE",
    "knockback": 1.0,
    "damage_scale": 0.75,
    "posture_scale": 0.75,
    "crit": false,
    "crit_damage": 1.5,
    "sweep_base": 40.0,
    "sweep_scale": 15.0,
    "standing": {
      "sweep": "CONE",
      "damage_scale": 0.75,
      "posture_scale": 0.75,
      "sweep_base": 40.0,
      "sweep_scale": 15.0
    },
    "falling": {
      "sweep": "CLEAVE",
      "sweep_base": 60.0,
      "sweep_scale": 40.0,
      "hit_self_command": "/function wardance:attack/self_moderatefatigue",
      "damage_other_command": "/function wardance:attack/damageother_armorcleaveminor",
      "crit": true
    },
    "sneaking": {
      "sweep": "CLEAVE",
      "knockback": 1.5,
      "damage_scale": 0.75,
      "sweep_base": 40.0,
      "sweep_scale": 15.0,
      "hit_self_command": "/function wardance:attack/self_mildfatigue"
    },
    "sprinting": {
      "sweep": "CIRCLE",
      "knockback": 1.5,
      "damage_scale": 0.75,
      "posture_scale": 0.75,
      "sweep_base": 2.0,
      "sweep_scale": 1.0,
      "hit_self_command": "/function wardance:attack/self_moderatefatigue",
      "damage_other_command": "/function wardance:attack/damageother_armorcleaveminor",
      "crit": true
    },
    "riding": {
      "sweep": "CIRCLE",
      "knockback": 0.6,
      "damage_scale": 1.5,
      "crit_damage": 2.0,
      "sweep_base": 3.0,
      "sweep_scale": 0.5,
      "hit_self_command": "/function wardance:attack/self_accelerate",
      "damage_other_command": "/function wardance:attack/damageother_armorcleaveminor"
    }
  },
  "#towershield": {
    "attack": 6.0,
    "defend": 0.5,
    "shield": true,
    "sweep": "IMPACT",
    "knockback": 1.25,
    "damage_scale": 0.75,
    "posture_scale": 0.75,
    "crit": false,
    "crit_damage": 1.5,
    "sweep_base": 0.5,
    "sweep_scale": 0.25,
    "standing": {
      "sweep": "IMPACT",
      "knockback": 1.25,
      "damage_scale": 0.75,
      "posture_scale": 0.75,
      "sweep_base": 0.5,
      "sweep_scale": 0.25
    },
    "falling": {
      "sweep": "CLEAVE",
      "sweep_base": 60.0,
      "sweep_scale": 30.0,
      "hit_self_command": "/function wardance:attack/self_heavyfatigue",
      "damage_other_command": "/function wardance:attack/damageother_milddestabilize",
      "crit": true
    },
    "sneaking": {
      "sweep": "CONE",
      "knockback": 1.5,
      "damage_scale": 0.75,
      "posture_scale": 0.75,
      "sweep_base": 60.0,
      "sweep_scale": 20.0,
      "hit_self_command": "/function wardance:attack/self_moderatefatigue",
      "damage_other_command": "/function wardance:attack/damageother_mildstun"
    },
    "sprinting": {
      "sweep": "IMPACT",
      "knockback": 2.0,
      "posture_scale": 1.5,
      "sweep_base": 2.0,
      "sweep_scale": 1.0,
      "hit_self_command": "/function wardance:attack/self_heavyfatigue",
      "damage_other_command": "/function wardance:attack/damageother_destabilize",
      "crit": true
    },
    "riding": {
      "sweep": "CONE",
      "knockback": 1.5,
      "damage_scale": 1.5,
      "crit_damage": 2.0,
      "sweep_base": 60.0,
      "sweep_scale": 30.0,
      "hit_self_command": "/function wardance:attack/self_moderatefatigue",
      "damage_other_command": "/function wardance:attack/damageother_destabilize"
    }
  },
  "#hammer": {
    "attack": 6.0,
    "defend": 0.8,
    "shield": false,
    "sweep": "IMPACT",
    "knockback": 1.25,
    "damage_scale": 0.75,
    "posture_scale": 0.5,
    "crit": false,
    "crit_damage": 1.5,
    "sweep_base": 1.0,
    "sweep_scale": 0.4,
    "standing": {
      "sweep": "IMPACT",
      "knockback": 1.25,
      "damage_scale": 0.75,
      "posture_scale": 0.5,
      "sweep_base": 1.0,
      "sweep_scale": 0.4
    },
    "falling": {
      "sweep": "IMPACT",
      "knockback": 0.5,
      "sweep_base": 2.0,
      "sweep_scale": 0.75,
      "hit_self_command": "/function wardance:attack/self_moderatefatigue",
      "damage_other_command": "/function wardance:attack/damageother_bonkstart",
      "crit": true
    },
    "sneaking": {
      "sweep": "CONE",
      "damage_scale": 0.75,
      "posture_scale": 0.75,
      "sweep_base": 50.0,
      "sweep_scale": 20.0,
      "hit_self_command": "/function wardance:attack/self_mildfatigue"
    },
    "sprinting": {
      "sweep": "IMPACT",
      "knockback": 2.0,
      "sweep_base": 0.75,
      "sweep_scale": 0.25,
      "hit_self_command": "/function wardance:attack/self_accelerate",
      "damage_other_command": "/function wardance:attack/damageother_mildstun",
      "crit": true
    },
    "riding": {
      "sweep": "CIRCLE",
      "knockback": 1.2,
      "posture_scale": 1.3,
      "crit_damage": 2.0,
      "sweep_base": 2.5,
      "sweep_scale": 0.5,
      "hit_self_command": "/function wardance:attack/self_accelerate",
      "damage_other_command": "/function wardance:attack/damageother_mildstun"
    }
  },
  "#buckler": {
    "attack": 3.0,
    "defend": 0.7,
    "shield": true,
    "sweep": "NONE",
    "knockback": 1.25,
    "damage_scale": 1.0,
    "posture_scale": 1.0,
    "crit": false,
    "crit_damage": 1.5,
    "sweep_base": 0.0,
    "sweep_scale": 0.0,
    "standing": {
      "sweep": "NONE",
      "knockback": 1.25
    },
    "falling": {
      "sweep": "IMPACT",
      "knockback": 0.5,
      "sweep_base": 1.0,
      "sweep_scale": 0.5,
      "hit_self_command": "/function wardance:attack/self_mildfatigue",
      "crit": true
    },
    "sneaking": {
      "sweep": "NONE",
      "knockback": 1.5,
      "posture_scale": 1.25
    },
    "sprinting": {
      "sweep": "IMPACT",
      "knockback": 1.5,
      "posture_scale": 1.25,
      "sweep_base": 0.5,
      "sweep_scale": 0.5,
      "hit_self_command": "/function wardance:attack/self_mildfatigue",
      "damage_other_command": "/function wardance:attack/damageother_mildstun",
      "crit": true
    },
    "riding": {
      "sweep": "CONE",
      "knockback": 1.5,
      "damage_scale": 0.75,
      "crit_damage": 2.0,
      "sweep_base": 40.0,
      "sweep_scale": 30.0,
      "hit_self_command": "/function wardance:attack/self_mildfatigue",
      "damage_other_command": "/function wardance:attack/damageother_mildstun"
    }
  },
  "#machete": {
    "attack": 2.8,
    "defend": 0.85,
    "shield": false,
    "sweep": "CONE",
    "knockback": 1.0,
    "damage_scale": 0.75,
    "posture_scale": 0.5,
    "crit": false,
    "crit_damage": 1.5,
    "sweep_base": 50.0,
    "sweep_scale": 20.0,
    "standing": {
      "sweep": "CONE",
      "damage_scale": 0.75,
      "posture_scale": 0.5,
      "sweep_base": 50.0,
      "sweep_scale": 20.0
    },
    "falling": {
      "sweep": "CLEAVE",
      "sweep_base": 60.0,
      "sweep_scale": 40.0,
      "hit_self_command": "/function wardance:attack/self_moderatefatigue",
      "damage_other_command": "/function wardance:attack/damageother_armorcleaveminor",
      "crit": true
    },
    "sneaking": {
      "sweep": "CLEAVE",
      "knockback": 1.5,
      "damage_scale": 0.75,
      "sweep_base": 40.0,
      "sweep_scale": 15.0,
      "hit_self_command": "/function wardance:attack/self_mildfatigue"
    },
    "sprinting": {
      "sweep": "CIRCLE",
      "knockback": 1.5,
      "damage_scale": 0.75,
      "posture_scale": 0.75,
      "sweep_base": 2.0,
      "sweep_scale": 0.5,
      "hit_self_command": "/function wardance:attack/self_moderatefatigue",
      "damage_other_command": "/function wardance:attack/damageother_armorcleaveminor",
      "crit": true
    },
    "riding": {
      "sweep": "CIRCLE",
      "damage_scale": 1.4,
      "crit_damage": 2.0,
      "sweep_base": 2.5,
      "sweep_scale": 0.5,
      "damage_other_command": "/function wardance:attack/damageother_armorcleaveminor"
    }
  },
  "#longsword": {
    "attack": 3.2,
    "defend": 0.9,
    "shield": false,
    "sweep": "CONE",
    "knockback": 0.75,
    "damage_scale": 0.75,
    "posture_scale": 0.5,
    "crit": false,
    "crit_damage": 1.5,
    "sweep_base": 50.0,
    "sweep_scale": 20.0,
    "standing": {
      "sweep": "CONE",
      "knockback": 0.75,
      "damage_scale": 0.75,
      "posture_scale": 0.5,
      "sweep_base": 50.0,
      "sweep_scale": 20.0
    },
    "falling": {
      "sweep": "CLEAVE",
      "sweep_base": 60.0,
      "sweep_scale": 30.0,
      "hit_self_command": "/function wardance:attack/self_moderatefatigue",
      "damage_other_command": "/function wardance:attack/damageother_armorcleaveminor",
      "crit": true
    },
    "sneaking": {
      "sweep": "CONE",
      "knockback": 1.25,
      "damage_scale": 0.5,
      "sweep_base": 70.0,
      "sweep_scale": 25.0,
      "hit_self_command": "/function wardance:attack/self_mildfatigue"
    },
    "sprinting": {
      "sweep": "LINE",
      "knockback": 0.75,
      "sweep_base": 0.3,
      "sweep_scale": 0.2,
      "hit_self_command": "/function wardance:attack/self_mildfatigue",
      "damage_other_command": "/function wardance:attack/damageother_armorcleave",
      "crit": true
    },
    "riding": {
      "sweep": "CIRCLE",
      "knockback": 0.6,
      "damage_scale": 1.5,
      "crit_damage": 2.0,
      "sweep_base": 3.0,
      "sweep_scale": 0.5,
      "damage_other_command": "/function wardance:attack/damageother_armorcleave"
    }
  },
  "#greatmace": {
    "attack": 7.0,
    "defend": 0.8,
    "shield": false,
    "sweep": "CONE",
    "knockback": 1.25,
    "damage_scale": 0.75,
    "posture_scale": 0.5,
    "crit": false,
    "crit_damage": 1.5,
    "sweep_base": 60.0,
    "sweep_scale": 20.0,
    "standing": {
      "sweep": "CONE",
      "knockback": 1.25,
      "damage_scale": 0.75,
      "posture_scale": 0.5,
      "sweep_base": 60.0,
      "sweep_scale": 20.0
    },
    "falling": {
      "sweep": "IMPACT",
      "knockback": 1.25,
      "sweep_base": 2.5,
      "sweep_scale": 0.75,
      "hit_self_command": "/function wardance:attack/self_heavyfatigue",
      "damage_other_command": "/function wardance:attack/damageother_bonkstart",
      "crit": true
    },
    "sneaking": {
      "sweep": "CONE",
      "knockback": 0.75,
      "damage_scale": 0.75,
      "posture_scale": 0.75,
      "sweep_base": 45.0,
      "sweep_scale": 15.0,
      "hit_self_command": "/function wardance:attack/self_accelerate"
    },
    "sprinting": {
      "sweep": "CONE",
      "knockback": 2.0,
      "damage_scale": 1.25,
      "sweep_base": 80.0,
      "sweep_scale": 30.0,
      "hit_self_command": "/function wardance:attack/self_heavyfatigue",
      "damage_other_command": "/function wardance:attack/damageother_stun",
      "crit": true
    },
    "riding": {
      "sweep": "CIRCLE",
      "posture_scale": 1.6,
      "crit_damage": 2.0,
      "sweep_base": 3.0,
      "sweep_scale": 0.75,
      "hit_other_command": "/function wardance:attack/damageother_mildstun"
    }
  },
  "#battleaxe": {
    "attack": 6.0,
    "defend": 0.8,
    "shield": false,
    "sweep": "CLEAVE",
    "knockback": 1.5,
    "damage_scale": 0.75,
    "posture_scale": 0.75,
    "crit": false,
    "crit_damage": 1.5,
    "sweep_base": 60.0,
    "sweep_scale": 20.0,
    "standing": {
      "sweep": "CLEAVE",
      "knockback": 1.5,
      "damage_scale": 0.75,
      "posture_scale": 0.75,
      "sweep_base": 60.0,
      "sweep_scale": 20.0
    },
    "falling": {
      "sweep": "CLEAVE",
      "knockback": 0.5,
      "sweep_base": 70.0,
      "sweep_scale": 35.0,
      "hit_self_command": "/function wardance:attack/self_heavyfatigue",
      "damage_other_command": "/function wardance:attack/damageother_armorcleave",
      "crit": true
    },
    "sneaking": {
      "sweep": "CONE",
      "knockback": 2.0,
      "damage_scale": 0.75,
      "posture_scale": 0.75,
      "sweep_base": 50.0,
      "sweep_scale": 20.0,
      "hit_self_command": "/function wardance:attack/self_mildfatigue"
    },
    "sprinting": {
      "sweep": "CIRCLE",
      "knockback": 1.75,
      "damage_scale": 0.75,
      "posture_scale": 0.75,
      "sweep_base": 3.5,
      "sweep_scale": 1.0,
      "hit_self_command": "/function wardance:attack/self_heavyfatigue",
      "damage_other_command": "/function wardance:attack/damageother_mildstun",
      "crit": true
    },
    "riding": {
      "sweep": "CIRCLE",
      "damage_scale": 1.3,
      "posture_scale": 1.3,
      "crit_damage": 2.0,
      "sweep_base": 3.0,
      "sweep_scale": 0.75,
      "hit_self_command": "/function wardance:attack/self_moderatefatigue",
      "damage_other_command": "/function wardance:attack/damageother_mildstun"
    }
  },
  "#lance": {
    "attack": 3.0,
    "defend": 0.8,
    "shield": false,
    "sweep": "LINE",
    "knockback": 0.75,
    "damage_scale": 0.75,
    "posture_scale": 0.75,
    "crit": false,
    "crit_damage": 1.5,
    "sweep_base": 0.4,
    "sweep_scale": 0.15,
    "standing": {
      "sweep": "LINE",
      "knockback": 0.75,
      "damage_scale": 0.75,
      "posture_scale": 0.75,
      "sweep_base": 0.4,
      "sweep_scale": 0.15
    },
    "falling": {
      "sweep": "IMPACT",
      "knockback": 1.5,
      "sweep_base": 1.5,
      "sweep_scale": 0.5,
      "hit_self_command": "/function wardance:attack/self_moderatefatigue",
      "damage_other_command": "/function wardance:attack/damageother_mildstun",
      "crit": true
    },
    "sneaking": {
      "sweep": "CONE",
      "knockback": 1.5,
      "damage_scale": 0.75,
      "posture_scale": 0.75,
      "sweep_base": 50.0,
      "sweep_scale": 20.0,
      "hit_self_command": "/function wardance:attack/self_mildfatigue"
    },
    "sprinting": {
      "sweep": "LINE",
      "knockback": 1.5,
      "crit_damage": 2.0,
      "sweep_base": 0.75,
      "sweep_scale": 0.3,
      "hit_self_command": "/function wardance:attack/self_moderatefatigue",
      "damage_other_command": "/function wardance:attack/damageother_stun",
      "crit": true
    },
    "riding": {
      "sweep": "LINE",
      "knockback": 2.0,
      "damage_scale": 1.5,
      "posture_scale": 1.5,
      "crit_damage": 2.0,
      "sweep_base": 1.0,
      "sweep_scale": 0.5,
      "hit_self_command": "/function wardance:attack/self_mildfatigue",
      "damage_other_command": "/function wardance:attack/damageother_stun"
    }
  },
  "#shortspear": {
    "attack": 2.0,
    "defend": 0.8,
    "shield": false,
    "sweep": "LINE",
    "knockback": 0.75,
    "damage_scale": 0.75,
    "posture_scale": 0.75,
    "crit": false,
    "crit_damage": 1.5,
    "sweep_base": 0.3,
    "sweep_scale": 0.15,
    "standing": {
      "sweep": "LINE",
      "knockback": 0.75,
      "damage_scale": 0.75,
      "posture_scale": 0.75,
      "sweep_base": 0.3,
      "sweep_scale": 0.15
    },
    "falling": {
      "sweep": "NONE",
      "posture_scale": 1.25,
      "crit": true
    },
    "sneaking": {
      "sweep": "CIRCLE",
      "knockback": 0.75,
      "damage_scale": 0.5,
      "posture_scale": 0.5,
      "sweep_base": 2.5,
      "sweep_scale": 0.75,
      "hit_self_command": "/function wardance:attack/self_accelerate"
    },
    "sprinting": {
      "sweep": "LINE",
      "knockback": 0.75,
      "crit_damage": 2.0,
      "sweep_base": 0.5,
      "sweep_scale": 0.25,
      "hit_self_command": "/function wardance:attack/self_mildfatigue",
      "damage_other_command": "/function wardance:attack/damageother_pierce",
      "crit": true
    },
    "riding": {
      "sweep": "LINE",
      "knockback": 0.75,
      "damage_scale": 0.75,
      "posture_scale": 0.75,
      "crit_damage": 2.0,
      "sweep_base": 0.3,
      "sweep_scale": 0.25,
      "hit_self_command": "/function wardance:attack/self_mildfatigue"
    }
  },
  "#sign": {
    "attack": 2.4,
    "defend": 0.9,
    "shield": true,
    "sweep": "CONE",
    "knockback": 1.0,
    "damage_scale": 0.75,
    "posture_scale": 0.75,
    "crit": false,
    "crit_damage": 1.5,
    "sweep_base": 40.0,
    "sweep_scale": 15.0,
    "standing": {
      "sweep": "CONE",
      "damage_scale": 0.75,
      "posture_scale": 0.75,
      "sweep_base": 40.0,
      "sweep_scale": 15.0
    },
    "falling": {
      "sweep": "IMPACT",
      "knockback": 1.5,
      "sweep_base": 1.0,
      "sweep_scale": 0.5,
      "hit_self_command": "/function wardance:attack/self_mildfatigue",
      "damage_other_command": "/function wardance:attack/damageother_mildstun",
      "crit": true
    },
    "sneaking": {
      "sweep": "CONE",
      "damage_scale": 0.75,
      "posture_scale": 0.75,
      "sweep_base": 60.0,
      "sweep_scale": 30.0,
      "hit_self_command": "/function wardance:attack/self_mildfatigue"
    },
    "sprinting": {
      "sweep": "CLEAVE",
      "knockback": 1.5,
      "sweep_base": 60.0,
      "sweep_scale": 30.0,
      "hit_self_command": "/function wardance:attack/self_mildfatigue",
      "damage_other_command": "/function wardance:attack/damageother_mildstun",
      "crit": true
    },
    "riding": {
      "sweep": "IMPACT",
      "knockback": 2.0,
      "damage_scale": 1.5,
      "posture_scale": 1.25,
      "crit_damage": 2.0,
      "sweep_base": 1.5,
      "sweep_scale": 1.0,
      "damage_other_command": "/function wardance:attack/damageother_mildstun"
    }
  },
  "#chakram": {
    "attack": 2.5,
    "defend": 1.0,
    "shield": false,
    "sweep": "LINE",
    "knockback": 0.75,
    "damage_scale": 0.75,
    "posture_scale": 0.75,
    "crit": false,
    "crit_damage": 1.5,
    "sweep_base": 0.2,
    "sweep_scale": 0.1,
    "standing": {
      "sweep": "LINE",
      "knockback": 0.75,
      "damage_scale": 0.75,
      "posture_scale": 0.75,
      "sweep_base": 0.2,
      "sweep_scale": 0.1
    },
    "falling": {
      "sweep": "IMPACT",
      "knockback": 1.5,
      "sweep_base": 1.0,
      "sweep_scale": 0.5,
      "hit_self_command": "/function wardance:attack/self_heavyfatigue",
      "damage_other_command": "/function wardance:attack/damageother_destabilize",
      "crit": true
    },
    "sneaking": {
      "sweep": "CIRCLE",
      "knockback": 1.5,
      "damage_scale": 0.5,
      "posture_scale": 0.5,
      "sweep_base": 4.0,
      "sweep_scale": 1.0,
      "hit_self_command": "/function wardance:attack/self_mildfatigue"
    },
    "sprinting": {
      "sweep": "LINE",
      "knockback": 0.5,
      "damage_scale": 1.5,
      "posture_scale": 0.5,
      "sweep_base": 0.5,
      "sweep_scale": 0.25,
      "hit_self_command": "/function wardance:attack/self_moderatefatigue",
      "damage_other_command": "/function wardance:attack/damageother_break",
      "crit": true
    },
    "riding": {
      "sweep": "CIRCLE",
      "damage_scale": 1.6,
      "crit_damage": 2.0,
      "sweep_base": 2.5,
      "sweep_scale": 0.5,
      "hit_self_command": "/function wardance:attack/self_accelerate",
      "damage_other_command": "/function wardance:attack/damageother_break"
    }
  },
  "#katana": {
    "attack": 2.9,
    "defend": 0.9,
    "shield": false,
    "sweep": "CONE",
    "knockback": 0.75,
    "damage_scale": 0.75,
    "posture_scale": 0.75,
    "crit": false,
    "crit_damage": 1.5,
    "sweep_base": 50.0,
    "sweep_scale": 20.0,
    "standing": {
      "sweep": "CONE",
      "knockback": 0.75,
      "damage_scale": 0.75,
      "posture_scale": 0.75,
      "sweep_base": 50.0,
      "sweep_scale": 20.0
    },
    "falling": {
      "sweep": "NONE",
      "damage_scale": 1.25,
      "posture_scale": 1.25,
      "crit_damage": 2.0,
      "hit_self_command": "/function wardance:attack/self_mildfatigue",
      "damage_other_command": "/function wardance:attack/damageother_armorcleaveminor",
      "crit": true
    },
    "sneaking": {
      "sweep": "CLEAVE",
      "knockback": 0.75,
      "damage_scale": 0.75,
      "posture_scale": 0.75,
      "sweep_base": 50.0,
      "sweep_scale": 20.0
    },
    "sprinting": {
      "sweep": "CONE",
      "knockback": 0.0,
      "damage_scale": 1.25,
      "crit_damage": 2.0,
      "sweep_base": 90.0,
      "sweep_scale": 30.0,
      "hit_self_command": "/function wardance:attack/self_heavyfatigue",
      "damage_other_command": "/function wardance:attack/damageother_stun",
      "crit": true
    },
    "riding": {
      "sweep": "CIRCLE",
      "knockback": 0.6,
      "damage_scale": 1.5,
      "crit_damage": 2.0,
      "sweep_base": 3.0,
      "sweep_scale": 0.5,
      "damage_other_command": "/function wardance:attack/damageother_armorcleaveminor"
    }
  },
  "#trident": {
    "attack": 2.0,
    "defend": 0.7,
    "shield": false,
    "sweep": "LINE",
    "knockback": 1.0,
    "damage_scale": 1.0,
    "posture_scale": 1.0,
    "crit": false,
    "crit_damage": 1.5,
    "sweep_base": 0.6,
    "sweep_scale": 0.3,
    "standing": {
      "sweep": "LINE",
      "sweep_base": 0.6,
      "sweep_scale": 0.3
    },
    "falling": {
      "sweep": "CLEAVE",
      "posture_scale": 1.25,
      "sweep_base": 30.0,
      "sweep_scale": 15.0,
      "hit_self_command": "/function wardance:attack/self_mildfatigue",
      "damage_other_command": "/function wardance:attack/damageother_mildstun",
      "crit": true
    },
    "sneaking": {
      "sweep": "CONE",
      "knockback": 1.5,
      "damage_scale": 0.5,
      "posture_scale": 0.5,
      "sweep_base": 35.0,
      "sweep_scale": 15.0,
      "hit_self_command": "/function wardance:attack/self_mildfatigue",
      "damage_other_command": "/function wardance:attack/damageother_milddestabilize"
    },
    "sprinting": {
      "sweep": "LINE",
      "knockback": 0.5,
      "damage_scale": 1.25,
      "crit_damage": 2.0,
      "sweep_base": 0.8,
      "sweep_scale": 0.3,
      "hit_self_command": "/function wardance:attack/self_moderatefatigue",
      "damage_other_command": "/function wardance:attack/damageother_control",
      "crit": true
    },
    "riding": {
      "sweep": "LINE",
      "knockback": 0.75,
      "damage_scale": 0.75,
      "posture_scale": 0.75,
      "crit_damage": 2.0,
      "sweep_base": 0.3,
      "sweep_scale": 0.25,
      "hit_self_command": "/function wardance:attack/self_mildfatigue"
    }
  },
  "#whip": {
    "attack": 1.6,
    "defend": 1.0,
    "shield": false,
    "sweep": "IMPACT",
    "knockback": 0.75,
    "damage_scale": 0.75,
    "posture_scale": 0.75,
    "crit": false,
    "crit_damage": 1.5,
    "sweep_base": 0.75,
    "sweep_scale": 0.25,
    "standing": {
      "sweep": "IMPACT",
      "knockback": 0.75,
      "damage_scale": 0.75,
      "posture_scale": 0.75,
      "sweep_base": 0.75,
      "sweep_scale": 0.25
    },
    "falling": {
      "sweep": "LINE",
      "knockback": 2.0,
      "sweep_base": 0.5,
      "sweep_scale": 0.3,
      "hit_self_command": "/function wardance:attack/self_mildfatigue",
      "crit": true
    },
    "sneaking": {
      "sweep": "CIRCLE",
      "knockback": 2.0,
      "damage_scale": 0.5,
      "posture_scale": 0.5,
      "sweep_base": 3.0,
      "sweep_scale": 1.0
    },
    "sprinting": {
      "sweep": "LINE",
      "knockback": -1.75,
      "sweep_base": 0.6,
      "sweep_scale": 0.3,
      "hit_self_command": "/function wardance:attack/self_accelerate",
      "crit": true
    },
    "riding": {
      "sweep": "IMPACT",
      "knockback": 1.5,
      "damage_scale": 0.75,
      "posture_scale": 0.75,
      "crit_damage": 2.0,
      "sweep_base": 1.0,
      "sweep_scale": 0.5,
      "hit_self_command": "/function wardance:attack/self_accelerate"
    }
  },
  "#greatsword": {
    "attack": 3.8,
    "defend": 0.8,
    "shield": false,
    "sweep": "CONE",
    "knockback": 0.75,
    "damage_scale": 0.75,
    "posture_scale": 0.5,
    "crit": false,
    "crit_damage": 1.5,
    "sweep_base": 60.0,
    "sweep_scale": 20.0,
    "standing": {
      "sweep": "CONE",
      "knockback": 0.75,
      "damage_scale": 0.75,
      "posture_scale": 0.5,
      "sweep_base": 60.0,
      "sweep_scale": 20.0
    },
    "falling": {
      "sweep": "CLEAVE",
      "sweep_base": 60.0,
      "sweep_scale": 30.0,
      "hit_self_command": "/function wardance:attack/self_heavyfatigue",
      "damage_other_command": "/function wardance:attack/damageother_armorcleaveminor",
      "crit": true
    },
    "sneaking": {
      "sweep": "CONE",
      "knockback": 1.5,
      "damage_scale": 0.5,
      "sweep_base": 90.0,
      "sweep_scale": 30.0,
      "hit_self_command": "/function wardance:attack/self_mildfatigue"
    },
    "sprinting": {
      "sweep": "LINE",
      "knockback": 0.75,
      "damage_scale": 1.25,
      "sweep_base": 0.3,
      "sweep_scale": 0.2,
      "hit_self_command": "/function wardance:attack/self_moderatefatigue",
      "damage_other_command": "/function wardance:attack/damageother_armorcleaveminor",
      "crit": true
    },
    "riding": {
      "sweep": "CIRCLE",
      "damage_scale": 1.6,
      "crit_damage": 2.0,
      "sweep_base": 3.0,
      "sweep_scale": 0.75,
      "hit_self_command": "/function wardance:attack/self_mildfatigue",
      "damage_other_command": "/function wardance:attack/damageother_armorcleave"
    }
  },
  "#bow": {
    "attack": 1.5,
    "defend": 1.1,
    "shield": false,
    "sweep": "NONE",
    "knockback": 1.0,
    "damage_scale": 1.0,
    "posture_scale": 1.0,
    "crit": false,
    "crit_damage": 1.5,
    "sweep_base": 0.0,
    "sweep_scale": 0.0,
    "standing": {
      "sweep": "NONE"
    },
    "falling": {
      "sweep": "NONE",
      "damage_scale": 1.25,
      "posture_scale": 1.25,
      "hit_self_command": "/function wardance:attack/self_mildfatigue",
      "crit": true
    },
    "sneaking": {
      "sweep": "LINE",
      "knockback": 0.75,
      "sweep_base": 0.3,
      "sweep_scale": 0.2
    },
    "sprinting": {
      "sweep": "CIRCLE",
      "knockback": 1.5,
      "damage_scale": 0.75,
      "posture_scale": 0.75,
      "sweep_base": 2.0,
      "sweep_scale": 0.75,
      "hit_self_command": "/function wardance:attack/self_moderatefatigue",
      "crit": true
    },
    "riding": {
      "sweep": "NONE",
      "knockback": 2.0,
      "crit_damage": 2.0,
      "hit_self_command": "/function wardance:attack/self_mildfatigue"
    }
  },
  "#sickle": {
    "attack": 2.0,
    "defend": 0.9,
    "shield": false,
    "sweep": "CONE",
    "knockback": 1.0,
    "damage_scale": 0.75,
    "posture_scale": 0.75,
    "crit": false,
    "crit_damage": 1.5,
    "sweep_base": 40.0,
    "sweep_scale": 15.0,
    "standing": {
      "sweep": "CONE",
      "damage_scale": 0.75,
      "posture_scale": 0.75,
      "sweep_base": 40.0,
      "sweep_scale": 15.0
    },
    "falling": {
      "sweep": "CLEAVE",
      "sweep_base": 60.0,
      "sweep_scale": 40.0,
      "hit_self_command": "/function wardance:attack/self_moderatefatigue",
      "damage_other_command": "/function wardance:attack/damageother_armorcleaveminor",
      "crit": true
    },
    "sneaking": {
      "sweep": "CLEAVE",
      "knockback": 1.5,
      "damage_scale": 0.75,
      "sweep_base": 40.0,
      "sweep_scale": 15.0,
      "hit_self_command": "/function wardance:attack/self_mildfatigue"
    },
    "sprinting": {
      "sweep": "CIRCLE",
      "knockback": 1.5,
      "damage_scale": 0.75,
      "posture_scale": 0.75,
      "sweep_base": 2.0,
      "sweep_scale": 1.0,
      "hit_self_command": "/function wardance:attack/self_moderatefatigue",
      "damage_other_command": "/function wardance:attack/damageother_armorcleaveminor",
      "crit": true
    },
    "riding": {
      "sweep": "CIRCLE",
      "knockback": 0.6,
      "damage_scale": 1.5,
      "crit_damage": 2.0,
      "sweep_base": 3.0,
      "sweep_scale": 0.5,
      "hit_self_command": "/function wardance:attack/self_accelerate",
      "damage_other_command": "/function wardance:attack/damageother_armorcleaveminor"
    }
  },
  "#nunchaku": {
    "attack": 1.5,
    "defend": 0.9,
    "shield": false,
    "sweep": "CONE",
    "knockback": 0.75,
    "damage_scale": 0.75,
    "posture_scale": 0.75,
    "crit": false,
    "crit_damage": 1.5,
    "sweep_base": 30.0,
    "sweep_scale": 10.0,
    "standing": {
      "sweep": "CONE",
      "knockback": 0.75,
      "damage_scale": 0.75,
      "posture_scale": 0.75,
      "sweep_base": 30.0,
      "sweep_scale": 10.0
    },
    "falling": {
      "sweep": "NONE",
      "knockback": 0.0,
      "damage_scale": 1.5,
      "posture_scale": 1.5,
      "crit_damage": 2.0,
      "hit_self_command": "/function wardance:attack/self_moderatefatigue",
      "hit_other_command": "/function wardance:attack/damageother_break",
      "damage_other_command": "/function wardance:attack/damageother_mildstun",
      "crit": true
    },
    "sneaking": {
      "sweep": "CLEAVE",
      "knockback": 0.75,
      "damage_scale": 0.75,
      "posture_scale": 0.75,
      "sweep_base": 30.0,
      "sweep_scale": 10.0
    },
    "sprinting": {
      "sweep": "CLEAVE",
      "knockback": 1.5,
      "damage_scale": 1.25,
      "sweep_base": 50.0,
      "sweep_scale": 20.0,
      "hit_self_command": "/function wardance:attack/self_moderatefatigue",
      "damage_other_command": "/function wardance:attack/damageother_destabilize",
      "crit": true
    },
    "riding": {
      "sweep": "CLEAVE",
      "knockback": 1.5,
      "sweep_base": 50.0,
      "sweep_scale": 20.0,
      "crit": true
    }
  },
  "#rapier": {
    "attack": 2.2,
    "defend": 0.85,
    "shield": false,
    "sweep": "LINE",
    "knockback": 0.75,
    "damage_scale": 0.75,
    "posture_scale": 0.75,
    "crit": false,
    "crit_damage": 1.5,
    "sweep_base": 0.3,
    "sweep_scale": 0.15,
    "standing": {
      "sweep": "LINE",
      "knockback": 0.75,
      "damage_scale": 0.75,
      "posture_scale": 0.75,
      "sweep_base": 0.3,
      "sweep_scale": 0.15
    },
    "falling": {
      "sweep": "NONE",
      "knockback": 0.5,
      "posture_scale": 1.25,
      "crit_damage": 2.0,
      "hit_self_command": "/function wardance:attack/self_mildfatigue",
      "damage_other_command": "/function wardance:attack/damageother_break",
      "crit": true
    },
    "sneaking": {
      "sweep": "CONE",
      "damage_scale": 0.75,
      "posture_scale": 0.75,
      "sweep_base": 50.0,
      "sweep_scale": 20.0,
      "hit_self_command": "/function wardance:attack/self_accelerate"
    },
    "sprinting": {
      "sweep": "LINE",
      "knockback": 0.75,
      "posture_scale": 1.5,
      "crit_damage": 2.0,
      "sweep_base": 0.5,
      "sweep_scale": 0.25,
      "hit_self_command": "/function wardance:attack/self_mildfatigue",
      "damage_other_command": "/function wardance:attack/damageother_pierce",
      "crit": true
    },
    "riding": {
      "sweep": "CONE",
      "knockback": 1.5,
      "damage_scale": 1.5,
      "posture_scale": 1.5,
      "crit_damage": 2.0,
      "sweep_base": 40.0,
      "sweep_scale": 30.0,
      "hit_self_command": "/function wardance:attack/self_mildfatigue",
      "damage_other_command": "/function wardance:attack/damageother_armorcleaveminor"
    }
  },
  "#twinblade": {
    "attack": 3.2,
    "defend": 0.8,
    "shield": false,
    "sweep": "CONE",
    "knockback": 1.0,
    "damage_scale": 0.75,
    "posture_scale": 0.5,
    "crit": false,
    "crit_damage": 1.5,
    "sweep_base": 50.0,
    "sweep_scale": 20.0,
    "standing": {
      "sweep": "CONE",
      "damage_scale": 0.75,
      "posture_scale": 0.5,
      "sweep_base": 50.0,
      "sweep_scale": 20.0
    },
    "falling": {
      "sweep": "CLEAVE",
      "knockback": 1.25,
      "damage_scale": 1.25,
      "sweep_base": 50.0,
      "sweep_scale": 25.0,
      "hit_self_command": "/function wardance:attack/self_mildfatigue",
      "damage_other_command": "/function wardance:attack/damageother_armorcleaveminor",
      "crit": true
    },
    "sneaking": {
      "sweep": "CIRCLE",
      "damage_scale": 0.5,
      "posture_scale": 0.5,
      "sweep_base": 3.0,
      "sweep_scale": 0.5
    },
    "sprinting": {
      "sweep": "LINE",
      "knockback": 0.75,
      "crit_damage": 2.0,
      "sweep_base": 0.3,
      "sweep_scale": 0.2,
      "hit_self_command": "/function wardance:attack/self_mildfatigue",
      "damage_other_command": "/function wardance:attack/damageother_armorcleaveminor",
      "crit": true
    },
    "riding": {
      "sweep": "CIRCLE",
      "damage_scale": 1.6,
      "crit_damage": 2.0,
      "sweep_base": 3.0,
      "sweep_scale": 0.75,
      "damage_other_command": "/function wardance:attack/damageother_armorcleaveminor"
    }
  },
  "#hoe": {
    "attack": 1.0,
    "defend": 1.0,
    "shield": false,
    "sweep": "CONE",
    "knockback": 1.0,
    "damage_scale": 1.0,
    "posture_scale": 1.0,
    "crit": false,
    "crit_damage": 1.5,
    "sweep_base": 40.0,
    "sweep_scale": 15.0,
    "standing": {
      "sweep": "CONE",
      "sweep_base": 40.0,
      "sweep_scale": 15.0
    },
    "falling": {
      "sweep": "CLEAVE",
      "knockback": 0.75,
      "damage_scale": 2.0,
      "posture_scale": 1.5,
      "sweep_base": 60.0,
      "sweep_scale": 20.0,
      "hit_self_command": "/function wardance:attack/self_mildfatigue",
      "crit": true
    },
    "sneaking": {
      "sweep": "CONE",
      "knockback": 1.25,
      "sweep_base": 60.0,
      "sweep_scale": 20.0,
      "hit_self_command": "/function wardance:attack/self_mildfatigue"
    },
    "sprinting": {
      "sweep": "CLEAVE",
      "knockback": 1.5,
      "sweep_base": 50.0,
      "sweep_scale": 20.0,
      "hit_self_command": "/function wardance:attack/self_moderatefatigue",
      "crit": true
    },
    "riding": {
      "sweep": "CIRCLE",
      "knockback": 1.2,
      "crit_damage": 2.0,
      "sweep_base": 2.5,
      "sweep_scale": 0.5,
      "hit_self_command": "/function wardance:attack/self_mildfatigue"
    }
  },
  "#arbalest": {
    "attack": 3.0,
    "defend": 0.9,
    "shield": true,
    "sweep": "LINE",
    "knockback": 1.25,
    "damage_scale": 0.75,
    "posture_scale": 0.5,
    "crit": false,
    "crit_damage": 1.5,
    "sweep_base": 1.0,
    "sweep_scale": 0.25,
    "standing": {
      "sweep": "LINE",
      "knockback": 1.25,
      "damage_scale": 0.75,
      "posture_scale": 0.5,
      "sweep_base": 1.0,
      "sweep_scale": 0.35
    },
    "falling": {
      "sweep": "IMPACT",
      "knockback": 0.5,
      "damage_scale": 1.25,
      "sweep_base": 1.5,
      "sweep_scale": 0.75,
      "hit_self_command": "/function wardance:attack/self_moderatefatigue",
      "damage_other_command": "/function wardance:attack/damageother_mildstun",
      "crit": true
    },
    "sneaking": {
      "sweep": "CONE",
      "knockback": 2.0,
      "damage_scale": 0.75,
      "posture_scale": 0.75,
      "sweep_base": 50.0,
      "sweep_scale": 20.0,
      "hit_self_command": "/function wardance:attack/self_mildfatigue"
    },
    "sprinting": {
      "sweep": "LINE",
      "knockback": 1.25,
      "posture_scale": 1.25,
      "sweep_base": 1.0,
      "sweep_scale": 0.5,
      "hit_self_command": "/function wardance:attack/self_mildfatigue",
      "damage_other_command": "/function wardance:attack/damageother_mildstun",
      "crit": true
    },
    "riding": {
      "sweep": "CONE",
      "knockback": 2.0,
      "crit_damage": 2.0,
      "sweep_base": 40.0,
      "sweep_scale": 20.0,
      "hit_self_command": "/function wardance:attack/self_mildfatigue",
      "damage_other_command": "/function wardance:attack/damageother_mildstun"
    }
  },
  "#buster": {
    "attack": 5.4,
    "defend": 0.7,
    "shield": true,
    "sweep": "CONE",
    "knockback": 1.0,
    "damage_scale": 0.75,
    "posture_scale": 0.75,
    "crit": false,
    "crit_damage": 1.5,
    "sweep_base": 70.0,
    "sweep_scale": 25.0,
    "hit_self_command": "/function wardance:attack/self_mildfatigue",
    "standing": {
      "sweep": "CONE",
      "damage_scale": 0.75,
      "posture_scale": 0.75,
      "sweep_base": 70.0,
      "sweep_scale": 25.0,
      "hit_self_command": "/function wardance:attack/self_mildfatigue"
    },
    "falling": {
      "sweep": "CLEAVE",
      "sweep_base": 80.0,
      "sweep_scale": 30.0,
      "hit_self_command": "/function wardance:attack/self_heavyfatigue",
      "damage_other_command": "/function wardance:attack/damageother_armorcleave",
      "crit": true
    },
    "sneaking": {
      "sweep": "IMPACT",
      "knockback": 2.0,
      "damage_scale": 0.5,
      "posture_scale": 1.25,
      "sweep_base": 1.0,
      "sweep_scale": 0.5,
      "damage_other_command": "/function wardance:attack/damageother_milddestabilize",
      "crit": true
    },
    "sprinting": {
      "sweep": "CIRCLE",
      "knockback": 1.75,
      "damage_scale": 0.75,
      "posture_scale": 0.75,
      "sweep_base": 3.5,
      "sweep_scale": 1.0,
      "hit_self_command": "/function wardance:attack/self_heavyfatigue",
      "damage_other_command": "/function wardance:attack/damageother_stun",
      "crit": true
    },
    "riding": {
      "sweep": "CIRCLE",
      "damage_scale": 1.3,
      "posture_scale": 1.3,
      "crit_damage": 2.0,
      "sweep_base": 3.0,
      "sweep_scale": 1.0,
      "damage_other_command": "/function wardance:attack/damageother_mildstun"
    }
  },
  "#claw": {
    "attack": 2.0,
    "defend": 1.0,
    "shield": false,
    "sweep": "NONE",
    "knockback": 1.0,
    "damage_scale": 1.0,
    "posture_scale": 1.0,
    "crit": false,
    "crit_damage": 1.5,
    "sweep_base": 0.0,
    "sweep_scale": 0.0,
    "standing": {
      "sweep": "NONE"
    },
    "falling": {
      "sweep": "NONE",
      "damage_scale": 1.25,
      "posture_scale": 1.25,
      "crit_damage": 2.0,
      "hit_self_command": "/function wardance:attack/self_mildfatigue",
      "crit": true
    },
    "sneaking": {
      "sweep": "CONE",
      "knockback": 0.75,
      "damage_scale": 0.5,
      "posture_scale": 0.75,
      "sweep_base": 40.0,
      "sweep_scale": 15.0,
      "hit_self_command": "/function wardance:attack/self_accelerate"
    },
    "sprinting": {
      "sweep": "CIRCLE",
      "knockback": 1.25,
      "damage_scale": 0.75,
      "posture_scale": 0.75,
      "sweep_base": 2.0,
      "sweep_scale": 0.75,
      "hit_self_command": "/function wardance:attack/self_moderatefatigue",
      "crit": true
    },
    "riding": {
      "sweep": "CLEAVE",
      "knockback": 1.5,
      "crit_damage": 2.0,
      "hit_self_command": "/function wardance:attack/self_mildfatigue"
    }
  },
  "#pickaxe": {
    "attack": 2.5,
    "defend": 1.0,
    "shield": false,
    "sweep": "IMPACT",
    "knockback": 1.0,
    "damage_scale": 1.0,
    "posture_scale": 1.0,
    "crit": false,
    "crit_damage": 1.5,
    "sweep_base": 0.5,
    "sweep_scale": 0.25,
    "standing": {
      "sweep": "IMPACT",
      "sweep_base": 0.5,
      "sweep_scale": 0.25
    },
    "falling": {
      "sweep": "NONE",
      "posture_scale": 1.25,
      "crit_damage": 2.0,
      "hit_self_command": "/function wardance:attack/self_moderatefatigue",
      "damage_other_command": "/function wardance:attack/damageother_armorcleave",
      "crit": true
    },
    "sneaking": {
      "sweep": "CLEAVE",
      "knockback": 0.75,
      "damage_scale": 0.75,
      "posture_scale": 0.75,
      "sweep_base": 40.0,
      "sweep_scale": 15.0
    },
    "sprinting": {
      "sweep": "IMPACT",
      "knockback": 1.5,
      "posture_scale": 1.25,
      "crit_damage": 2.0,
      "sweep_base": 1.0,
      "sweep_scale": 0.5,
      "hit_self_command": "/function wardance:attack/self_mildfatigue",
      "damage_other_command": "/function wardance:attack/damageother_armorcleaveminor",
      "crit": true
    },
    "riding": {
      "sweep": "CIRCLE",
      "damage_scale": 1.4,
      "posture_scale": 1.2,
      "crit_damage": 2.0,
      "sweep_base": 3.0,
      "sweep_scale": 1.0,
      "hit_self_command": "/function wardance:attack/self_mildfatigue",
      "hit_other_command": "/function wardance:attack/damageother_armorcleaveminor"
    }
  },
  "#crossbow": {
    "attack": 2.4,
    "defend": 1.0,
    "shield": false,
    "sweep": "CONE",
    "knockback": 1.0,
    "damage_scale": 0.75,
    "posture_scale": 0.5,
    "crit": false,
    "crit_damage": 1.5,
    "sweep_base": 40.0,
    "sweep_scale": 15.0,
    "standing": {
      "sweep": "CONE",
      "damage_scale": 0.75,
      "posture_scale": 0.5,
      "sweep_base": 40.0,
      "sweep_scale": 15.0
    },
    "falling": {
      "sweep": "IMPACT",
      "knockback": 1.5,
      "sweep_base": 1.0,
      "sweep_scale": 0.5,
      "hit_self_command": "/function wardance:attack/self_mildfatigue",
      "damage_other_command": "/function wardance:attack/damageother_milddestabilize",
      "crit": true
    },
    "sneaking": {
      "sweep": "CONE",
      "knockback": 1.5,
      "damage_scale": 0.5,
      "posture_scale": 0.75,
      "sweep_base": 40.0,
      "sweep_scale": 15.0
    },
    "sprinting": {
      "sweep": "NONE",
      "knockback": 2.0,
      "damage_scale": 1.25,
      "posture_scale": 1.25,
      "hit_self_command": "/function wardance:attack/self_mildfatigue",
      "damage_other_command": "/function wardance:attack/damageother_mildstun",
      "crit": true
    },
    "riding": {
      "sweep": "NONE",
      "knockback": 1.5,
      "crit_damage": 2.0,
      "sweep_base": 40.0,
      "sweep_scale": 20.0,
      "damage_other_command": "/function wardance:attack/damageother_mildstun"
    }
  },
  "#axe": {
    "attack": 4.0,
    "defend": 0.9,
    "shield": false,
    "sweep": "CLEAVE",
    "knockback": 1.5,
    "damage_scale": 0.75,
    "posture_scale": 0.75,
    "crit": false,
    "crit_damage": 1.5,
    "sweep_base": 40.0,
    "sweep_scale": 15.0,
    "standing": {
      "sweep": "CLEAVE",
      "knockback": 1.5,
      "damage_scale": 0.75,
      "posture_scale": 0.75,
      "sweep_base": 40.0,
      "sweep_scale": 15.0
    },
    "falling": {
      "sweep": "CLEAVE",
      "knockback": 0.5,
      "sweep_base": 50.0,
      "sweep_scale": 25.0,
      "hit_self_command": "/function wardance:attack/self_moderatefatigue",
      "damage_other_command": "/function wardance:attack/damageother_armorcleaveminor",
      "crit": true
    },
    "sneaking": {
      "sweep": "CONE",
      "knockback": 2.0,
      "damage_scale": 0.75,
      "posture_scale": 0.75,
      "sweep_base": 40.0,
      "sweep_scale": 15.0
    },
    "sprinting": {
      "sweep": "CIRCLE",
      "knockback": 1.75,
      "damage_scale": 0.75,
      "posture_scale": 0.75,
      "sweep_base": 2.0,
      "sweep_scale": 0.75,
      "hit_self_command": "/function wardance:attack/self_moderatefatigue",
      "crit": true
    },
    "riding": {
      "sweep": "CIRCLE",
      "damage_scale": 1.2,
      "posture_scale": 1.3,
      "crit_damage": 2.0,
      "sweep_base": 2.5,
      "sweep_scale": 0.5,
      "hit_self_command": "/function wardance:attack/self_mildfatigue"
    }
  },
  "#book": {
    "attack": 1.0,
    "defend": 1.2,
    "shield": true,
    "sweep": "NONE",
    "knockback": 1.0,
    "damage_scale": 1.0,
    "posture_scale": 1.0,
    "crit": false,
    "crit_damage": 1.5,
    "sweep_base": 0.0,
    "sweep_scale": 0.0,
    "standing": {
      "sweep": "NONE"
    },
    "falling": {
      "sweep": "IMPACT",
      "knockback": 1.5,
      "sweep_base": 2.0,
      "sweep_scale": 0.5,
      "hit_self_command": "/function wardance:attack/self_mildfatigue",
      "crit": true
    },
    "sneaking": {
      "sweep": "NONE",
      "hit_self_command": "/function wardance:attack/self_accelerate"
    },
    "sprinting": {
      "sweep": "IMPACT",
      "knockback": 1.5,
      "sweep_base": 2.0,
      "sweep_scale": 0.5,
      "hit_self_command": "/function wardance:attack/self_moderatefatigue",
      "crit": true
    },
    "riding": {
      "sweep": "NONE",
      "knockback": 1.5,
      "crit_damage": 2.0,
      "hit_self_command": "/function wardance:attack/self_mildfatigue"
    }
  },
  "#halberd": {
    "attack": 4.0,
    "defend": 0.7,
    "shield": false,
    "sweep": "CONE",
    "knockback": 1.2,
    "damage_scale": 0.75,
    "posture_scale": 0.5,
    "crit": false,
    "crit_damage": 1.5,
    "sweep_base": 40.0,
    "sweep_scale": 15.0,
    "standing": {
      "sweep": "CONE",
      "knockback": 1.2,
      "damage_scale": 0.75,
      "posture_scale": 0.5,
      "sweep_base": 40.0,
      "sweep_scale": 15.0
    },
    "falling": {
      "sweep": "CLEAVE",
      "knockback": 0.5,
      "sweep_base": 50.0,
      "sweep_scale": 25.0,
      "hit_self_command": "/function wardance:attack/self_moderatefatigue",
      "damage_other_command": "/function wardance:attack/damageother_armorcleaveminor",
      "crit": true
    },
    "sneaking": {
      "sweep": "CLEAVE",
      "knockback": 1.5,
      "damage_scale": 0.75,
      "posture_scale": 0.75,
      "sweep_base": 50.0,
      "sweep_scale": 20.0,
      "hit_self_command": "/function wardance:attack/self_mildfatigue"
    },
    "sprinting": {
      "sweep": "LINE",
      "knockback": 0.75,
      "damage_scale": 1.25,
      "sweep_base": 0.3,
      "sweep_scale": 0.2,
      "hit_self_command": "/function wardance:attack/self_moderatefatigue",
      "damage_other_command": "/function wardance:attack/damageother_pierce",
      "crit": true
    },
    "riding": {
      "sweep": "CIRCLE",
      "damage_scale": 1.6,
      "crit_damage": 2.0,
      "sweep_base": 3.0,
      "sweep_scale": 0.75,
      "hit_self_command": "/function wardance:attack/self_mildfatigue"
    }
  },
  "#rifle": {
    "attack": 3.5,
    "defend": 1.0,
    "shield": false,
    "sweep": "CONE",
    "knockback": 0.75,
    "damage_scale": 0.75,
    "posture_scale": 0.75,
    "crit": false,
    "crit_damage": 1.5,
    "sweep_base": 40.0,
    "sweep_scale": 15.0,
    "standing": {
      "sweep": "CONE",
      "knockback": 0.75,
      "damage_scale": 0.75,
      "posture_scale": 0.75,
      "sweep_base": 40.0,
      "sweep_scale": 15.0
    },
    "falling": {
      "sweep": "NONE",
      "posture_scale": 1.25,
      "hit_self_command": "/function wardance:attack/self_mildfatigue",
      "crit": true
    },
    "sneaking": {
      "sweep": "IMPACT",
      "knockback": 1.25,
      "sweep_base": 1.0,
      "sweep_scale": 0.5
    },
    "sprinting": {
      "sweep": "LINE",
      "damage_scale": 0.5,
      "posture_scale": 1.5,
      "sweep_base": 0.5,
      "sweep_scale": 0.25,
      "hit_self_command": "/function wardance:attack/self_mildfatigue",
      "damage_other_command": "/function wardance:attack/damageother_stun",
      "crit": true
    },
    "riding": {
      "sweep": "CONE",
      "knockback": 1.5,
      "damage_scale": 1.5,
      "posture_scale": 1.5,
      "crit_damage": 2.0,
      "sweep_base": 30.0,
      "sweep_scale": 15.0,
      "hit_self_command": "/function wardance:attack/self_mildfatigue",
      "damage_other_command": "/function wardance:attack/damageother_stun"
    }
  },
  "#scythe": {
    "attack": 3.0,
    "defend": 0.8,
    "shield": false,
    "sweep": "CONE",
    "knockback": 1.25,
    "damage_scale": 0.75,
    "posture_scale": 0.5,
    "crit": false,
    "crit_damage": 1.5,
    "sweep_base": 60.0,
    "sweep_scale": 20.0,
    "standing": {
      "sweep": "CONE",
      "knockback": 1.25,
      "damage_scale": 0.75,
      "posture_scale": 0.5,
      "sweep_base": 60.0,
      "sweep_scale": 20.0
    },
    "falling": {
      "sweep": "CLEAVE",
      "knockback": 1.25,
      "damage_scale": 1.25,
      "sweep_base": 50.0,
      "sweep_scale": 25.0,
      "hit_self_command": "/function wardance:attack/self_moderatefatigue",
      "damage_other_command": "/function wardance:attack/damageother_armorcleaveminor",
      "crit": true
    },
    "sneaking": {
      "sweep": "LINE",
      "knockback": -1.75,
      "damage_scale": 0.5,
      "sweep_base": 1.0,
      "sweep_scale": 0.5,
      "damage_other_command": "/function wardance:attack/damageother_mildstun"
    },
    "sprinting": {
      "sweep": "IMPACT",
      "knockback": 1.5,
      "damage_scale": 0.5,
      "posture_scale": 1.5,
      "sweep_base": 0.75,
      "sweep_scale": 0.5,
      "hit_self_command": "/function wardance:attack/self_accelerate",
      "damage_other_command": "/function wardance:attack/damageother_destabilize",
      "crit": true
    },
    "riding": {
      "sweep": "CIRCLE",
      "knockback": 0.5,
      "damage_scale": 1.2,
      "crit_damage": 2.0,
      "sweep_base": 4.0,
      "sweep_scale": 0.75
    }
  },
  "#shield": {
    "attack": 4.0,
    "defend": 0.6,
    "shield": true,
    "sweep": "NONE",
    "knockback": 1.25,
    "damage_scale": 1.0,
    "posture_scale": 0.75,
    "crit": false,
    "crit_damage": 1.5,
    "sweep_base": 0.0,
    "sweep_scale": 0.0,
    "standing": {
      "sweep": "NONE",
      "knockback": 1.25,
      "posture_scale": 0.75
    },
    "falling": {
      "sweep": "IMPACT",
      "knockback": 0.5,
      "sweep_base": 1.25,
      "sweep_scale": 0.75,
      "hit_self_command": "/function wardance:attack/self_moderatefatigue",
      "damage_other_command": "/function wardance:attack/damageother_mildstun",
      "crit": true
    },
    "sneaking": {
      "sweep": "CONE",
      "knockback": 1.25,
      "damage_scale": 0.75,
      "posture_scale": 0.75,
      "sweep_base": 40.0,
      "sweep_scale": 20.0,
      "hit_self_command": "/function wardance:attack/self_mildfatigue"
    },
    "sprinting": {
      "sweep": "IMPACT",
      "knockback": 1.5,
      "posture_scale": 1.25,
      "sweep_base": 1.0,
      "sweep_scale": 0.5,
      "hit_self_command": "/function wardance:attack/self_mildfatigue",
      "damage_other_command": "/function wardance:attack/damageother_mildstun",
      "crit": true
    },
    "riding": {
      "sweep": "CONE",
      "knockback": 1.5,
      "damage_scale": 0.75,
      "crit_damage": 2.0,
      "sweep_base": 40.0,
      "sweep_scale": 30.0,
      "hit_self_command": "/function wardance:attack/self_mildfatigue",
      "damage_other_command": "/function wardance:attack/damageother_mildstun"
    }
  }
}