{
  "biomancy:withershot": {
    "attack": 3.5,
    "defend": 1.0,
    "shield": false,
    "sweep": "CONE",
    "knockback": 0.75,
    "damage_scale": 0.75,
    "posture_scale": 0.75,
    "crit": false,
    "crit_damage": 1.5,
    "sweep_base": 40.0,
    "sweep_scale": 15.0,
    "standing": {
      "sweep": "CONE",
      "knockback": 0.75,
      "damage_scale": 0.75,
      "posture_scale": 0.75,
      "sweep_base": 40.0,
      "sweep_scale": 15.0
    },
    "falling": {
      "sweep": "NONE",
      "posture_scale": 1.25,
      "hit_self_command": "/function wardance:attack/self_mildfatigue",
      "crit": true
    },
    "sneaking": {
      "sweep": "IMPACT",
      "knockback": 1.25,
      "sweep_base": 1.0,
      "sweep_scale": 0.5
    },
    "sprinting": {
      "sweep": "LINE",
      "damage_scale": 0.5,
      "posture_scale": 1.5,
      "sweep_base": 0.5,
      "sweep_scale": 0.25,
      "hit_self_command": "/function wardance:attack/self_mildfatigue",
      "damage_other_command": "/function wardance:attack/damageother_stun",
      "crit": true
    },
    "riding": {
      "sweep": "CONE",
      "knockback": 1.5,
      "damage_scale": 1.5,
      "posture_scale": 1.5,
      "crit_damage": 2.0,
      "sweep_base": 30.0,
      "sweep_scale": 15.0,
      "hit_self_command": "/function wardance:attack/self_mildfatigue",
      "damage_other_command": "/function wardance:attack/damageother_stun"
    }
  }
}