{
  "bloodandmadness:weapons/chikage": {
    "attack": 2.9,
    "defend": 0.9,
    "shield": false,
    "sweep": "CONE",
    "knockback": 0.75,
    "damage_scale": 0.75,
    "posture_scale": 0.75,
    "crit": false,
    "crit_damage": 1.5,
    "sweep_base": 50.0,
    "sweep_scale": 20.0,
    "standing": {
      "sweep": "CONE",
      "knockback": 0.75,
      "damage_scale": 0.75,
      "posture_scale": 0.75,
      "sweep_base": 50.0,
      "sweep_scale": 20.0
    },
    "falling": {
      "sweep": "NONE",
      "damage_scale": 1.25,
      "posture_scale": 1.25,
      "crit_damage": 2.0,
      "hit_self_command": "/function wardance:attack/self_mildfatigue",
      "damage_other_command": "/function wardance:attack/damageother_armorcleaveminor",
      "crit": true
    },
    "sneaking": {
      "sweep": "CLEAVE",
      "knockback": 0.75,
      "damage_scale": 0.75,
      "posture_scale": 0.75,
      "sweep_base": 50.0,
      "sweep_scale": 20.0
    },
    "sprinting": {
      "sweep": "CONE",
      "knockback": 0.0,
      "damage_scale": 1.25,
      "crit_damage": 2.0,
      "sweep_base": 90.0,
      "sweep_scale": 30.0,
      "hit_self_command": "/function wardance:attack/self_heavyfatigue",
      "damage_other_command": "/function wardance:attack/damageother_stun",
      "crit": true
    },
    "riding": {
      "sweep": "CIRCLE",
      "knockback": 0.6,
      "damage_scale": 1.5,
      "crit_damage": 2.0,
      "sweep_base": 3.0,
      "sweep_scale": 0.5,
      "damage_other_command": "/function wardance:attack/damageother_armorcleaveminor"
    }
  },
  "bloodandmadness:weapons/saw_cleaver_extended": {
    "attack": 4.0,
    "defend": 0.9,
    "shield": false,
    "sweep": "CLEAVE",
    "knockback": 1.5,
    "damage_scale": 0.75,
    "posture_scale": 0.75,
    "crit": false,
    "crit_damage": 1.5,
    "sweep_base": 40.0,
    "sweep_scale": 15.0,
    "standing": {
      "sweep": "CLEAVE",
      "knockback": 1.5,
      "damage_scale": 0.75,
      "posture_scale": 0.75,
      "sweep_base": 40.0,
      "sweep_scale": 15.0
    },
    "falling": {
      "sweep": "CLEAVE",
      "knockback": 0.5,
      "sweep_base": 50.0,
      "sweep_scale": 25.0,
      "hit_self_command": "/function wardance:attack/self_moderatefatigue",
      "damage_other_command": "/function wardance:attack/damageother_armorcleaveminor",
      "crit": true
    },
    "sneaking": {
      "sweep": "CONE",
      "knockback": 2.0,
      "damage_scale": 0.75,
      "posture_scale": 0.75,
      "sweep_base": 40.0,
      "sweep_scale": 15.0
    },
    "sprinting": {
      "sweep": "CIRCLE",
      "knockback": 1.75,
      "damage_scale": 0.75,
      "posture_scale": 0.75,
      "sweep_base": 2.0,
      "sweep_scale": 0.75,
      "hit_self_command": "/function wardance:attack/self_moderatefatigue",
      "crit": true
    },
    "riding": {
      "sweep": "CIRCLE",
      "damage_scale": 1.2,
      "posture_scale": 1.3,
      "crit_damage": 2.0,
      "sweep_base": 2.5,
      "sweep_scale": 0.5,
      "hit_self_command": "/function wardance:attack/self_mildfatigue"
    }
  },
  "bloodandmadness:weapons/lit_torch": {
    "attack": 1.0,
    "defend": 0.9,
    "shield": false,
    "sweep": "NONE",
    "knockback": 1.0,
    "damage_scale": 1.0,
    "posture_scale": 1.0,
    "crit": false,
    "crit_damage": 1.5,
    "sweep_base": 0.0,
    "sweep_scale": 0.0,
    "standing": {
      "sweep": "NONE"
    },
    "falling": {
      "sweep": "NONE",
      "posture_scale": 1.25,
      "crit": true
    },
    "sneaking": {
      "sweep": "NONE"
    },
    "sprinting": {
      "sweep": "NONE",
      "damage_scale": 1.25,
      "posture_scale": 1.25,
      "crit": true
    },
    "riding": {
      "sweep": "NONE",
      "knockback": 1.5,
      "damage_scale": 1.5,
      "posture_scale": 1.25,
      "crit_damage": 2.0
    }
  },
  "bloodandmadness:weapons/saw_cleaver": {
    "attack": 3.5,
    "defend": 0.7,
    "shield": false,
    "sweep": "CIRCLE",
    "knockback": 1.0,
    "damage_scale": 0.5,
    "posture_scale": 0.75,
    "crit": false,
    "crit_damage": 1.5,
    "sweep_base": 2.0,
    "sweep_scale": 0.75,
    "standing": {
      "sweep": "CIRCLE",
      "damage_scale": 0.5,
      "posture_scale": 0.75,
      "sweep_base": 2.0,
      "sweep_scale": 0.75
    },
    "falling": {
      "sweep": "CLEAVE",
      "knockback": 1.25,
      "damage_scale": 1.25,
      "sweep_base": 40.0,
      "sweep_scale": 20.0,
      "hit_self_command": "/function wardance:attack/self_mildfatigue",
      "damage_other_command": "/function wardance:attack/damageother_armorcleaveminor",
      "crit": true
    },
    "sneaking": {
      "sweep": "CONE",
      "damage_scale": 0.75,
      "posture_scale": 0.75,
      "sweep_base": 50.0,
      "sweep_scale": 25.0,
      "hit_self_command": "/function wardance:attack/self_accelerate"
    },
    "sprinting": {
      "sweep": "IMPACT",
      "knockback": 2.0,
      "posture_scale": 1.25,
      "sweep_base": 1.0,
      "sweep_scale": 0.5,
      "hit_self_command": "/function wardance:attack/self_accelerate",
      "damage_other_command": "/function wardance:attack/damageother_mildstun",
      "crit": true
    },
    "riding": {
      "sweep": "CIRCLE",
      "damage_scale": 1.6,
      "crit_damage": 2.0,
      "sweep_base": 2.5,
      "sweep_scale": 0.5,
      "hit_self_command": "/function wardance:attack/self_accelerate",
      "damage_other_command": "/function wardance:attack/damageother_mildstun"
    }
  },
  "bloodandmadness:weapons/chikage_extended": {
    "attack": 3.4,
    "defend": 0.9,
    "shield": false,
    "sweep": "CONE",
    "knockback": 0.75,
    "damage_scale": 0.75,
    "posture_scale": 0.75,
    "crit": false,
    "crit_damage": 1.5,
    "sweep_base": 50.0,
    "sweep_scale": 20.0,
    "standing": {
      "sweep": "CONE",
      "knockback": 0.75,
      "damage_scale": 0.75,
      "posture_scale": 0.75,
      "sweep_base": 50.0,
      "sweep_scale": 20.0
    },
    "falling": {
      "sweep": "NONE",
      "damage_scale": 1.25,
      "posture_scale": 1.25,
      "crit_damage": 2.0,
      "hit_self_command": "/function wardance:attack/self_mildfatigue",
      "damage_other_command": "/function wardance:attack/damageother_armorcleaveminor",
      "crit": true
    },
    "sneaking": {
      "sweep": "CLEAVE",
      "knockback": 0.75,
      "damage_scale": 0.75,
      "posture_scale": 0.75,
      "sweep_base": 50.0,
      "sweep_scale": 20.0
    },
    "sprinting": {
      "sweep": "CONE",
      "knockback": 0.0,
      "damage_scale": 1.25,
      "crit_damage": 2.0,
      "sweep_base": 90.0,
      "sweep_scale": 30.0,
      "hit_self_command": "/function wardance:attack/self_heavyfatigue",
      "damage_other_command": "/function wardance:attack/damageother_stun",
      "crit": true
    },
    "riding": {
      "sweep": "CIRCLE",
      "knockback": 0.6,
      "damage_scale": 1.5,
      "crit_damage": 2.0,
      "sweep_base": 3.0,
      "sweep_scale": 0.5,
      "damage_other_command": "/function wardance:attack/damageother_armorcleaveminor"
    }
  },
  "bloodandmadness:weapons/flamesprayer": {
    "attack": 2.2,
    "defend": 1.1,
    "shield": false,
    "sweep": "CONE",
    "knockback": 1.0,
    "damage_scale": 1.0,
    "posture_scale": 1.0,
    "crit": false,
    "crit_damage": 1.5,
    "sweep_base": 20.0,
    "sweep_scale": 10.0,
    "standing": {
      "sweep": "CONE",
      "sweep_base": 20.0,
      "sweep_scale": 10.0
    },
    "falling": {
      "sweep": "IMPACT",
      "knockback": 1.5,
      "posture_scale": 1.25,
      "sweep_base": 0.5,
      "sweep_scale": 0.25,
      "hit_self_command": "/function wardance:attack/self_mildfatigue",
      "damage_other_command": "/function wardance:attack/damageother_mildstun",
      "crit": true
    },
    "sneaking": {
      "sweep": "NONE",
      "hit_self_command": "/function wardance:attack/self_accelerate"
    },
    "sprinting": {
      "sweep": "NONE",
      "knockback": 1.5,
      "damage_scale": 1.25,
      "hit_self_command": "/function wardance:attack/self_mildfatigue",
      "crit": true
    },
    "riding": {
      "sweep": "NONE",
      "knockback": 2.0,
      "posture_scale": 1.25,
      "crit_damage": 2.0
    }
  },
  "bloodandmadness:weapons/hunter_pistol": {
    "attack": 2.2,
    "defend": 1.1,
    "shield": false,
    "sweep": "CONE",
    "knockback": 1.0,
    "damage_scale": 1.0,
    "posture_scale": 1.0,
    "crit": false,
    "crit_damage": 1.5,
    "sweep_base": 20.0,
    "sweep_scale": 10.0,
    "standing": {
      "sweep": "CONE",
      "sweep_base": 20.0,
      "sweep_scale": 10.0
    },
    "falling": {
      "sweep": "IMPACT",
      "knockback": 1.5,
      "posture_scale": 1.25,
      "sweep_base": 0.5,
      "sweep_scale": 0.25,
      "hit_self_command": "/function wardance:attack/self_mildfatigue",
      "damage_other_command": "/function wardance:attack/damageother_mildstun",
      "crit": true
    },
    "sneaking": {
      "sweep": "NONE",
      "hit_self_command": "/function wardance:attack/self_accelerate"
    },
    "sprinting": {
      "sweep": "NONE",
      "knockback": 1.5,
      "damage_scale": 1.25,
      "hit_self_command": "/function wardance:attack/self_mildfatigue",
      "crit": true
    },
    "riding": {
      "sweep": "NONE",
      "knockback": 2.0,
      "posture_scale": 1.25,
      "crit_damage": 2.0
    }
  },
  "bloodandmadness:weapons/threaded_cane_whip": {
    "attack": 2.0,
    "defend": 1.0,
    "shield": false,
    "sweep": "IMPACT",
    "knockback": 0.75,
    "damage_scale": 0.75,
    "posture_scale": 0.75,
    "crit": false,
    "crit_damage": 1.5,
    "sweep_base": 0.75,
    "sweep_scale": 0.25,
    "standing": {
      "sweep": "IMPACT",
      "knockback": 0.75,
      "damage_scale": 0.75,
      "posture_scale": 0.75,
      "sweep_base": 0.75,
      "sweep_scale": 0.25
    },
    "falling": {
      "sweep": "LINE",
      "knockback": 2.0,
      "sweep_base": 0.5,
      "sweep_scale": 0.3,
      "hit_self_command": "/function wardance:attack/self_mildfatigue",
      "crit": true
    },
    "sneaking": {
      "sweep": "CIRCLE",
      "knockback": 2.0,
      "damage_scale": 0.5,
      "posture_scale": 0.5,
      "sweep_base": 3.0,
      "sweep_scale": 1.0
    },
    "sprinting": {
      "sweep": "LINE",
      "knockback": -1.75,
      "sweep_base": 0.6,
      "sweep_scale": 0.3,
      "hit_self_command": "/function wardance:attack/self_accelerate",
      "crit": true
    },
    "riding": {
      "sweep": "IMPACT",
      "knockback": 1.5,
      "damage_scale": 0.75,
      "posture_scale": 0.75,
      "crit_damage": 2.0,
      "sweep_base": 1.0,
      "sweep_scale": 0.5,
      "hit_self_command": "/function wardance:attack/self_accelerate"
    }
  },
  "bloodandmadness:weapons/shadow_blade": {
    "attack": 2.9,
    "defend": 0.9,
    "shield": false,
    "sweep": "CONE",
    "knockback": 0.75,
    "damage_scale": 0.75,
    "posture_scale": 0.75,
    "crit": false,
    "crit_damage": 1.5,
    "sweep_base": 50.0,
    "sweep_scale": 20.0,
    "standing": {
      "sweep": "CONE",
      "knockback": 0.75,
      "damage_scale": 0.75,
      "posture_scale": 0.75,
      "sweep_base": 50.0,
      "sweep_scale": 20.0
    },
    "falling": {
      "sweep": "NONE",
      "damage_scale": 1.25,
      "posture_scale": 1.25,
      "crit_damage": 2.0,
      "hit_self_command": "/function wardance:attack/self_mildfatigue",
      "damage_other_command": "/function wardance:attack/damageother_armorcleaveminor",
      "crit": true
    },
    "sneaking": {
      "sweep": "CLEAVE",
      "knockback": 0.75,
      "damage_scale": 0.75,
      "posture_scale": 0.75,
      "sweep_base": 50.0,
      "sweep_scale": 20.0
    },
    "sprinting": {
      "sweep": "CONE",
      "knockback": 0.0,
      "damage_scale": 1.25,
      "crit_damage": 2.0,
      "sweep_base": 90.0,
      "sweep_scale": 30.0,
      "hit_self_command": "/function wardance:attack/self_heavyfatigue",
      "damage_other_command": "/function wardance:attack/damageother_stun",
      "crit": true
    },
    "riding": {
      "sweep": "CIRCLE",
      "knockback": 0.6,
      "damage_scale": 1.5,
      "crit_damage": 2.0,
      "sweep_base": 3.0,
      "sweep_scale": 0.5,
      "damage_other_command": "/function wardance:attack/damageother_armorcleaveminor"
    }
  },
  "bloodandmadness:weapons/burial_blade": {
    "attack": 2.8,
    "defend": 0.85,
    "shield": false,
    "sweep": "CONE",
    "knockback": 0.75,
    "damage_scale": 0.75,
    "posture_scale": 0.75,
    "crit": false,
    "crit_damage": 1.5,
    "sweep_base": 40.0,
    "sweep_scale": 15.0,
    "standing": {
      "sweep": "CONE",
      "knockback": 0.75,
      "damage_scale": 0.75,
      "posture_scale": 0.75,
      "sweep_base": 40.0,
      "sweep_scale": 15.0
    },
    "falling": {
      "sweep": "CLEAVE",
      "sweep_base": 50.0,
      "sweep_scale": 25.0,
      "hit_self_command": "/function wardance:attack/self_mildfatigue",
      "crit": true
    },
    "sneaking": {
      "sweep": "CONE",
      "knockback": 1.25,
      "damage_scale": 0.75,
      "posture_scale": 0.75,
      "sweep_base": 50.0,
      "sweep_scale": 25.0,
      "hit_self_command": "/function wardance:attack/self_mildfatigue"
    },
    "sprinting": {
      "sweep": "LINE",
      "knockback": 0.75,
      "damage_scale": 1.25,
      "sweep_base": 0.3,
      "sweep_scale": 0.2,
      "hit_self_command": "/function wardance:attack/self_mildfatigue",
      "damage_other_command": "/function wardance:attack/damageother_pierce",
      "crit": true
    },
    "riding": {
      "sweep": "CIRCLE",
      "damage_scale": 1.5,
      "crit_damage": 2.0,
      "sweep_base": 3.0,
      "sweep_scale": 0.5
    }
  }
}