{
  "born_in_chaos_v1:darkwarblade": {
    "attack": 6.0,
    "defend": 0.8,
    "shield": false,
    "sweep": "CONE",
    "knockback": 0.75,
    "damage_scale": 0.75,
    "posture_scale": 0.5,
    "crit": false,
    "crit_damage": 1.5,
    "sweep_base": 60.0,
    "sweep_scale": 20.0,
    "standing": {
      "sweep": "CONE",
      "knockback": 0.75,
      "damage_scale": 0.75,
      "posture_scale": 0.5,
      "sweep_base": 60.0,
      "sweep_scale": 20.0
    },
    "falling": {
      "sweep": "CLEAVE",
      "sweep_base": 60.0,
      "sweep_scale": 30.0,
      "hit_self_command": "/function wardance:attack/self_heavyfatigue",
      "damage_other_command": "/function wardance:attack/damageother_armorcleaveminor",
      "crit": true
    },
    "sneaking": {
      "sweep": "CONE",
      "knockback": 1.5,
      "damage_scale": 0.5,
      "sweep_base": 90.0,
      "sweep_scale": 30.0,
      "hit_self_command": "/function wardance:attack/self_mildfatigue"
    },
    "sprinting": {
      "sweep": "LINE",
      "knockback": 0.75,
      "damage_scale": 1.25,
      "sweep_base": 0.3,
      "sweep_scale": 0.2,
      "hit_self_command": "/function wardance:attack/self_moderatefatigue",
      "damage_other_command": "/function wardance:attack/damageother_armorcleaveminor",
      "crit": true
    },
    "riding": {
      "sweep": "CIRCLE",
      "damage_scale": 1.6,
      "crit_damage": 2.0,
      "sweep_base": 3.0,
      "sweep_scale": 0.75,
      "hit_self_command": "/function wardance:attack/self_mildfatigue",
      "damage_other_command": "/function wardance:attack/damageother_armorcleave"
    }
  },
  "born_in_chaos_v1:great_reaper_axe": {
    "attack": 4.0,
    "defend": 0.9,
    "shield": false,
    "sweep": "CLEAVE",
    "knockback": 1.5,
    "damage_scale": 0.75,
    "posture_scale": 0.75,
    "crit": false,
    "crit_damage": 1.5,
    "sweep_base": 40.0,
    "sweep_scale": 15.0,
    "standing": {
      "sweep": "CLEAVE",
      "knockback": 1.5,
      "damage_scale": 0.75,
      "posture_scale": 0.75,
      "sweep_base": 40.0,
      "sweep_scale": 15.0
    },
    "falling": {
      "sweep": "CLEAVE",
      "knockback": 0.5,
      "sweep_base": 50.0,
      "sweep_scale": 25.0,
      "hit_self_command": "/function wardance:attack/self_moderatefatigue",
      "damage_other_command": "/function wardance:attack/damageother_armorcleaveminor",
      "crit": true
    },
    "sneaking": {
      "sweep": "CONE",
      "knockback": 2.0,
      "damage_scale": 0.75,
      "posture_scale": 0.75,
      "sweep_base": 40.0,
      "sweep_scale": 15.0
    },
    "sprinting": {
      "sweep": "CIRCLE",
      "knockback": 1.75,
      "damage_scale": 0.75,
      "posture_scale": 0.75,
      "sweep_base": 2.0,
      "sweep_scale": 0.75,
      "hit_self_command": "/function wardance:attack/self_moderatefatigue",
      "crit": true
    },
    "riding": {
      "sweep": "CIRCLE",
      "damage_scale": 1.2,
      "posture_scale": 1.3,
      "crit_damage": 2.0,
      "sweep_base": 2.5,
      "sweep_scale": 0.5,
      "hit_self_command": "/function wardance:attack/self_mildfatigue"
    }
  },
  "born_in_chaos_v1:monster_flesh": {
    "attack": 2.6,
    "defend": 1.0,
    "shield": false,
    "sweep": "CONE",
    "knockback": 1.0,
    "damage_scale": 0.75,
    "posture_scale": 0.75,
    "crit": false,
    "crit_damage": 1.5,
    "sweep_base": 40.0,
    "sweep_scale": 15.0,
    "standing": {
      "sweep": "CONE",
      "damage_scale": 0.75,
      "posture_scale": 0.75,
      "sweep_base": 40.0,
      "sweep_scale": 15.0
    },
    "falling": {
      "sweep": "IMPACT",
      "knockback": 1.25,
      "sweep_base": 1.5,
      "sweep_scale": 0.75,
      "hit_self_command": "/function wardance:attack/self_moderatefatigue",
      "damage_other_command": "/function wardance:attack/damageother_milddestabilize",
      "crit": true
    },
    "sneaking": {
      "sweep": "CONE",
      "knockback": 0.75,
      "damage_scale": 0.5,
      "posture_scale": 0.5,
      "sweep_base": 30.0,
      "sweep_scale": 10.0,
      "hit_self_command": "/function wardance:attack/self_accelerate"
    },
    "sprinting": {
      "sweep": "CONE",
      "knockback": 2.0,
      "damage_scale": 1.25,
      "sweep_base": 60.0,
      "sweep_scale": 30.0,
      "hit_self_command": "/function wardance:attack/self_moderatefatigue",
      "damage_other_command": "/function wardance:attack/damageother_mildstun",
      "crit": true
    },
    "riding": {
      "sweep": "CIRCLE",
      "knockback": 1.2,
      "posture_scale": 1.3,
      "crit_damage": 2.0,
      "sweep_base": 2.5,
      "sweep_scale": 0.5,
      "hit_self_command": "/function wardance:attack/self_mildfatigue",
      "damage_other_command": "/function wardance:attack/damageother_mildstun"
    }
  },
  "born_in_chaos_v1:smoked_monster_flesh": {
    "attack": 2.6,
    "defend": 1.0,
    "shield": false,
    "sweep": "CONE",
    "knockback": 1.0,
    "damage_scale": 0.75,
    "posture_scale": 0.75,
    "crit": false,
    "crit_damage": 1.5,
    "sweep_base": 40.0,
    "sweep_scale": 15.0,
    "standing": {
      "sweep": "CONE",
      "damage_scale": 0.75,
      "posture_scale": 0.75,
      "sweep_base": 40.0,
      "sweep_scale": 15.0
    },
    "falling": {
      "sweep": "IMPACT",
      "knockback": 1.25,
      "sweep_base": 1.5,
      "sweep_scale": 0.75,
      "hit_self_command": "/function wardance:attack/self_moderatefatigue",
      "damage_other_command": "/function wardance:attack/damageother_milddestabilize",
      "crit": true
    },
    "sneaking": {
      "sweep": "CONE",
      "knockback": 0.75,
      "damage_scale": 0.5,
      "posture_scale": 0.5,
      "sweep_base": 30.0,
      "sweep_scale": 10.0,
      "hit_self_command": "/function wardance:attack/self_accelerate"
    },
    "sprinting": {
      "sweep": "CONE",
      "knockback": 2.0,
      "damage_scale": 1.25,
      "sweep_base": 60.0,
      "sweep_scale": 30.0,
      "hit_self_command": "/function wardance:attack/self_moderatefatigue",
      "damage_other_command": "/function wardance:attack/damageother_mildstun",
      "crit": true
    },
    "riding": {
      "sweep": "CIRCLE",
      "knockback": 1.2,
      "posture_scale": 1.3,
      "crit_damage": 2.0,
      "sweep_base": 2.5,
      "sweep_scale": 0.5,
      "hit_self_command": "/function wardance:attack/self_mildfatigue",
      "damage_other_command": "/function wardance:attack/damageother_mildstun"
    }
  },
  "born_in_chaos_v1:supreme_measure": {
    "attack": 999.0,
    "defend": 0.1,
    "shield": false,
    "sweep": "CLEAVE",
    "knockback": 1.5,
    "damage_scale": 0.75,
    "posture_scale": 0.75,
    "crit": false,
    "crit_damage": 1.5,
    "sweep_base": 40.0,
    "sweep_scale": 15.0,
    "standing": {
      "sweep": "CLEAVE",
      "knockback": 1.5,
      "damage_scale": 0.75,
      "posture_scale": 0.75,
      "sweep_base": 40.0,
      "sweep_scale": 15.0
    },
    "falling": {
      "sweep": "CLEAVE",
      "knockback": 0.5,
      "sweep_base": 50.0,
      "sweep_scale": 25.0,
      "hit_self_command": "/function wardance:attack/self_moderatefatigue",
      "damage_other_command": "/function wardance:attack/damageother_armorcleaveminor",
      "crit": true
    },
    "sneaking": {
      "sweep": "CONE",
      "knockback": 2.0,
      "damage_scale": 0.75,
      "posture_scale": 0.75,
      "sweep_base": 40.0,
      "sweep_scale": 15.0
    },
    "sprinting": {
      "sweep": "CIRCLE",
      "knockback": 1.75,
      "damage_scale": 0.75,
      "posture_scale": 0.75,
      "sweep_base": 2.0,
      "sweep_scale": 0.75,
      "hit_self_command": "/function wardance:attack/self_moderatefatigue",
      "crit": true
    },
    "riding": {
      "sweep": "CIRCLE",
      "damage_scale": 1.2,
      "posture_scale": 1.3,
      "crit_damage": 2.0,
      "sweep_base": 2.5,
      "sweep_scale": 0.5,
      "hit_self_command": "/function wardance:attack/self_mildfatigue"
    }
  }
}