{
  "cyclic:mattock": {
    "attack": 2.5,
    "defend": 1.0,
    "shield": false,
    "sweep": "IMPACT",
    "knockback": 1.0,
    "damage_scale": 1.0,
    "posture_scale": 1.0,
    "crit": false,
    "crit_damage": 1.5,
    "sweep_base": 0.5,
    "sweep_scale": 0.25,
    "standing": {
      "sweep": "IMPACT",
      "sweep_base": 0.5,
      "sweep_scale": 0.25
    },
    "falling": {
      "sweep": "NONE",
      "posture_scale": 1.25,
      "crit_damage": 2.0,
      "hit_self_command": "/function wardance:attack/self_moderatefatigue",
      "damage_other_command": "/function wardance:attack/damageother_armorcleave",
      "crit": true
    },
    "sneaking": {
      "sweep": "CLEAVE",
      "knockback": 0.75,
      "damage_scale": 0.75,
      "posture_scale": 0.75,
      "sweep_base": 40.0,
      "sweep_scale": 15.0
    },
    "sprinting": {
      "sweep": "IMPACT",
      "knockback": 1.5,
      "posture_scale": 1.25,
      "crit_damage": 2.0,
      "sweep_base": 1.0,
      "sweep_scale": 0.5,
      "hit_self_command": "/function wardance:attack/self_mildfatigue",
      "damage_other_command": "/function wardance:attack/damageother_armorcleaveminor",
      "crit": true
    },
    "riding": {
      "sweep": "CIRCLE",
      "damage_scale": 1.4,
      "posture_scale": 1.2,
      "crit_damage": 2.0,
      "sweep_base": 3.0,
      "sweep_scale": 1.0,
      "hit_self_command": "/function wardance:attack/self_mildfatigue",
      "hit_other_command": "/function wardance:attack/damageother_armorcleaveminor"
    }
  },
  "cyclic:boomerang_damage": {
    "attack": 2.0,
    "defend": 1.0,
    "shield": false,
    "sweep": "CONE",
    "knockback": 1.0,
    "damage_scale": 0.75,
    "posture_scale": 0.75,
    "crit": false,
    "crit_damage": 1.5,
    "sweep_base": 60.0,
    "sweep_scale": 20.0,
    "standing": {
      "sweep": "CONE",
      "damage_scale": 0.75,
      "posture_scale": 0.75,
      "sweep_base": 60.0,
      "sweep_scale": 20.0
    },
    "falling": {
      "sweep": "IMPACT",
      "knockback": 1.5,
      "sweep_base": 1.0,
      "sweep_scale": 0.5,
      "hit_self_command": "/function wardance:attack/self_heavyfatigue",
      "damage_other_command": "/function wardance:attack/damageother_destabilize",
      "crit": true
    },
    "sneaking": {
      "sweep": "CIRCLE",
      "knockback": 1.5,
      "damage_scale": 0.5,
      "posture_scale": 0.5,
      "sweep_base": 4.0,
      "sweep_scale": 1.0,
      "hit_self_command": "/function wardance:attack/self_mildfatigue"
    },
    "sprinting": {
      "sweep": "CLEAVE",
      "knockback": 1.5,
      "sweep_base": 50.0,
      "sweep_scale": 25.0,
      "hit_self_command": "/function wardance:attack/self_moderatefatigue",
      "damage_other_command": "/function wardance:attack/damageother_break",
      "crit": true
    },
    "riding": {
      "sweep": "CONE",
      "knockback": 1.5,
      "damage_scale": 1.5,
      "crit_damage": 2.0,
      "sweep_base": 60.0,
      "sweep_scale": 30.0,
      "damage_other_command": "/function wardance:attack/damageother_destabilize"
    }
  },
  "cyclic:boomerang_stun": {
    "attack": 2.0,
    "defend": 1.0,
    "shield": false,
    "sweep": "CONE",
    "knockback": 1.0,
    "damage_scale": 0.75,
    "posture_scale": 0.75,
    "crit": false,
    "crit_damage": 1.5,
    "sweep_base": 60.0,
    "sweep_scale": 20.0,
    "standing": {
      "sweep": "CONE",
      "damage_scale": 0.75,
      "posture_scale": 0.75,
      "sweep_base": 60.0,
      "sweep_scale": 20.0
    },
    "falling": {
      "sweep": "IMPACT",
      "knockback": 1.5,
      "sweep_base": 1.0,
      "sweep_scale": 0.5,
      "hit_self_command": "/function wardance:attack/self_heavyfatigue",
      "damage_other_command": "/function wardance:attack/damageother_destabilize",
      "crit": true
    },
    "sneaking": {
      "sweep": "CIRCLE",
      "knockback": 1.5,
      "damage_scale": 0.5,
      "posture_scale": 0.5,
      "sweep_base": 4.0,
      "sweep_scale": 1.0,
      "hit_self_command": "/function wardance:attack/self_mildfatigue"
    },
    "sprinting": {
      "sweep": "CLEAVE",
      "knockback": 1.5,
      "sweep_base": 50.0,
      "sweep_scale": 25.0,
      "hit_self_command": "/function wardance:attack/self_moderatefatigue",
      "damage_other_command": "/function wardance:attack/damageother_break",
      "crit": true
    },
    "riding": {
      "sweep": "CONE",
      "knockback": 1.5,
      "damage_scale": 1.5,
      "crit_damage": 2.0,
      "sweep_base": 60.0,
      "sweep_scale": 30.0,
      "damage_other_command": "/function wardance:attack/damageother_destabilize"
    }
  },
  "cyclic:boomerang_carry": {
    "attack": 2.0,
    "defend": 1.0,
    "shield": false,
    "sweep": "CONE",
    "knockback": 1.0,
    "damage_scale": 0.75,
    "posture_scale": 0.75,
    "crit": false,
    "crit_damage": 1.5,
    "sweep_base": 60.0,
    "sweep_scale": 20.0,
    "standing": {
      "sweep": "CONE",
      "damage_scale": 0.75,
      "posture_scale": 0.75,
      "sweep_base": 60.0,
      "sweep_scale": 20.0
    },
    "falling": {
      "sweep": "IMPACT",
      "knockback": 1.5,
      "sweep_base": 1.0,
      "sweep_scale": 0.5,
      "hit_self_command": "/function wardance:attack/self_heavyfatigue",
      "damage_other_command": "/function wardance:attack/damageother_destabilize",
      "crit": true
    },
    "sneaking": {
      "sweep": "CIRCLE",
      "knockback": 1.5,
      "damage_scale": 0.5,
      "posture_scale": 0.5,
      "sweep_base": 4.0,
      "sweep_scale": 1.0,
      "hit_self_command": "/function wardance:attack/self_mildfatigue"
    },
    "sprinting": {
      "sweep": "CLEAVE",
      "knockback": 1.5,
      "sweep_base": 50.0,
      "sweep_scale": 25.0,
      "hit_self_command": "/function wardance:attack/self_moderatefatigue",
      "damage_other_command": "/function wardance:attack/damageother_break",
      "crit": true
    },
    "riding": {
      "sweep": "CONE",
      "knockback": 1.5,
      "damage_scale": 1.5,
      "crit_damage": 2.0,
      "sweep_base": 60.0,
      "sweep_scale": 30.0,
      "damage_other_command": "/function wardance:attack/damageother_destabilize"
    }
  },
  "cyclic:mattock_stone": {
    "attack": 2.5,
    "defend": 1.0,
    "shield": false,
    "sweep": "IMPACT",
    "knockback": 1.0,
    "damage_scale": 1.0,
    "posture_scale": 1.0,
    "crit": false,
    "crit_damage": 1.5,
    "sweep_base": 0.5,
    "sweep_scale": 0.25,
    "standing": {
      "sweep": "IMPACT",
      "sweep_base": 0.5,
      "sweep_scale": 0.25
    },
    "falling": {
      "sweep": "NONE",
      "posture_scale": 1.25,
      "crit_damage": 2.0,
      "hit_self_command": "/function wardance:attack/self_moderatefatigue",
      "damage_other_command": "/function wardance:attack/damageother_armorcleave",
      "crit": true
    },
    "sneaking": {
      "sweep": "CLEAVE",
      "knockback": 0.75,
      "damage_scale": 0.75,
      "posture_scale": 0.75,
      "sweep_base": 40.0,
      "sweep_scale": 15.0
    },
    "sprinting": {
      "sweep": "IMPACT",
      "knockback": 1.5,
      "posture_scale": 1.25,
      "crit_damage": 2.0,
      "sweep_base": 1.0,
      "sweep_scale": 0.5,
      "hit_self_command": "/function wardance:attack/self_mildfatigue",
      "damage_other_command": "/function wardance:attack/damageother_armorcleaveminor",
      "crit": true
    },
    "riding": {
      "sweep": "CIRCLE",
      "damage_scale": 1.4,
      "posture_scale": 1.2,
      "crit_damage": 2.0,
      "sweep_base": 3.0,
      "sweep_scale": 1.0,
      "hit_self_command": "/function wardance:attack/self_mildfatigue",
      "hit_other_command": "/function wardance:attack/damageother_armorcleaveminor"
    }
  },
  "cyclic:mattock_nether": {
    "attack": 2.5,
    "defend": 1.0,
    "shield": false,
    "sweep": "IMPACT",
    "knockback": 1.0,
    "damage_scale": 1.0,
    "posture_scale": 1.0,
    "crit": false,
    "crit_damage": 1.5,
    "sweep_base": 0.5,
    "sweep_scale": 0.25,
    "standing": {
      "sweep": "IMPACT",
      "sweep_base": 0.5,
      "sweep_scale": 0.25
    },
    "falling": {
      "sweep": "NONE",
      "posture_scale": 1.25,
      "crit_damage": 2.0,
      "hit_self_command": "/function wardance:attack/self_moderatefatigue",
      "damage_other_command": "/function wardance:attack/damageother_armorcleave",
      "crit": true
    },
    "sneaking": {
      "sweep": "CLEAVE",
      "knockback": 0.75,
      "damage_scale": 0.75,
      "posture_scale": 0.75,
      "sweep_base": 40.0,
      "sweep_scale": 15.0
    },
    "sprinting": {
      "sweep": "IMPACT",
      "knockback": 1.5,
      "posture_scale": 1.25,
      "crit_damage": 2.0,
      "sweep_base": 1.0,
      "sweep_scale": 0.5,
      "hit_self_command": "/function wardance:attack/self_mildfatigue",
      "damage_other_command": "/function wardance:attack/damageother_armorcleaveminor",
      "crit": true
    },
    "riding": {
      "sweep": "CIRCLE",
      "damage_scale": 1.4,
      "posture_scale": 1.2,
      "crit_damage": 2.0,
      "sweep_base": 3.0,
      "sweep_scale": 1.0,
      "hit_self_command": "/function wardance:attack/self_mildfatigue",
      "hit_other_command": "/function wardance:attack/damageother_armorcleaveminor"
    }
  }
}