{
  "exdeorum:diamond_hammer": {
    "attack": 6.0,
    "defend": 0.8,
    "shield": false,
    "sweep": "IMPACT",
    "knockback": 1.25,
    "damage_scale": 0.75,
    "posture_scale": 0.5,
    "crit": false,
    "crit_damage": 1.5,
    "sweep_base": 1.0,
    "sweep_scale": 0.4,
    "standing": {
      "sweep": "IMPACT",
      "knockback": 1.25,
      "damage_scale": 0.75,
      "posture_scale": 0.5,
      "sweep_base": 1.0,
      "sweep_scale": 0.4
    },
    "falling": {
      "sweep": "IMPACT",
      "knockback": 0.5,
      "sweep_base": 2.0,
      "sweep_scale": 0.75,
      "hit_self_command": "/function wardance:attack/self_moderatefatigue",
      "damage_other_command": "/function wardance:attack/damageother_bonkstart",
      "crit": true
    },
    "sneaking": {
      "sweep": "CONE",
      "damage_scale": 0.75,
      "posture_scale": 0.75,
      "sweep_base": 50.0,
      "sweep_scale": 20.0,
      "hit_self_command": "/function wardance:attack/self_mildfatigue"
    },
    "sprinting": {
      "sweep": "IMPACT",
      "knockback": 2.0,
      "sweep_base": 0.75,
      "sweep_scale": 0.25,
      "hit_self_command": "/function wardance:attack/self_accelerate",
      "damage_other_command": "/function wardance:attack/damageother_mildstun",
      "crit": true
    },
    "riding": {
      "sweep": "CIRCLE",
      "knockback": 1.2,
      "posture_scale": 1.3,
      "crit_damage": 2.0,
      "sweep_base": 2.5,
      "sweep_scale": 0.5,
      "hit_self_command": "/function wardance:attack/self_accelerate",
      "damage_other_command": "/function wardance:attack/damageother_mildstun"
    }
  },
  "exdeorum:stone_hammer": {
    "attack": 6.0,
    "defend": 0.8,
    "shield": false,
    "sweep": "IMPACT",
    "knockback": 1.25,
    "damage_scale": 0.75,
    "posture_scale": 0.5,
    "crit": false,
    "crit_damage": 1.5,
    "sweep_base": 1.0,
    "sweep_scale": 0.4,
    "standing": {
      "sweep": "IMPACT",
      "knockback": 1.25,
      "damage_scale": 0.75,
      "posture_scale": 0.5,
      "sweep_base": 1.0,
      "sweep_scale": 0.4
    },
    "falling": {
      "sweep": "IMPACT",
      "knockback": 0.5,
      "sweep_base": 2.0,
      "sweep_scale": 0.75,
      "hit_self_command": "/function wardance:attack/self_moderatefatigue",
      "damage_other_command": "/function wardance:attack/damageother_bonkstart",
      "crit": true
    },
    "sneaking": {
      "sweep": "CONE",
      "damage_scale": 0.75,
      "posture_scale": 0.75,
      "sweep_base": 50.0,
      "sweep_scale": 20.0,
      "hit_self_command": "/function wardance:attack/self_mildfatigue"
    },
    "sprinting": {
      "sweep": "IMPACT",
      "knockback": 2.0,
      "sweep_base": 0.75,
      "sweep_scale": 0.25,
      "hit_self_command": "/function wardance:attack/self_accelerate",
      "damage_other_command": "/function wardance:attack/damageother_mildstun",
      "crit": true
    },
    "riding": {
      "sweep": "CIRCLE",
      "knockback": 1.2,
      "posture_scale": 1.3,
      "crit_damage": 2.0,
      "sweep_base": 2.5,
      "sweep_scale": 0.5,
      "hit_self_command": "/function wardance:attack/self_accelerate",
      "damage_other_command": "/function wardance:attack/damageother_mildstun"
    }
  },
  "exdeorum:iron_hammer": {
    "attack": 6.0,
    "defend": 0.8,
    "shield": false,
    "sweep": "IMPACT",
    "knockback": 1.25,
    "damage_scale": 0.75,
    "posture_scale": 0.5,
    "crit": false,
    "crit_damage": 1.5,
    "sweep_base": 1.0,
    "sweep_scale": 0.4,
    "standing": {
      "sweep": "IMPACT",
      "knockback": 1.25,
      "damage_scale": 0.75,
      "posture_scale": 0.5,
      "sweep_base": 1.0,
      "sweep_scale": 0.4
    },
    "falling": {
      "sweep": "IMPACT",
      "knockback": 0.5,
      "sweep_base": 2.0,
      "sweep_scale": 0.75,
      "hit_self_command": "/function wardance:attack/self_moderatefatigue",
      "damage_other_command": "/function wardance:attack/damageother_bonkstart",
      "crit": true
    },
    "sneaking": {
      "sweep": "CONE",
      "damage_scale": 0.75,
      "posture_scale": 0.75,
      "sweep_base": 50.0,
      "sweep_scale": 20.0,
      "hit_self_command": "/function wardance:attack/self_mildfatigue"
    },
    "sprinting": {
      "sweep": "IMPACT",
      "knockback": 2.0,
      "sweep_base": 0.75,
      "sweep_scale": 0.25,
      "hit_self_command": "/function wardance:attack/self_accelerate",
      "damage_other_command": "/function wardance:attack/damageother_mildstun",
      "crit": true
    },
    "riding": {
      "sweep": "CIRCLE",
      "knockback": 1.2,
      "posture_scale": 1.3,
      "crit_damage": 2.0,
      "sweep_base": 2.5,
      "sweep_scale": 0.5,
      "hit_self_command": "/function wardance:attack/self_accelerate",
      "damage_other_command": "/function wardance:attack/damageother_mildstun"
    }
  },
  "exdeorum:netherite_hammer": {
    "attack": 6.0,
    "defend": 0.8,
    "shield": false,
    "sweep": "IMPACT",
    "knockback": 1.25,
    "damage_scale": 0.75,
    "posture_scale": 0.5,
    "crit": false,
    "crit_damage": 1.5,
    "sweep_base": 1.0,
    "sweep_scale": 0.4,
    "standing": {
      "sweep": "IMPACT",
      "knockback": 1.25,
      "damage_scale": 0.75,
      "posture_scale": 0.5,
      "sweep_base": 1.0,
      "sweep_scale": 0.4
    },
    "falling": {
      "sweep": "IMPACT",
      "knockback": 0.5,
      "sweep_base": 2.0,
      "sweep_scale": 0.75,
      "hit_self_command": "/function wardance:attack/self_moderatefatigue",
      "damage_other_command": "/function wardance:attack/damageother_bonkstart",
      "crit": true
    },
    "sneaking": {
      "sweep": "CONE",
      "damage_scale": 0.75,
      "posture_scale": 0.75,
      "sweep_base": 50.0,
      "sweep_scale": 20.0,
      "hit_self_command": "/function wardance:attack/self_mildfatigue"
    },
    "sprinting": {
      "sweep": "IMPACT",
      "knockback": 2.0,
      "sweep_base": 0.75,
      "sweep_scale": 0.25,
      "hit_self_command": "/function wardance:attack/self_accelerate",
      "damage_other_command": "/function wardance:attack/damageother_mildstun",
      "crit": true
    },
    "riding": {
      "sweep": "CIRCLE",
      "knockback": 1.2,
      "posture_scale": 1.3,
      "crit_damage": 2.0,
      "sweep_base": 2.5,
      "sweep_scale": 0.5,
      "hit_self_command": "/function wardance:attack/self_accelerate",
      "damage_other_command": "/function wardance:attack/damageother_mildstun"
    }
  },
  "exdeorum:wooden_hammer": {
    "attack": 6.0,
    "defend": 0.8,
    "shield": false,
    "sweep": "IMPACT",
    "knockback": 1.25,
    "damage_scale": 0.75,
    "posture_scale": 0.5,
    "crit": false,
    "crit_damage": 1.5,
    "sweep_base": 1.0,
    "sweep_scale": 0.4,
    "standing": {
      "sweep": "IMPACT",
      "knockback": 1.25,
      "damage_scale": 0.75,
      "posture_scale": 0.5,
      "sweep_base": 1.0,
      "sweep_scale": 0.4
    },
    "falling": {
      "sweep": "IMPACT",
      "knockback": 0.5,
      "sweep_base": 2.0,
      "sweep_scale": 0.75,
      "hit_self_command": "/function wardance:attack/self_moderatefatigue",
      "damage_other_command": "/function wardance:attack/damageother_bonkstart",
      "crit": true
    },
    "sneaking": {
      "sweep": "CONE",
      "damage_scale": 0.75,
      "posture_scale": 0.75,
      "sweep_base": 50.0,
      "sweep_scale": 20.0,
      "hit_self_command": "/function wardance:attack/self_mildfatigue"
    },
    "sprinting": {
      "sweep": "IMPACT",
      "knockback": 2.0,
      "sweep_base": 0.75,
      "sweep_scale": 0.25,
      "hit_self_command": "/function wardance:attack/self_accelerate",
      "damage_other_command": "/function wardance:attack/damageother_mildstun",
      "crit": true
    },
    "riding": {
      "sweep": "CIRCLE",
      "knockback": 1.2,
      "posture_scale": 1.3,
      "crit_damage": 2.0,
      "sweep_base": 2.5,
      "sweep_scale": 0.5,
      "hit_self_command": "/function wardance:attack/self_accelerate",
      "damage_other_command": "/function wardance:attack/damageother_mildstun"
    }
  },
  "exdeorum:golden_hammer": {
    "attack": 6.0,
    "defend": 0.8,
    "shield": false,
    "sweep": "IMPACT",
    "knockback": 1.25,
    "damage_scale": 0.75,
    "posture_scale": 0.5,
    "crit": false,
    "crit_damage": 1.5,
    "sweep_base": 1.0,
    "sweep_scale": 0.4,
    "standing": {
      "sweep": "IMPACT",
      "knockback": 1.25,
      "damage_scale": 0.75,
      "posture_scale": 0.5,
      "sweep_base": 1.0,
      "sweep_scale": 0.4
    },
    "falling": {
      "sweep": "IMPACT",
      "knockback": 0.5,
      "sweep_base": 2.0,
      "sweep_scale": 0.75,
      "hit_self_command": "/function wardance:attack/self_moderatefatigue",
      "damage_other_command": "/function wardance:attack/damageother_bonkstart",
      "crit": true
    },
    "sneaking": {
      "sweep": "CONE",
      "damage_scale": 0.75,
      "posture_scale": 0.75,
      "sweep_base": 50.0,
      "sweep_scale": 20.0,
      "hit_self_command": "/function wardance:attack/self_mildfatigue"
    },
    "sprinting": {
      "sweep": "IMPACT",
      "knockback": 2.0,
      "sweep_base": 0.75,
      "sweep_scale": 0.25,
      "hit_self_command": "/function wardance:attack/self_accelerate",
      "damage_other_command": "/function wardance:attack/damageother_mildstun",
      "crit": true
    },
    "riding": {
      "sweep": "CIRCLE",
      "knockback": 1.2,
      "posture_scale": 1.3,
      "crit_damage": 2.0,
      "sweep_base": 2.5,
      "sweep_scale": 0.5,
      "hit_self_command": "/function wardance:attack/self_accelerate",
      "damage_other_command": "/function wardance:attack/damageother_mildstun"
    }
  },
  "exdeorum:bone_crook": {
    "attack": 1.8,
    "defend": 0.9,
    "shield": false,
    "sweep": "CIRCLE",
    "knockback": 0.75,
    "damage_scale": 0.5,
    "posture_scale": 0.75,
    "crit": false,
    "crit_damage": 1.5,
    "sweep_base": 2.5,
    "sweep_scale": 0.75,
    "standing": {
      "sweep": "CIRCLE",
      "knockback": 0.75,
      "damage_scale": 0.5,
      "posture_scale": 0.75,
      "sweep_base": 2.5,
      "sweep_scale": 0.75
    },
    "falling": {
      "sweep": "IMPACT",
      "knockback": 1.5,
      "damage_scale": 1.25,
      "sweep_base": 1.0,
      "sweep_scale": 0.5,
      "hit_self_command": "/function wardance:attack/self_mildfatigue",
      "crit": true
    },
    "sneaking": {
      "sweep": "CONE",
      "damage_scale": 0.75,
      "posture_scale": 0.75,
      "sweep_base": 50.0,
      "sweep_scale": 25.0
    },
    "sprinting": {
      "sweep": "CIRCLE",
      "knockback": 1.5,
      "damage_scale": 0.75,
      "posture_scale": 0.75,
      "sweep_base": 2.0,
      "sweep_scale": 1.0,
      "hit_self_command": "/function wardance:attack/self_mildfatigue",
      "crit": true
    },
    "riding": {
      "sweep": "CIRCLE",
      "posture_scale": 1.4,
      "crit_damage": 2.0,
      "sweep_base": 3.0,
      "sweep_scale": 0.75
    }
  },
  "exdeorum:crook": {
    "attack": 1.8,
    "defend": 0.9,
    "shield": false,
    "sweep": "CIRCLE",
    "knockback": 0.75,
    "damage_scale": 0.5,
    "posture_scale": 0.75,
    "crit": false,
    "crit_damage": 1.5,
    "sweep_base": 2.5,
    "sweep_scale": 0.75,
    "standing": {
      "sweep": "CIRCLE",
      "knockback": 0.75,
      "damage_scale": 0.5,
      "posture_scale": 0.75,
      "sweep_base": 2.5,
      "sweep_scale": 0.75
    },
    "falling": {
      "sweep": "IMPACT",
      "knockback": 1.5,
      "damage_scale": 1.25,
      "sweep_base": 1.0,
      "sweep_scale": 0.5,
      "hit_self_command": "/function wardance:attack/self_mildfatigue",
      "crit": true
    },
    "sneaking": {
      "sweep": "CONE",
      "damage_scale": 0.75,
      "posture_scale": 0.75,
      "sweep_base": 50.0,
      "sweep_scale": 25.0
    },
    "sprinting": {
      "sweep": "CIRCLE",
      "knockback": 1.5,
      "damage_scale": 0.75,
      "posture_scale": 0.75,
      "sweep_base": 2.0,
      "sweep_scale": 1.0,
      "hit_self_command": "/function wardance:attack/self_mildfatigue",
      "crit": true
    },
    "riding": {
      "sweep": "CIRCLE",
      "posture_scale": 1.4,
      "crit_damage": 2.0,
      "sweep_base": 3.0,
      "sweep_scale": 0.75
    }
  }
}