{
  "farmersdelight:skillet": {
    "attack": 3.0,
    "defend": 0.8,
    "shield": true,
    "sweep": "IMPACT",
    "knockback": 1.0,
    "damage_scale": 1.0,
    "posture_scale": 0.5,
    "crit": false,
    "crit_damage": 1.5,
    "sweep_base": 0.75,
    "sweep_scale": 0.25,
    "standing": {
      "sweep": "IMPACT",
      "posture_scale": 0.5,
      "sweep_base": 0.75,
      "sweep_scale": 0.25
    },
    "falling": {
      "sweep": "IMPACT",
      "knockback": 1.5,
      "damage_scale": 1.25,
      "sweep_base": 1.5,
      "sweep_scale": 0.75,
      "hit_self_command": "/function wardance:attack/self_moderatefatigue",
      "damage_other_command": "/function wardance:attack/damageother_bonkstart",
      "crit": true
    },
    "sneaking": {
      "sweep": "CONE",
      "knockback": 0.5,
      "damage_scale": 0.75,
      "posture_scale": 0.75,
      "sweep_base": 50.0,
      "sweep_scale": 30.0,
      "hit_self_command": "/function wardance:attack/self_mildfatigue"
    },
    "sprinting": {
      "sweep": "NONE",
      "knockback": 2.0,
      "damage_scale": 1.25,
      "posture_scale": 1.25,
      "hit_self_command": "/function wardance:attack/self_mildfatigue",
      "damage_other_command": "/function wardance:attack/damageother_mildstun",
      "crit": true
    },
    "riding": {
      "sweep": "CIRCLE",
      "knockback": 1.2,
      "posture_scale": 1.3,
      "crit_damage": 2.0,
      "sweep_base": 2.5,
      "sweep_scale": 0.5,
      "damage_other_command": "/function wardance:attack/damageother_mildstun"
    }
  }
}