{
  "grimreaper:soul_scythe_diamond": {
    "attack": 3.0,
    "defend": 0.8,
    "shield": false,
    "sweep": "CONE",
    "knockback": 1.25,
    "damage_scale": 0.75,
    "posture_scale": 0.5,
    "crit": false,
    "crit_damage": 1.5,
    "sweep_base": 60.0,
    "sweep_scale": 20.0,
    "standing": {
      "sweep": "CONE",
      "knockback": 1.25,
      "damage_scale": 0.75,
      "posture_scale": 0.5,
      "sweep_base": 60.0,
      "sweep_scale": 20.0
    },
    "falling": {
      "sweep": "CLEAVE",
      "knockback": 1.25,
      "damage_scale": 1.25,
      "sweep_base": 50.0,
      "sweep_scale": 25.0,
      "hit_self_command": "/function wardance:attack/self_moderatefatigue",
      "damage_other_command": "/function wardance:attack/damageother_armorcleaveminor",
      "crit": true
    },
    "sneaking": {
      "sweep": "LINE",
      "knockback": -1.75,
      "damage_scale": 0.5,
      "sweep_base": 1.0,
      "sweep_scale": 0.5,
      "damage_other_command": "/function wardance:attack/damageother_mildstun"
    },
    "sprinting": {
      "sweep": "IMPACT",
      "knockback": 1.5,
      "damage_scale": 0.5,
      "posture_scale": 1.5,
      "sweep_base": 0.75,
      "sweep_scale": 0.5,
      "hit_self_command": "/function wardance:attack/self_accelerate",
      "damage_other_command": "/function wardance:attack/damageother_destabilize",
      "crit": true
    },
    "riding": {
      "sweep": "CIRCLE",
      "knockback": 0.5,
      "damage_scale": 1.2,
      "crit_damage": 2.0,
      "sweep_base": 4.0,
      "sweep_scale": 0.75
    }
  },
  "grimreaper:soul_scythe_gold": {
    "attack": 3.0,
    "defend": 0.8,
    "shield": false,
    "sweep": "CONE",
    "knockback": 1.25,
    "damage_scale": 0.75,
    "posture_scale": 0.5,
    "crit": false,
    "crit_damage": 1.5,
    "sweep_base": 60.0,
    "sweep_scale": 20.0,
    "standing": {
      "sweep": "CONE",
      "knockback": 1.25,
      "damage_scale": 0.75,
      "posture_scale": 0.5,
      "sweep_base": 60.0,
      "sweep_scale": 20.0
    },
    "falling": {
      "sweep": "CLEAVE",
      "knockback": 1.25,
      "damage_scale": 1.25,
      "sweep_base": 50.0,
      "sweep_scale": 25.0,
      "hit_self_command": "/function wardance:attack/self_moderatefatigue",
      "damage_other_command": "/function wardance:attack/damageother_armorcleaveminor",
      "crit": true
    },
    "sneaking": {
      "sweep": "LINE",
      "knockback": -1.75,
      "damage_scale": 0.5,
      "sweep_base": 1.0,
      "sweep_scale": 0.5,
      "damage_other_command": "/function wardance:attack/damageother_mildstun"
    },
    "sprinting": {
      "sweep": "IMPACT",
      "knockback": 1.5,
      "damage_scale": 0.5,
      "posture_scale": 1.5,
      "sweep_base": 0.75,
      "sweep_scale": 0.5,
      "hit_self_command": "/function wardance:attack/self_accelerate",
      "damage_other_command": "/function wardance:attack/damageother_destabilize",
      "crit": true
    },
    "riding": {
      "sweep": "CIRCLE",
      "knockback": 0.5,
      "damage_scale": 1.2,
      "crit_damage": 2.0,
      "sweep_base": 4.0,
      "sweep_scale": 0.75
    }
  },
  "grimreaper:soul_scythe_netherite": {
    "attack": 3.0,
    "defend": 0.8,
    "shield": false,
    "sweep": "CONE",
    "knockback": 1.25,
    "damage_scale": 0.75,
    "posture_scale": 0.5,
    "crit": false,
    "crit_damage": 1.5,
    "sweep_base": 60.0,
    "sweep_scale": 20.0,
    "standing": {
      "sweep": "CONE",
      "knockback": 1.25,
      "damage_scale": 0.75,
      "posture_scale": 0.5,
      "sweep_base": 60.0,
      "sweep_scale": 20.0
    },
    "falling": {
      "sweep": "CLEAVE",
      "knockback": 1.25,
      "damage_scale": 1.25,
      "sweep_base": 50.0,
      "sweep_scale": 25.0,
      "hit_self_command": "/function wardance:attack/self_moderatefatigue",
      "damage_other_command": "/function wardance:attack/damageother_armorcleaveminor",
      "crit": true
    },
    "sneaking": {
      "sweep": "LINE",
      "knockback": -1.75,
      "damage_scale": 0.5,
      "sweep_base": 1.0,
      "sweep_scale": 0.5,
      "damage_other_command": "/function wardance:attack/damageother_mildstun"
    },
    "sprinting": {
      "sweep": "IMPACT",
      "knockback": 1.5,
      "damage_scale": 0.5,
      "posture_scale": 1.5,
      "sweep_base": 0.75,
      "sweep_scale": 0.5,
      "hit_self_command": "/function wardance:attack/self_accelerate",
      "damage_other_command": "/function wardance:attack/damageother_destabilize",
      "crit": true
    },
    "riding": {
      "sweep": "CIRCLE",
      "knockback": 0.5,
      "damage_scale": 1.2,
      "crit_damage": 2.0,
      "sweep_base": 4.0,
      "sweep_scale": 0.75
    }
  },
  "grimreaper:soul_scythe_iron": {
    "attack": 3.0,
    "defend": 0.8,
    "shield": false,
    "sweep": "CONE",
    "knockback": 1.25,
    "damage_scale": 0.75,
    "posture_scale": 0.5,
    "crit": false,
    "crit_damage": 1.5,
    "sweep_base": 60.0,
    "sweep_scale": 20.0,
    "standing": {
      "sweep": "CONE",
      "knockback": 1.25,
      "damage_scale": 0.75,
      "posture_scale": 0.5,
      "sweep_base": 60.0,
      "sweep_scale": 20.0
    },
    "falling": {
      "sweep": "CLEAVE",
      "knockback": 1.25,
      "damage_scale": 1.25,
      "sweep_base": 50.0,
      "sweep_scale": 25.0,
      "hit_self_command": "/function wardance:attack/self_moderatefatigue",
      "damage_other_command": "/function wardance:attack/damageother_armorcleaveminor",
      "crit": true
    },
    "sneaking": {
      "sweep": "LINE",
      "knockback": -1.75,
      "damage_scale": 0.5,
      "sweep_base": 1.0,
      "sweep_scale": 0.5,
      "damage_other_command": "/function wardance:attack/damageother_mildstun"
    },
    "sprinting": {
      "sweep": "IMPACT",
      "knockback": 1.5,
      "damage_scale": 0.5,
      "posture_scale": 1.5,
      "sweep_base": 0.75,
      "sweep_scale": 0.5,
      "hit_self_command": "/function wardance:attack/self_accelerate",
      "damage_other_command": "/function wardance:attack/damageother_destabilize",
      "crit": true
    },
    "riding": {
      "sweep": "CIRCLE",
      "knockback": 0.5,
      "damage_scale": 1.2,
      "crit_damage": 2.0,
      "sweep_base": 4.0,
      "sweep_scale": 0.75
    }
  },
  "grimreaper:soul_scythe_spectral": {
    "attack": 3.0,
    "defend": 0.8,
    "shield": false,
    "sweep": "CONE",
    "knockback": 1.25,
    "damage_scale": 0.75,
    "posture_scale": 0.5,
    "crit": false,
    "crit_damage": 1.5,
    "sweep_base": 60.0,
    "sweep_scale": 20.0,
    "standing": {
      "sweep": "CONE",
      "knockback": 1.25,
      "damage_scale": 0.75,
      "posture_scale": 0.5,
      "sweep_base": 60.0,
      "sweep_scale": 20.0
    },
    "falling": {
      "sweep": "CLEAVE",
      "knockback": 1.25,
      "damage_scale": 1.25,
      "sweep_base": 50.0,
      "sweep_scale": 25.0,
      "hit_self_command": "/function wardance:attack/self_moderatefatigue",
      "damage_other_command": "/function wardance:attack/damageother_armorcleaveminor",
      "crit": true
    },
    "sneaking": {
      "sweep": "LINE",
      "knockback": -1.75,
      "damage_scale": 0.5,
      "sweep_base": 1.0,
      "sweep_scale": 0.5,
      "damage_other_command": "/function wardance:attack/damageother_mildstun"
    },
    "sprinting": {
      "sweep": "IMPACT",
      "knockback": 1.5,
      "damage_scale": 0.5,
      "posture_scale": 1.5,
      "sweep_base": 0.75,
      "sweep_scale": 0.5,
      "hit_self_command": "/function wardance:attack/self_accelerate",
      "damage_other_command": "/function wardance:attack/damageother_destabilize",
      "crit": true
    },
    "riding": {
      "sweep": "CIRCLE",
      "knockback": 0.5,
      "damage_scale": 1.2,
      "crit_damage": 2.0,
      "sweep_base": 4.0,
      "sweep_scale": 0.75
    }
  }
}