{
  "grimoireofgaia:weapon_book_ender": {
    "attack": 2.0,
    "defend": 1.2,
    "shield": true,
    "sweep": "NONE",
    "knockback": 1.0,
    "damage_scale": 1.0,
    "posture_scale": 1.0,
    "crit": false,
    "crit_damage": 1.5,
    "sweep_base": 0.0,
    "sweep_scale": 0.0,
    "standing": {
      "sweep": "NONE"
    },
    "falling": {
      "sweep": "IMPACT",
      "knockback": 1.5,
      "sweep_base": 2.0,
      "sweep_scale": 0.5,
      "hit_self_command": "/function wardance:attack/self_mildfatigue",
      "crit": true
    },
    "sneaking": {
      "sweep": "NONE",
      "hit_self_command": "/function wardance:attack/self_accelerate"
    },
    "sprinting": {
      "sweep": "IMPACT",
      "knockback": 1.5,
      "sweep_base": 2.0,
      "sweep_scale": 0.5,
      "hit_self_command": "/function wardance:attack/self_moderatefatigue",
      "crit": true
    },
    "riding": {
      "sweep": "NONE",
      "knockback": 1.5,
      "crit_damage": 2.0,
      "hit_self_command": "/function wardance:attack/self_mildfatigue"
    }
  },
  "grimoireofgaia:weapon_book_metal": {
    "attack": 2.0,
    "defend": 1.2,
    "shield": true,
    "sweep": "NONE",
    "knockback": 1.0,
    "damage_scale": 1.0,
    "posture_scale": 1.0,
    "crit": false,
    "crit_damage": 1.5,
    "sweep_base": 0.0,
    "sweep_scale": 0.0,
    "standing": {
      "sweep": "NONE"
    },
    "falling": {
      "sweep": "IMPACT",
      "knockback": 1.5,
      "sweep_base": 2.0,
      "sweep_scale": 0.5,
      "hit_self_command": "/function wardance:attack/self_mildfatigue",
      "crit": true
    },
    "sneaking": {
      "sweep": "NONE",
      "hit_self_command": "/function wardance:attack/self_accelerate"
    },
    "sprinting": {
      "sweep": "IMPACT",
      "knockback": 1.5,
      "sweep_base": 2.0,
      "sweep_scale": 0.5,
      "hit_self_command": "/function wardance:attack/self_moderatefatigue",
      "crit": true
    },
    "riding": {
      "sweep": "NONE",
      "knockback": 1.5,
      "crit_damage": 2.0,
      "hit_self_command": "/function wardance:attack/self_mildfatigue"
    }
  },
  "grimoireofgaia:weapon_book_buff": {
    "attack": 2.0,
    "defend": 1.2,
    "shield": true,
    "sweep": "NONE",
    "knockback": 1.0,
    "damage_scale": 1.0,
    "posture_scale": 1.0,
    "crit": false,
    "crit_damage": 1.5,
    "sweep_base": 0.0,
    "sweep_scale": 0.0,
    "standing": {
      "sweep": "NONE"
    },
    "falling": {
      "sweep": "IMPACT",
      "knockback": 1.5,
      "sweep_base": 2.0,
      "sweep_scale": 0.5,
      "hit_self_command": "/function wardance:attack/self_mildfatigue",
      "crit": true
    },
    "sneaking": {
      "sweep": "NONE",
      "hit_self_command": "/function wardance:attack/self_accelerate"
    },
    "sprinting": {
      "sweep": "IMPACT",
      "knockback": 1.5,
      "sweep_base": 2.0,
      "sweep_scale": 0.5,
      "hit_self_command": "/function wardance:attack/self_moderatefatigue",
      "crit": true
    },
    "riding": {
      "sweep": "NONE",
      "knockback": 1.5,
      "crit_damage": 2.0,
      "hit_self_command": "/function wardance:attack/self_mildfatigue"
    }
  },
  "grimoireofgaia:weapon_book_freezing": {
    "attack": 2.0,
    "defend": 1.2,
    "shield": true,
    "sweep": "NONE",
    "knockback": 1.0,
    "damage_scale": 1.0,
    "posture_scale": 1.0,
    "crit": false,
    "crit_damage": 1.5,
    "sweep_base": 0.0,
    "sweep_scale": 0.0,
    "standing": {
      "sweep": "NONE"
    },
    "falling": {
      "sweep": "IMPACT",
      "knockback": 1.5,
      "sweep_base": 2.0,
      "sweep_scale": 0.5,
      "hit_self_command": "/function wardance:attack/self_mildfatigue",
      "crit": true
    },
    "sneaking": {
      "sweep": "NONE",
      "hit_self_command": "/function wardance:attack/self_accelerate"
    },
    "sprinting": {
      "sweep": "IMPACT",
      "knockback": 1.5,
      "sweep_base": 2.0,
      "sweep_scale": 0.5,
      "hit_self_command": "/function wardance:attack/self_moderatefatigue",
      "crit": true
    },
    "riding": {
      "sweep": "NONE",
      "knockback": 1.5,
      "crit_damage": 2.0,
      "hit_self_command": "/function wardance:attack/self_mildfatigue"
    }
  },
  "grimoireofgaia:cursed_metal_sword": {
    "attack": 3.0,
    "defend": 0.9,
    "shield": false,
    "sweep": "CONE",
    "knockback": 0.75,
    "damage_scale": 0.75,
    "posture_scale": 0.75,
    "crit": false,
    "crit_damage": 1.5,
    "sweep_base": 40.0,
    "sweep_scale": 15.0,
    "standing": {
      "sweep": "CONE",
      "knockback": 0.75,
      "damage_scale": 0.75,
      "posture_scale": 0.75,
      "sweep_base": 40.0,
      "sweep_scale": 15.0
    },
    "falling": {
      "sweep": "CLEAVE",
      "sweep_base": 50.0,
      "sweep_scale": 25.0,
      "hit_self_command": "/function wardance:attack/self_mildfatigue",
      "crit": true
    },
    "sneaking": {
      "sweep": "CONE",
      "knockback": 1.25,
      "damage_scale": 0.75,
      "posture_scale": 0.75,
      "sweep_base": 50.0,
      "sweep_scale": 25.0,
      "hit_self_command": "/function wardance:attack/self_mildfatigue"
    },
    "sprinting": {
      "sweep": "LINE",
      "knockback": 0.75,
      "damage_scale": 1.25,
      "sweep_base": 0.3,
      "sweep_scale": 0.2,
      "hit_self_command": "/function wardance:attack/self_mildfatigue",
      "damage_other_command": "/function wardance:attack/damageother_pierce",
      "crit": true
    },
    "riding": {
      "sweep": "CIRCLE",
      "damage_scale": 1.5,
      "crit_damage": 2.0,
      "sweep_base": 3.0,
      "sweep_scale": 0.5
    }
  },
  "grimoireofgaia:fan_ice": {
    "attack": 2.0,
    "defend": 1.0,
    "shield": false,
    "sweep": "CONE",
    "knockback": 0.75,
    "damage_scale": 0.75,
    "posture_scale": 0.75,
    "crit": false,
    "crit_damage": 1.5,
    "sweep_base": 40.0,
    "sweep_scale": 15.0,
    "standing": {
      "sweep": "CONE",
      "knockback": 0.75,
      "damage_scale": 0.75,
      "posture_scale": 0.75,
      "sweep_base": 40.0,
      "sweep_scale": 15.0
    },
    "falling": {
      "sweep": "CLEAVE",
      "sweep_base": 50.0,
      "sweep_scale": 25.0,
      "hit_self_command": "/function wardance:attack/self_mildfatigue",
      "crit": true
    },
    "sneaking": {
      "sweep": "CONE",
      "knockback": 1.25,
      "damage_scale": 0.75,
      "posture_scale": 0.75,
      "sweep_base": 50.0,
      "sweep_scale": 25.0,
      "hit_self_command": "/function wardance:attack/self_mildfatigue"
    },
    "sprinting": {
      "sweep": "LINE",
      "knockback": 0.75,
      "damage_scale": 1.25,
      "sweep_base": 0.3,
      "sweep_scale": 0.2,
      "hit_self_command": "/function wardance:attack/self_mildfatigue",
      "damage_other_command": "/function wardance:attack/damageother_pierce",
      "crit": true
    },
    "riding": {
      "sweep": "CIRCLE",
      "damage_scale": 1.5,
      "crit_damage": 2.0,
      "sweep_base": 3.0,
      "sweep_scale": 0.5
    }
  },
  "grimoireofgaia:weapon_book": {
    "attack": 2.0,
    "defend": 1.2,
    "shield": true,
    "sweep": "NONE",
    "knockback": 1.0,
    "damage_scale": 1.0,
    "posture_scale": 1.0,
    "crit": false,
    "crit_damage": 1.5,
    "sweep_base": 0.0,
    "sweep_scale": 0.0,
    "standing": {
      "sweep": "NONE"
    },
    "falling": {
      "sweep": "IMPACT",
      "knockback": 1.5,
      "sweep_base": 2.0,
      "sweep_scale": 0.5,
      "hit_self_command": "/function wardance:attack/self_mildfatigue",
      "crit": true
    },
    "sneaking": {
      "sweep": "NONE",
      "hit_self_command": "/function wardance:attack/self_accelerate"
    },
    "sprinting": {
      "sweep": "IMPACT",
      "knockback": 1.5,
      "sweep_base": 2.0,
      "sweep_scale": 0.5,
      "hit_self_command": "/function wardance:attack/self_moderatefatigue",
      "crit": true
    },
    "riding": {
      "sweep": "NONE",
      "knockback": 1.5,
      "crit_damage": 2.0,
      "hit_self_command": "/function wardance:attack/self_mildfatigue"
    }
  },
  "grimoireofgaia:weapon_book_hunger": {
    "attack": 2.0,
    "defend": 1.2,
    "shield": true,
    "sweep": "NONE",
    "knockback": 1.0,
    "damage_scale": 1.0,
    "posture_scale": 1.0,
    "crit": false,
    "crit_damage": 1.5,
    "sweep_base": 0.0,
    "sweep_scale": 0.0,
    "standing": {
      "sweep": "NONE"
    },
    "falling": {
      "sweep": "IMPACT",
      "knockback": 1.5,
      "sweep_base": 2.0,
      "sweep_scale": 0.5,
      "hit_self_command": "/function wardance:attack/self_mildfatigue",
      "crit": true
    },
    "sneaking": {
      "sweep": "NONE",
      "hit_self_command": "/function wardance:attack/self_accelerate"
    },
    "sprinting": {
      "sweep": "IMPACT",
      "knockback": 1.5,
      "sweep_base": 2.0,
      "sweep_scale": 0.5,
      "hit_self_command": "/function wardance:attack/self_moderatefatigue",
      "crit": true
    },
    "riding": {
      "sweep": "NONE",
      "knockback": 1.5,
      "crit_damage": 2.0,
      "hit_self_command": "/function wardance:attack/self_mildfatigue"
    }
  },
  "grimoireofgaia:minotaur_hammer": {
    "attack": 8.0,
    "defend": 0.7,
    "shield": false,
    "sweep": "IMPACT",
    "knockback": 1.25,
    "damage_scale": 0.75,
    "posture_scale": 0.5,
    "crit": false,
    "crit_damage": 1.5,
    "sweep_base": 1.5,
    "sweep_scale": 0.5,
    "standing": {
      "sweep": "IMPACT",
      "knockback": 1.25,
      "damage_scale": 0.75,
      "posture_scale": 0.5,
      "sweep_base": 1.5,
      "sweep_scale": 0.5
    },
    "falling": {
      "sweep": "IMPACT",
      "knockback": 0.5,
      "sweep_base": 3.0,
      "sweep_scale": 1.25,
      "hit_self_command": "/function wardance:attack/self_heavyfatigue",
      "damage_other_command": "/function wardance:attack/damageother_bonkstart",
      "crit": true
    },
    "sneaking": {
      "sweep": "CONE",
      "damage_scale": 0.75,
      "posture_scale": 0.75,
      "sweep_base": 50.0,
      "sweep_scale": 20.0,
      "hit_self_command": "/function wardance:attack/self_mildfatigue"
    },
    "sprinting": {
      "sweep": "CIRCLE",
      "knockback": 1.75,
      "damage_scale": 0.75,
      "posture_scale": 0.75,
      "sweep_base": 3.0,
      "sweep_scale": 0.5,
      "hit_self_command": "/function wardance:attack/self_mildfatigue",
      "damage_other_command": "/function wardance:attack/damageother_mildstun",
      "crit": true
    },
    "riding": {
      "sweep": "CIRCLE",
      "posture_scale": 1.6,
      "crit_damage": 2.0,
      "sweep_base": 3.0,
      "sweep_scale": 0.75,
      "hit_self_command": "/function wardance:attack/self_moderatefatigue",
      "hit_other_command": "/function wardance:attack/damageother_stun"
    }
  },
  "grimoireofgaia:fan": {
    "attack": 2.0,
    "defend": 1.0,
    "shield": false,
    "sweep": "NONE",
    "knockback": 1.0,
    "damage_scale": 1.0,
    "posture_scale": 1.0,
    "crit": false,
    "crit_damage": 1.5,
    "sweep_base": 0.0,
    "sweep_scale": 0.0,
    "standing": {
      "sweep": "NONE"
    },
    "falling": {
      "sweep": "NONE",
      "damage_scale": 1.25,
      "posture_scale": 1.25,
      "crit_damage": 2.0,
      "hit_self_command": "/function wardance:attack/self_mildfatigue",
      "crit": true
    },
    "sneaking": {
      "sweep": "CONE",
      "knockback": 0.75,
      "damage_scale": 0.5,
      "posture_scale": 0.75,
      "sweep_base": 40.0,
      "sweep_scale": 15.0,
      "hit_self_command": "/function wardance:attack/self_accelerate"
    },
    "sprinting": {
      "sweep": "CIRCLE",
      "knockback": 1.25,
      "damage_scale": 0.75,
      "posture_scale": 0.75,
      "sweep_base": 2.0,
      "sweep_scale": 0.75,
      "hit_self_command": "/function wardance:attack/self_moderatefatigue",
      "crit": true
    },
    "riding": {
      "sweep": "CLEAVE",
      "knockback": 1.5,
      "crit_damage": 2.0,
      "hit_self_command": "/function wardance:attack/self_mildfatigue"
    }
  },
  "grimoireofgaia:weapon_book_nature": {
    "attack": 2.0,
    "defend": 1.2,
    "shield": true,
    "sweep": "NONE",
    "knockback": 1.0,
    "damage_scale": 1.0,
    "posture_scale": 1.0,
    "crit": false,
    "crit_damage": 1.5,
    "sweep_base": 0.0,
    "sweep_scale": 0.0,
    "standing": {
      "sweep": "NONE"
    },
    "falling": {
      "sweep": "IMPACT",
      "knockback": 1.5,
      "sweep_base": 2.0,
      "sweep_scale": 0.5,
      "hit_self_command": "/function wardance:attack/self_mildfatigue",
      "crit": true
    },
    "sneaking": {
      "sweep": "NONE",
      "hit_self_command": "/function wardance:attack/self_accelerate"
    },
    "sprinting": {
      "sweep": "IMPACT",
      "knockback": 1.5,
      "sweep_base": 2.0,
      "sweep_scale": 0.5,
      "hit_self_command": "/function wardance:attack/self_moderatefatigue",
      "crit": true
    },
    "riding": {
      "sweep": "NONE",
      "knockback": 1.5,
      "crit_damage": 2.0,
      "hit_self_command": "/function wardance:attack/self_mildfatigue"
    }
  },
  "grimoireofgaia:weapon_book_wither": {
    "attack": 2.0,
    "defend": 1.2,
    "shield": true,
    "sweep": "NONE",
    "knockback": 1.0,
    "damage_scale": 1.0,
    "posture_scale": 1.0,
    "crit": false,
    "crit_damage": 1.5,
    "sweep_base": 0.0,
    "sweep_scale": 0.0,
    "standing": {
      "sweep": "NONE"
    },
    "falling": {
      "sweep": "IMPACT",
      "knockback": 1.5,
      "sweep_base": 2.0,
      "sweep_scale": 0.5,
      "hit_self_command": "/function wardance:attack/self_mildfatigue",
      "crit": true
    },
    "sneaking": {
      "sweep": "NONE",
      "hit_self_command": "/function wardance:attack/self_accelerate"
    },
    "sprinting": {
      "sweep": "IMPACT",
      "knockback": 1.5,
      "sweep_base": 2.0,
      "sweep_scale": 0.5,
      "hit_self_command": "/function wardance:attack/self_moderatefatigue",
      "crit": true
    },
    "riding": {
      "sweep": "NONE",
      "knockback": 1.5,
      "crit_damage": 2.0,
      "hit_self_command": "/function wardance:attack/self_mildfatigue"
    }
  },
  "grimoireofgaia:fan_fire": {
    "attack": 2.0,
    "defend": 1.0,
    "shield": false,
    "sweep": "CONE",
    "knockback": 0.75,
    "damage_scale": 0.75,
    "posture_scale": 0.75,
    "crit": false,
    "crit_damage": 1.5,
    "sweep_base": 40.0,
    "sweep_scale": 15.0,
    "standing": {
      "sweep": "CONE",
      "knockback": 0.75,
      "damage_scale": 0.75,
      "posture_scale": 0.75,
      "sweep_base": 40.0,
      "sweep_scale": 15.0
    },
    "falling": {
      "sweep": "CLEAVE",
      "sweep_base": 50.0,
      "sweep_scale": 25.0,
      "hit_self_command": "/function wardance:attack/self_mildfatigue",
      "crit": true
    },
    "sneaking": {
      "sweep": "CONE",
      "knockback": 1.25,
      "damage_scale": 0.75,
      "posture_scale": 0.75,
      "sweep_base": 50.0,
      "sweep_scale": 25.0,
      "hit_self_command": "/function wardance:attack/self_mildfatigue"
    },
    "sprinting": {
      "sweep": "LINE",
      "knockback": 0.75,
      "damage_scale": 1.25,
      "sweep_base": 0.3,
      "sweep_scale": 0.2,
      "hit_self_command": "/function wardance:attack/self_mildfatigue",
      "damage_other_command": "/function wardance:attack/damageother_pierce",
      "crit": true
    },
    "riding": {
      "sweep": "CIRCLE",
      "damage_scale": 1.5,
      "crit_damage": 2.0,
      "sweep_base": 3.0,
      "sweep_scale": 0.5
    }
  },
  "grimoireofgaia:weapon_book_nightmare": {
    "attack": 2.0,
    "defend": 1.2,
    "shield": true,
    "sweep": "NONE",
    "knockback": 1.0,
    "damage_scale": 1.0,
    "posture_scale": 1.0,
    "crit": false,
    "crit_damage": 1.5,
    "sweep_base": 0.0,
    "sweep_scale": 0.0,
    "standing": {
      "sweep": "NONE"
    },
    "falling": {
      "sweep": "IMPACT",
      "knockback": 1.5,
      "sweep_base": 2.0,
      "sweep_scale": 0.5,
      "hit_self_command": "/function wardance:attack/self_mildfatigue",
      "crit": true
    },
    "sneaking": {
      "sweep": "NONE",
      "hit_self_command": "/function wardance:attack/self_accelerate"
    },
    "sprinting": {
      "sweep": "IMPACT",
      "knockback": 1.5,
      "sweep_base": 2.0,
      "sweep_scale": 0.5,
      "hit_self_command": "/function wardance:attack/self_moderatefatigue",
      "crit": true
    },
    "riding": {
      "sweep": "NONE",
      "knockback": 1.5,
      "crit_damage": 2.0,
      "hit_self_command": "/function wardance:attack/self_mildfatigue"
    }
  },
  "grimoireofgaia:weapon_book_battle": {
    "attack": 2.0,
    "defend": 1.2,
    "shield": true,
    "sweep": "NONE",
    "knockback": 1.0,
    "damage_scale": 1.0,
    "posture_scale": 1.0,
    "crit": false,
    "crit_damage": 1.5,
    "sweep_base": 0.0,
    "sweep_scale": 0.0,
    "standing": {
      "sweep": "NONE"
    },
    "falling": {
      "sweep": "IMPACT",
      "knockback": 1.5,
      "sweep_base": 2.0,
      "sweep_scale": 0.5,
      "hit_self_command": "/function wardance:attack/self_mildfatigue",
      "crit": true
    },
    "sneaking": {
      "sweep": "NONE",
      "hit_self_command": "/function wardance:attack/self_accelerate"
    },
    "sprinting": {
      "sweep": "IMPACT",
      "knockback": 1.5,
      "sweep_base": 2.0,
      "sweep_scale": 0.5,
      "hit_self_command": "/function wardance:attack/self_moderatefatigue",
      "crit": true
    },
    "riding": {
      "sweep": "NONE",
      "knockback": 1.5,
      "crit_damage": 2.0,
      "hit_self_command": "/function wardance:attack/self_mildfatigue"
    }
  },
  "grimoireofgaia:metal_club": {
    "attack": 5.0,
    "defend": 0.9,
    "shield": false,
    "sweep": "CONE",
    "knockback": 1.0,
    "damage_scale": 0.75,
    "posture_scale": 0.75,
    "crit": false,
    "crit_damage": 1.5,
    "sweep_base": 40.0,
    "sweep_scale": 15.0,
    "standing": {
      "sweep": "CONE",
      "damage_scale": 0.75,
      "posture_scale": 0.75,
      "sweep_base": 40.0,
      "sweep_scale": 15.0
    },
    "falling": {
      "sweep": "IMPACT",
      "knockback": 1.25,
      "sweep_base": 1.5,
      "sweep_scale": 0.75,
      "hit_self_command": "/function wardance:attack/self_moderatefatigue",
      "damage_other_command": "/function wardance:attack/damageother_milddestabilize",
      "crit": true
    },
    "sneaking": {
      "sweep": "CONE",
      "knockback": 0.75,
      "damage_scale": 0.5,
      "posture_scale": 0.5,
      "sweep_base": 30.0,
      "sweep_scale": 10.0,
      "hit_self_command": "/function wardance:attack/self_accelerate"
    },
    "sprinting": {
      "sweep": "CONE",
      "knockback": 2.0,
      "damage_scale": 1.25,
      "sweep_base": 60.0,
      "sweep_scale": 30.0,
      "hit_self_command": "/function wardance:attack/self_moderatefatigue",
      "damage_other_command": "/function wardance:attack/damageother_mildstun",
      "crit": true
    },
    "riding": {
      "sweep": "CIRCLE",
      "knockback": 1.2,
      "posture_scale": 1.3,
      "crit_damage": 2.0,
      "sweep_base": 2.5,
      "sweep_scale": 0.5,
      "hit_self_command": "/function wardance:attack/self_mildfatigue",
      "damage_other_command": "/function wardance:attack/damageother_mildstun"
    }
  }
}