{
  "hmag:golden_fork": {
    "attack": 1.0,
    "defend": 1.0,
    "shield": false,
    "sweep": "NONE",
    "knockback": 0.75,
    "damage_scale": 0.75,
    "posture_scale": 0.75,
    "crit": false,
    "crit_damage": 1.5,
    "sweep_base": 0.0,
    "sweep_scale": 0.0,
    "standing": {
      "sweep": "NONE",
      "knockback": 0.75,
      "damage_scale": 0.75,
      "posture_scale": 0.75
    },
    "falling": {
      "sweep": "IMPACT",
      "knockback": 1.5,
      "sweep_base": 1.0,
      "sweep_scale": 0.5,
      "hit_self_command": "/function wardance:attack/self_heavyfatigue",
      "damage_other_command": "/function wardance:attack/damageother_destabilize",
      "crit": true
    },
    "sneaking": {
      "sweep": "NONE",
      "damage_scale": 0.75,
      "hit_self_command": "/function wardance:attack/self_accelerate"
    },
    "sprinting": {
      "sweep": "NONE",
      "damage_scale": 1.25,
      "posture_scale": 1.25,
      "hit_self_command": "/function wardance:attack/self_mildfatigue",
      "damage_other_command": "/function wardance:attack/damageother_break",
      "crit": true
    },
    "riding": {
      "sweep": "LINE",
      "crit_damage": 2.0,
      "sweep_base": 0.3,
      "sweep_scale": 0.15,
      "damage_other_command": "/function wardance:attack/damageother_break"
    }
  }
}