{
  "iceandfire:troll_weapon_trunk_frost": {
    "attack": 15.0,
    "defend": 0.7,
    "shield": true,
    "sweep": "IMPACT",
    "knockback": 1.25,
    "damage_scale": 0.75,
    "posture_scale": 0.5,
    "crit": false,
    "crit_damage": 1.5,
    "sweep_base": 1.5,
    "sweep_scale": 0.5,
    "standing": {
      "sweep": "IMPACT",
      "knockback": 1.25,
      "damage_scale": 0.75,
      "posture_scale": 0.5,
      "sweep_base": 1.5,
      "sweep_scale": 0.5
    },
    "falling": {
      "sweep": "IMPACT",
      "knockback": 0.5,
      "sweep_base": 3.0,
      "sweep_scale": 1.25,
      "hit_self_command": "/function wardance:attack/self_heavyfatigue",
      "damage_other_command": "/function wardance:attack/damageother_bonkstart",
      "crit": true
    },
    "sneaking": {
      "sweep": "CONE",
      "damage_scale": 0.75,
      "posture_scale": 0.75,
      "sweep_base": 50.0,
      "sweep_scale": 20.0,
      "hit_self_command": "/function wardance:attack/self_mildfatigue"
    },
    "sprinting": {
      "sweep": "CIRCLE",
      "knockback": 1.75,
      "damage_scale": 0.75,
      "posture_scale": 0.75,
      "sweep_base": 3.0,
      "sweep_scale": 0.5,
      "hit_self_command": "/function wardance:attack/self_mildfatigue",
      "damage_other_command": "/function wardance:attack/damageother_mildstun",
      "crit": true
    },
    "riding": {
      "sweep": "CIRCLE",
      "posture_scale": 1.6,
      "crit_damage": 2.0,
      "sweep_base": 3.0,
      "sweep_scale": 0.75,
      "hit_self_command": "/function wardance:attack/self_moderatefatigue",
      "hit_other_command": "/function wardance:attack/damageother_stun"
    }
  },
  "iceandfire:troll_weapon_trunk": {
    "attack": 15.0,
    "defend": 0.7,
    "shield": true,
    "sweep": "IMPACT",
    "knockback": 1.25,
    "damage_scale": 0.75,
    "posture_scale": 0.5,
    "crit": false,
    "crit_damage": 1.5,
    "sweep_base": 1.5,
    "sweep_scale": 0.5,
    "standing": {
      "sweep": "IMPACT",
      "knockback": 1.25,
      "damage_scale": 0.75,
      "posture_scale": 0.5,
      "sweep_base": 1.5,
      "sweep_scale": 0.5
    },
    "falling": {
      "sweep": "IMPACT",
      "knockback": 0.5,
      "sweep_base": 3.0,
      "sweep_scale": 1.25,
      "hit_self_command": "/function wardance:attack/self_heavyfatigue",
      "damage_other_command": "/function wardance:attack/damageother_bonkstart",
      "crit": true
    },
    "sneaking": {
      "sweep": "CONE",
      "damage_scale": 0.75,
      "posture_scale": 0.75,
      "sweep_base": 50.0,
      "sweep_scale": 20.0,
      "hit_self_command": "/function wardance:attack/self_mildfatigue"
    },
    "sprinting": {
      "sweep": "CIRCLE",
      "knockback": 1.75,
      "damage_scale": 0.75,
      "posture_scale": 0.75,
      "sweep_base": 3.0,
      "sweep_scale": 0.5,
      "hit_self_command": "/function wardance:attack/self_mildfatigue",
      "damage_other_command": "/function wardance:attack/damageother_mildstun",
      "crit": true
    },
    "riding": {
      "sweep": "CIRCLE",
      "posture_scale": 1.6,
      "crit_damage": 2.0,
      "sweep_base": 3.0,
      "sweep_scale": 0.75,
      "hit_self_command": "/function wardance:attack/self_moderatefatigue",
      "hit_other_command": "/function wardance:attack/damageother_stun"
    }
  },
  "iceandfire:troll_weapon_column_frost": {
    "attack": 15.0,
    "defend": 0.7,
    "shield": true,
    "sweep": "IMPACT",
    "knockback": 1.25,
    "damage_scale": 0.75,
    "posture_scale": 0.5,
    "crit": false,
    "crit_damage": 1.5,
    "sweep_base": 1.5,
    "sweep_scale": 0.5,
    "standing": {
      "sweep": "IMPACT",
      "knockback": 1.25,
      "damage_scale": 0.75,
      "posture_scale": 0.5,
      "sweep_base": 1.5,
      "sweep_scale": 0.5
    },
    "falling": {
      "sweep": "IMPACT",
      "knockback": 0.5,
      "sweep_base": 3.0,
      "sweep_scale": 1.25,
      "hit_self_command": "/function wardance:attack/self_heavyfatigue",
      "damage_other_command": "/function wardance:attack/damageother_bonkstart",
      "crit": true
    },
    "sneaking": {
      "sweep": "CONE",
      "damage_scale": 0.75,
      "posture_scale": 0.75,
      "sweep_base": 50.0,
      "sweep_scale": 20.0,
      "hit_self_command": "/function wardance:attack/self_mildfatigue"
    },
    "sprinting": {
      "sweep": "CIRCLE",
      "knockback": 1.75,
      "damage_scale": 0.75,
      "posture_scale": 0.75,
      "sweep_base": 3.0,
      "sweep_scale": 0.5,
      "hit_self_command": "/function wardance:attack/self_mildfatigue",
      "damage_other_command": "/function wardance:attack/damageother_mildstun",
      "crit": true
    },
    "riding": {
      "sweep": "CIRCLE",
      "posture_scale": 1.6,
      "crit_damage": 2.0,
      "sweep_base": 3.0,
      "sweep_scale": 0.75,
      "hit_self_command": "/function wardance:attack/self_moderatefatigue",
      "hit_other_command": "/function wardance:attack/damageother_stun"
    }
  },
  "iceandfire:troll_weapon_column_forest": {
    "attack": 15.0,
    "defend": 0.7,
    "shield": true,
    "sweep": "IMPACT",
    "knockback": 1.25,
    "damage_scale": 0.75,
    "posture_scale": 0.5,
    "crit": false,
    "crit_damage": 1.5,
    "sweep_base": 1.5,
    "sweep_scale": 0.5,
    "standing": {
      "sweep": "IMPACT",
      "knockback": 1.25,
      "damage_scale": 0.75,
      "posture_scale": 0.5,
      "sweep_base": 1.5,
      "sweep_scale": 0.5
    },
    "falling": {
      "sweep": "IMPACT",
      "knockback": 0.5,
      "sweep_base": 3.0,
      "sweep_scale": 1.25,
      "hit_self_command": "/function wardance:attack/self_heavyfatigue",
      "damage_other_command": "/function wardance:attack/damageother_bonkstart",
      "crit": true
    },
    "sneaking": {
      "sweep": "CONE",
      "damage_scale": 0.75,
      "posture_scale": 0.75,
      "sweep_base": 50.0,
      "sweep_scale": 20.0,
      "hit_self_command": "/function wardance:attack/self_mildfatigue"
    },
    "sprinting": {
      "sweep": "CIRCLE",
      "knockback": 1.75,
      "damage_scale": 0.75,
      "posture_scale": 0.75,
      "sweep_base": 3.0,
      "sweep_scale": 0.5,
      "hit_self_command": "/function wardance:attack/self_mildfatigue",
      "damage_other_command": "/function wardance:attack/damageother_mildstun",
      "crit": true
    },
    "riding": {
      "sweep": "CIRCLE",
      "posture_scale": 1.6,
      "crit_damage": 2.0,
      "sweep_base": 3.0,
      "sweep_scale": 0.75,
      "hit_self_command": "/function wardance:attack/self_moderatefatigue",
      "hit_other_command": "/function wardance:attack/damageother_stun"
    }
  },
  "iceandfire:troll_weapon_axe": {
    "attack": 15.0,
    "defend": 0.7,
    "shield": true,
    "sweep": "CLEAVE",
    "knockback": 1.5,
    "damage_scale": 0.75,
    "posture_scale": 0.75,
    "crit": false,
    "crit_damage": 1.5,
    "sweep_base": 60.0,
    "sweep_scale": 20.0,
    "standing": {
      "sweep": "CLEAVE",
      "knockback": 1.5,
      "damage_scale": 0.75,
      "posture_scale": 0.75,
      "sweep_base": 60.0,
      "sweep_scale": 20.0
    },
    "falling": {
      "sweep": "CLEAVE",
      "knockback": 0.5,
      "sweep_base": 70.0,
      "sweep_scale": 35.0,
      "hit_self_command": "/function wardance:attack/self_heavyfatigue",
      "damage_other_command": "/function wardance:attack/damageother_armorcleave",
      "crit": true
    },
    "sneaking": {
      "sweep": "CONE",
      "knockback": 2.0,
      "damage_scale": 0.75,
      "posture_scale": 0.75,
      "sweep_base": 50.0,
      "sweep_scale": 20.0,
      "hit_self_command": "/function wardance:attack/self_mildfatigue"
    },
    "sprinting": {
      "sweep": "CIRCLE",
      "knockback": 1.75,
      "damage_scale": 0.75,
      "posture_scale": 0.75,
      "sweep_base": 3.5,
      "sweep_scale": 1.0,
      "hit_self_command": "/function wardance:attack/self_heavyfatigue",
      "damage_other_command": "/function wardance:attack/damageother_mildstun",
      "crit": true
    },
    "riding": {
      "sweep": "CIRCLE",
      "damage_scale": 1.3,
      "posture_scale": 1.3,
      "crit_damage": 2.0,
      "sweep_base": 3.0,
      "sweep_scale": 0.75,
      "hit_self_command": "/function wardance:attack/self_moderatefatigue",
      "damage_other_command": "/function wardance:attack/damageother_mildstun"
    }
  },
  "iceandfire:troll_weapon_hammer": {
    "attack": 15.0,
    "defend": 0.7,
    "shield": true,
    "sweep": "IMPACT",
    "knockback": 1.25,
    "damage_scale": 0.75,
    "posture_scale": 0.5,
    "crit": false,
    "crit_damage": 1.5,
    "sweep_base": 1.5,
    "sweep_scale": 0.5,
    "standing": {
      "sweep": "IMPACT",
      "knockback": 1.25,
      "damage_scale": 0.75,
      "posture_scale": 0.5,
      "sweep_base": 1.5,
      "sweep_scale": 0.5
    },
    "falling": {
      "sweep": "IMPACT",
      "knockback": 0.5,
      "sweep_base": 3.0,
      "sweep_scale": 1.25,
      "hit_self_command": "/function wardance:attack/self_heavyfatigue",
      "damage_other_command": "/function wardance:attack/damageother_bonkstart",
      "crit": true
    },
    "sneaking": {
      "sweep": "CONE",
      "damage_scale": 0.75,
      "posture_scale": 0.75,
      "sweep_base": 50.0,
      "sweep_scale": 20.0,
      "hit_self_command": "/function wardance:attack/self_mildfatigue"
    },
    "sprinting": {
      "sweep": "CIRCLE",
      "knockback": 1.75,
      "damage_scale": 0.75,
      "posture_scale": 0.75,
      "sweep_base": 3.0,
      "sweep_scale": 0.5,
      "hit_self_command": "/function wardance:attack/self_mildfatigue",
      "damage_other_command": "/function wardance:attack/damageother_mildstun",
      "crit": true
    },
    "riding": {
      "sweep": "CIRCLE",
      "posture_scale": 1.6,
      "crit_damage": 2.0,
      "sweep_base": 3.0,
      "sweep_scale": 0.75,
      "hit_self_command": "/function wardance:attack/self_moderatefatigue",
      "hit_other_command": "/function wardance:attack/damageother_stun"
    }
  },
  "iceandfire:troll_weapon_column": {
    "attack": 15.0,
    "defend": 0.7,
    "shield": true,
    "sweep": "IMPACT",
    "knockback": 1.25,
    "damage_scale": 0.75,
    "posture_scale": 0.5,
    "crit": false,
    "crit_damage": 1.5,
    "sweep_base": 1.5,
    "sweep_scale": 0.5,
    "standing": {
      "sweep": "IMPACT",
      "knockback": 1.25,
      "damage_scale": 0.75,
      "posture_scale": 0.5,
      "sweep_base": 1.5,
      "sweep_scale": 0.5
    },
    "falling": {
      "sweep": "IMPACT",
      "knockback": 0.5,
      "sweep_base": 3.0,
      "sweep_scale": 1.25,
      "hit_self_command": "/function wardance:attack/self_heavyfatigue",
      "damage_other_command": "/function wardance:attack/damageother_bonkstart",
      "crit": true
    },
    "sneaking": {
      "sweep": "CONE",
      "damage_scale": 0.75,
      "posture_scale": 0.75,
      "sweep_base": 50.0,
      "sweep_scale": 20.0,
      "hit_self_command": "/function wardance:attack/self_mildfatigue"
    },
    "sprinting": {
      "sweep": "CIRCLE",
      "knockback": 1.75,
      "damage_scale": 0.75,
      "posture_scale": 0.75,
      "sweep_base": 3.0,
      "sweep_scale": 0.5,
      "hit_self_command": "/function wardance:attack/self_mildfatigue",
      "damage_other_command": "/function wardance:attack/damageother_mildstun",
      "crit": true
    },
    "riding": {
      "sweep": "CIRCLE",
      "posture_scale": 1.6,
      "crit_damage": 2.0,
      "sweep_base": 3.0,
      "sweep_scale": 0.75,
      "hit_self_command": "/function wardance:attack/self_moderatefatigue",
      "hit_other_command": "/function wardance:attack/damageother_stun"
    }
  }
}