{
  "immersiveengineering:revolver": {
    "attack": 2.2,
    "defend": 1.1,
    "shield": false,
    "sweep": "CONE",
    "knockback": 1.0,
    "damage_scale": 1.0,
    "posture_scale": 1.0,
    "crit": false,
    "crit_damage": 1.5,
    "sweep_base": 20.0,
    "sweep_scale": 10.0,
    "standing": {
      "sweep": "CONE",
      "sweep_base": 20.0,
      "sweep_scale": 10.0
    },
    "falling": {
      "sweep": "IMPACT",
      "knockback": 1.5,
      "posture_scale": 1.25,
      "sweep_base": 0.5,
      "sweep_scale": 0.25,
      "hit_self_command": "/function wardance:attack/self_mildfatigue",
      "damage_other_command": "/function wardance:attack/damageother_mildstun",
      "crit": true
    },
    "sneaking": {
      "sweep": "NONE",
      "hit_self_command": "/function wardance:attack/self_accelerate"
    },
    "sprinting": {
      "sweep": "NONE",
      "knockback": 1.5,
      "damage_scale": 1.25,
      "hit_self_command": "/function wardance:attack/self_mildfatigue",
      "crit": true
    },
    "riding": {
      "sweep": "NONE",
      "knockback": 2.0,
      "posture_scale": 1.25,
      "crit_damage": 2.0
    }
  },
  "immersiveengineering:shield": {
    "attack": 4.0,
    "defend": 0.6,
    "shield": true,
    "sweep": "IMPACT",
    "knockback": 1.25,
    "damage_scale": 0.75,
    "posture_scale": 0.75,
    "crit": false,
    "crit_damage": 1.5,
    "sweep_base": 0.5,
    "sweep_scale": 0.25,
    "standing": {
      "sweep": "IMPACT",
      "knockback": 1.25,
      "damage_scale": 0.75,
      "posture_scale": 0.75,
      "sweep_base": 0.5,
      "sweep_scale": 0.25
    },
    "falling": {
      "sweep": "CLEAVE",
      "sweep_base": 60.0,
      "sweep_scale": 30.0,
      "hit_self_command": "/function wardance:attack/self_heavyfatigue",
      "damage_other_command": "/function wardance:attack/damageother_milddestabilize",
      "crit": true
    },
    "sneaking": {
      "sweep": "CONE",
      "knockback": 1.5,
      "damage_scale": 0.75,
      "posture_scale": 0.75,
      "sweep_base": 60.0,
      "sweep_scale": 20.0,
      "hit_self_command": "/function wardance:attack/self_moderatefatigue",
      "damage_other_command": "/function wardance:attack/damageother_mildstun"
    },
    "sprinting": {
      "sweep": "IMPACT",
      "knockback": 2.0,
      "posture_scale": 1.5,
      "sweep_base": 2.0,
      "sweep_scale": 1.0,
      "hit_self_command": "/function wardance:attack/self_heavyfatigue",
      "damage_other_command": "/function wardance:attack/damageother_destabilize",
      "crit": true
    },
    "riding": {
      "sweep": "CONE",
      "knockback": 1.5,
      "damage_scale": 1.5,
      "crit_damage": 2.0,
      "sweep_base": 60.0,
      "sweep_scale": 30.0,
      "hit_self_command": "/function wardance:attack/self_moderatefatigue",
      "damage_other_command": "/function wardance:attack/damageother_destabilize"
    }
  }
}