{
  "joels_randoms_mod:golden_scythe": {
    "attack": 3.0,
    "defend": 0.8,
    "shield": false,
    "sweep": "CONE",
    "knockback": 1.25,
    "damage_scale": 0.75,
    "posture_scale": 0.5,
    "crit": false,
    "crit_damage": 1.5,
    "sweep_base": 60.0,
    "sweep_scale": 20.0,
    "standing": {
      "sweep": "CONE",
      "knockback": 1.25,
      "damage_scale": 0.75,
      "posture_scale": 0.5,
      "sweep_base": 60.0,
      "sweep_scale": 20.0
    },
    "falling": {
      "sweep": "CLEAVE",
      "knockback": 1.25,
      "damage_scale": 1.25,
      "sweep_base": 50.0,
      "sweep_scale": 25.0,
      "hit_self_command": "/function wardance:attack/self_moderatefatigue",
      "damage_other_command": "/function wardance:attack/damageother_armorcleaveminor",
      "crit": true
    },
    "sneaking": {
      "sweep": "LINE",
      "knockback": -1.75,
      "damage_scale": 0.5,
      "sweep_base": 1.0,
      "sweep_scale": 0.5,
      "damage_other_command": "/function wardance:attack/damageother_mildstun"
    },
    "sprinting": {
      "sweep": "IMPACT",
      "knockback": 1.5,
      "damage_scale": 0.5,
      "posture_scale": 1.5,
      "sweep_base": 0.75,
      "sweep_scale": 0.5,
      "hit_self_command": "/function wardance:attack/self_accelerate",
      "damage_other_command": "/function wardance:attack/damageother_destabilize",
      "crit": true
    },
    "riding": {
      "sweep": "CIRCLE",
      "knockback": 0.5,
      "damage_scale": 1.2,
      "crit_damage": 2.0,
      "sweep_base": 4.0,
      "sweep_scale": 0.75
    }
  },
  "joels_randoms_mod:plunja_battleaxe": {
    "attack": 3.0,
    "defend": 0.8,
    "shield": false,
    "sweep": "CONE",
    "knockback": 1.25,
    "damage_scale": 0.75,
    "posture_scale": 0.5,
    "crit": false,
    "crit_damage": 1.5,
    "sweep_base": 60.0,
    "sweep_scale": 20.0,
    "standing": {
      "sweep": "CONE",
      "knockback": 1.25,
      "damage_scale": 0.75,
      "posture_scale": 0.5,
      "sweep_base": 60.0,
      "sweep_scale": 20.0
    },
    "falling": {
      "sweep": "CLEAVE",
      "knockback": 1.25,
      "damage_scale": 1.25,
      "sweep_base": 50.0,
      "sweep_scale": 25.0,
      "hit_self_command": "/function wardance:attack/self_moderatefatigue",
      "damage_other_command": "/function wardance:attack/damageother_armorcleaveminor",
      "crit": true
    },
    "sneaking": {
      "sweep": "LINE",
      "knockback": -1.75,
      "damage_scale": 0.5,
      "sweep_base": 1.0,
      "sweep_scale": 0.5,
      "damage_other_command": "/function wardance:attack/damageother_mildstun"
    },
    "sprinting": {
      "sweep": "IMPACT",
      "knockback": 1.5,
      "damage_scale": 0.5,
      "posture_scale": 1.5,
      "sweep_base": 0.75,
      "sweep_scale": 0.5,
      "hit_self_command": "/function wardance:attack/self_accelerate",
      "damage_other_command": "/function wardance:attack/damageother_destabilize",
      "crit": true
    },
    "riding": {
      "sweep": "CIRCLE",
      "knockback": 0.5,
      "damage_scale": 1.2,
      "crit_damage": 2.0,
      "sweep_base": 4.0,
      "sweep_scale": 0.75
    }
  },
  "joels_randoms_mod:high_frequency_claymore": {
    "attack": 2.9,
    "defend": 0.9,
    "shield": false,
    "sweep": "CONE",
    "knockback": 0.75,
    "damage_scale": 0.75,
    "posture_scale": 0.75,
    "crit": false,
    "crit_damage": 1.5,
    "sweep_base": 50.0,
    "sweep_scale": 20.0,
    "standing": {
      "sweep": "CONE",
      "knockback": 0.75,
      "damage_scale": 0.75,
      "posture_scale": 0.75,
      "sweep_base": 50.0,
      "sweep_scale": 20.0
    },
    "falling": {
      "sweep": "NONE",
      "damage_scale": 1.25,
      "posture_scale": 1.25,
      "crit_damage": 2.0,
      "hit_self_command": "/function wardance:attack/self_mildfatigue",
      "damage_other_command": "/function wardance:attack/damageother_armorcleaveminor",
      "crit": true
    },
    "sneaking": {
      "sweep": "CLEAVE",
      "knockback": 0.75,
      "damage_scale": 0.75,
      "posture_scale": 0.75,
      "sweep_base": 50.0,
      "sweep_scale": 20.0
    },
    "sprinting": {
      "sweep": "CONE",
      "knockback": 0.0,
      "damage_scale": 1.25,
      "crit_damage": 2.0,
      "sweep_base": 90.0,
      "sweep_scale": 30.0,
      "hit_self_command": "/function wardance:attack/self_heavyfatigue",
      "damage_other_command": "/function wardance:attack/damageother_stun",
      "crit": true
    },
    "riding": {
      "sweep": "CIRCLE",
      "knockback": 0.6,
      "damage_scale": 1.5,
      "crit_damage": 2.0,
      "sweep_base": 3.0,
      "sweep_scale": 0.5,
      "damage_other_command": "/function wardance:attack/damageother_armorcleaveminor"
    }
  },
  "joels_randoms_mod:soup_mace": {
    "attack": 2.0,
    "defend": 0.9,
    "shield": false,
    "sweep": "NONE",
    "knockback": 1.0,
    "damage_scale": 1.0,
    "posture_scale": 1.0,
    "crit": false,
    "crit_damage": 1.5,
    "sweep_base": 0.0,
    "sweep_scale": 0.0,
    "standing": {
      "sweep": "NONE"
    },
    "falling": {
      "sweep": "NONE",
      "posture_scale": 1.25,
      "crit": true
    },
    "sneaking": {
      "sweep": "NONE"
    },
    "sprinting": {
      "sweep": "NONE",
      "damage_scale": 1.25,
      "posture_scale": 1.25,
      "crit": true
    },
    "riding": {
      "sweep": "NONE",
      "knockback": 1.5,
      "damage_scale": 1.5,
      "posture_scale": 1.25,
      "crit_damage": 2.0
    }
  },
  "joels_randoms_mod:briefcase_sword": {
    "attack": 4.0,
    "defend": 0.6,
    "shield": true,
    "knockback": 1.0,
    "damage_scale": 1.0,
    "posture_scale": 1.0,
    "crit": false,
    "crit_damage": 1.5,
    "sweep_base": 0.0,
    "sweep_scale": 0.0
  },
  "joels_randoms_mod:combat_mode_murasama_katana": {
    "attack": 2.9,
    "defend": 0.9,
    "shield": false,
    "sweep": "CONE",
    "knockback": 0.75,
    "damage_scale": 0.75,
    "posture_scale": 0.75,
    "crit": false,
    "crit_damage": 1.5,
    "sweep_base": 50.0,
    "sweep_scale": 20.0,
    "standing": {
      "sweep": "CONE",
      "knockback": 0.75,
      "damage_scale": 0.75,
      "posture_scale": 0.75,
      "sweep_base": 50.0,
      "sweep_scale": 20.0
    },
    "falling": {
      "sweep": "NONE",
      "damage_scale": 1.25,
      "posture_scale": 1.25,
      "crit_damage": 2.0,
      "hit_self_command": "/function wardance:attack/self_mildfatigue",
      "damage_other_command": "/function wardance:attack/damageother_armorcleaveminor",
      "crit": true
    },
    "sneaking": {
      "sweep": "CLEAVE",
      "knockback": 0.75,
      "damage_scale": 0.75,
      "posture_scale": 0.75,
      "sweep_base": 50.0,
      "sweep_scale": 20.0
    },
    "sprinting": {
      "sweep": "CONE",
      "knockback": 0.0,
      "damage_scale": 1.25,
      "crit_damage": 2.0,
      "sweep_base": 90.0,
      "sweep_scale": 30.0,
      "hit_self_command": "/function wardance:attack/self_heavyfatigue",
      "damage_other_command": "/function wardance:attack/damageother_stun",
      "crit": true
    },
    "riding": {
      "sweep": "CIRCLE",
      "knockback": 0.6,
      "damage_scale": 1.5,
      "crit_damage": 2.0,
      "sweep_base": 3.0,
      "sweep_scale": 0.5,
      "damage_other_command": "/function wardance:attack/damageother_armorcleaveminor"
    }
  },
  "joels_randoms_mod:paintbrush_battlestaff": {
    "attack": 1.8,
    "defend": 0.9,
    "shield": false,
    "sweep": "CIRCLE",
    "knockback": 0.75,
    "damage_scale": 0.5,
    "posture_scale": 0.75,
    "crit": false,
    "crit_damage": 1.5,
    "sweep_base": 2.5,
    "sweep_scale": 0.75,
    "standing": {
      "sweep": "CIRCLE",
      "knockback": 0.75,
      "damage_scale": 0.5,
      "posture_scale": 0.75,
      "sweep_base": 2.5,
      "sweep_scale": 0.75
    },
    "falling": {
      "sweep": "IMPACT",
      "knockback": 1.5,
      "damage_scale": 1.25,
      "sweep_base": 1.0,
      "sweep_scale": 0.5,
      "hit_self_command": "/function wardance:attack/self_mildfatigue",
      "crit": true
    },
    "sneaking": {
      "sweep": "CONE",
      "damage_scale": 0.75,
      "posture_scale": 0.75,
      "sweep_base": 50.0,
      "sweep_scale": 25.0
    },
    "sprinting": {
      "sweep": "CIRCLE",
      "knockback": 1.5,
      "damage_scale": 0.75,
      "posture_scale": 0.75,
      "sweep_base": 2.0,
      "sweep_scale": 1.0,
      "hit_self_command": "/function wardance:attack/self_mildfatigue",
      "crit": true
    },
    "riding": {
      "sweep": "CIRCLE",
      "posture_scale": 1.4,
      "crit_damage": 2.0,
      "sweep_base": 3.0,
      "sweep_scale": 0.75
    }
  },
  "joels_randoms_mod:baton_mace": {
    "attack": 0.5,
    "defend": 1.0,
    "shield": false,
    "sweep": "NONE",
    "knockback": 1.0,
    "damage_scale": 1.0,
    "posture_scale": 1.0,
    "crit": false,
    "crit_damage": 1.5,
    "sweep_base": 0.0,
    "sweep_scale": 0.0,
    "standing": {
      "sweep": "NONE"
    },
    "falling": {
      "sweep": "NONE",
      "posture_scale": 1.25,
      "crit": true
    },
    "sneaking": {
      "sweep": "NONE"
    },
    "sprinting": {
      "sweep": "NONE",
      "damage_scale": 1.25,
      "posture_scale": 1.25,
      "crit": true
    },
    "riding": {
      "sweep": "NONE",
      "knockback": 1.5,
      "damage_scale": 1.5,
      "posture_scale": 1.25,
      "crit_damage": 2.0
    }
  },
  "joels_randoms_mod:huge_gorrilla_claw": {
    "attack": 2.8,
    "defend": 0.9,
    "shield": true,
    "sweep": "NONE",
    "knockback": 1.0,
    "damage_scale": 1.0,
    "posture_scale": 0.5,
    "crit": false,
    "crit_damage": 1.5,
    "sweep_base": 0.0,
    "sweep_scale": 0.0,
    "hit_self_command": "/function wardance:attack/self_accelerate",
    "standing": {
      "sweep": "NONE",
      "posture_scale": 0.5,
      "hit_self_command": "/function wardance:attack/self_accelerate"
    },
    "falling": {
      "sweep": "IMPACT",
      "knockback": 1.5,
      "sweep_base": 1.5,
      "sweep_scale": 0.75,
      "hit_self_command": "/function wardance:attack/self_moderatefatigue",
      "damage_other_command": "/function wardance:attack/damageother_milddestabilize",
      "crit": true
    },
    "sneaking": {
      "sweep": "CONE",
      "knockback": 0.75,
      "sweep_base": 30.0,
      "sweep_scale": 10.0
    },
    "sprinting": {
      "sweep": "IMPACT",
      "knockback": 2.0,
      "posture_scale": 1.5,
      "sweep_base": 1.0,
      "sweep_scale": 0.5,
      "hit_self_command": "/function wardance:attack/self_mildfatigue",
      "damage_other_command": "/function wardance:attack/damageother_mildstun",
      "crit": true
    },
    "riding": {
      "sweep": "NONE",
      "knockback": 2.0,
      "posture_scale": 1.25,
      "crit_damage": 2.0,
      "damage_other_command": "/function wardance:attack/damageother_mildstun"
    }
  },
  "joels_randoms_mod:witches_broom_scythe": {
    "attack": 1.8,
    "defend": 0.9,
    "shield": false,
    "sweep": "CIRCLE",
    "knockback": 0.75,
    "damage_scale": 0.5,
    "posture_scale": 0.75,
    "crit": false,
    "crit_damage": 1.5,
    "sweep_base": 2.5,
    "sweep_scale": 0.75,
    "standing": {
      "sweep": "CIRCLE",
      "knockback": 0.75,
      "damage_scale": 0.5,
      "posture_scale": 0.75,
      "sweep_base": 2.5,
      "sweep_scale": 0.75
    },
    "falling": {
      "sweep": "IMPACT",
      "knockback": 1.5,
      "damage_scale": 1.25,
      "sweep_base": 1.0,
      "sweep_scale": 0.5,
      "hit_self_command": "/function wardance:attack/self_mildfatigue",
      "crit": true
    },
    "sneaking": {
      "sweep": "CONE",
      "damage_scale": 0.75,
      "posture_scale": 0.75,
      "sweep_base": 50.0,
      "sweep_scale": 25.0
    },
    "sprinting": {
      "sweep": "CIRCLE",
      "knockback": 1.5,
      "damage_scale": 0.75,
      "posture_scale": 0.75,
      "sweep_base": 2.0,
      "sweep_scale": 1.0,
      "hit_self_command": "/function wardance:attack/self_mildfatigue",
      "crit": true
    },
    "riding": {
      "sweep": "CIRCLE",
      "posture_scale": 1.4,
      "crit_damage": 2.0,
      "sweep_base": 3.0,
      "sweep_scale": 0.75
    }
  },
  "joels_randoms_mod:executioner_claymore": {
    "attack": 5.4,
    "defend": 0.7,
    "shield": true,
    "sweep": "CLEAVE",
    "knockback": 1.5,
    "damage_scale": 0.75,
    "posture_scale": 0.75,
    "crit": false,
    "crit_damage": 1.5,
    "sweep_base": 60.0,
    "sweep_scale": 20.0,
    "standing": {
      "sweep": "CLEAVE",
      "knockback": 1.5,
      "damage_scale": 0.75,
      "posture_scale": 0.75,
      "sweep_base": 60.0,
      "sweep_scale": 20.0
    },
    "falling": {
      "sweep": "CLEAVE",
      "knockback": 0.5,
      "sweep_base": 70.0,
      "sweep_scale": 35.0,
      "hit_self_command": "/function wardance:attack/self_heavyfatigue",
      "damage_other_command": "/function wardance:attack/damageother_armorcleave",
      "crit": true
    },
    "sneaking": {
      "sweep": "CONE",
      "knockback": 2.0,
      "damage_scale": 0.75,
      "posture_scale": 0.75,
      "sweep_base": 50.0,
      "sweep_scale": 20.0,
      "hit_self_command": "/function wardance:attack/self_mildfatigue"
    },
    "sprinting": {
      "sweep": "CIRCLE",
      "knockback": 1.75,
      "damage_scale": 0.75,
      "posture_scale": 0.75,
      "sweep_base": 3.5,
      "sweep_scale": 1.0,
      "hit_self_command": "/function wardance:attack/self_heavyfatigue",
      "damage_other_command": "/function wardance:attack/damageother_mildstun",
      "crit": true
    },
    "riding": {
      "sweep": "CIRCLE",
      "damage_scale": 1.3,
      "posture_scale": 1.3,
      "crit_damage": 2.0,
      "sweep_base": 3.0,
      "sweep_scale": 0.75,
      "hit_self_command": "/function wardance:attack/self_moderatefatigue",
      "damage_other_command": "/function wardance:attack/damageother_mildstun"
    }
  },
  "joels_randoms_mod:rolling_pin_mace": {
    "attack": 3.5,
    "defend": 0.9,
    "shield": false,
    "sweep": "CONE",
    "knockback": 1.0,
    "damage_scale": 0.75,
    "posture_scale": 0.75,
    "crit": false,
    "crit_damage": 1.5,
    "sweep_base": 40.0,
    "sweep_scale": 15.0,
    "standing": {
      "sweep": "CONE",
      "damage_scale": 0.75,
      "posture_scale": 0.75,
      "sweep_base": 40.0,
      "sweep_scale": 15.0
    },
    "falling": {
      "sweep": "IMPACT",
      "knockback": 1.25,
      "sweep_base": 1.5,
      "sweep_scale": 0.75,
      "hit_self_command": "/function wardance:attack/self_moderatefatigue",
      "damage_other_command": "/function wardance:attack/damageother_milddestabilize",
      "crit": true
    },
    "sneaking": {
      "sweep": "CONE",
      "knockback": 0.75,
      "damage_scale": 0.5,
      "posture_scale": 0.5,
      "sweep_base": 30.0,
      "sweep_scale": 10.0,
      "hit_self_command": "/function wardance:attack/self_accelerate"
    },
    "sprinting": {
      "sweep": "CONE",
      "knockback": 2.0,
      "damage_scale": 1.25,
      "sweep_base": 60.0,
      "sweep_scale": 30.0,
      "hit_self_command": "/function wardance:attack/self_moderatefatigue",
      "damage_other_command": "/function wardance:attack/damageother_mildstun",
      "crit": true
    },
    "riding": {
      "sweep": "CIRCLE",
      "knockback": 1.2,
      "posture_scale": 1.3,
      "crit_damage": 2.0,
      "sweep_base": 2.5,
      "sweep_scale": 0.5,
      "hit_self_command": "/function wardance:attack/self_mildfatigue",
      "damage_other_command": "/function wardance:attack/damageother_mildstun"
    }
  },
  "joels_randoms_mod:gunbai_coral_blade": {
    "attack": 5.4,
    "defend": 0.7,
    "shield": true,
    "sweep": "CONE",
    "knockback": 0.75,
    "damage_scale": 0.75,
    "posture_scale": 0.5,
    "crit": false,
    "crit_damage": 1.5,
    "sweep_base": 60.0,
    "sweep_scale": 20.0,
    "standing": {
      "sweep": "CONE",
      "knockback": 0.75,
      "damage_scale": 0.75,
      "posture_scale": 0.5,
      "sweep_base": 60.0,
      "sweep_scale": 20.0
    },
    "falling": {
      "sweep": "CLEAVE",
      "sweep_base": 60.0,
      "sweep_scale": 30.0,
      "hit_self_command": "/function wardance:attack/self_heavyfatigue",
      "damage_other_command": "/function wardance:attack/damageother_armorcleaveminor",
      "crit": true
    },
    "sneaking": {
      "sweep": "CONE",
      "knockback": 1.5,
      "damage_scale": 0.5,
      "sweep_base": 90.0,
      "sweep_scale": 30.0,
      "hit_self_command": "/function wardance:attack/self_mildfatigue"
    },
    "sprinting": {
      "sweep": "LINE",
      "knockback": 0.75,
      "damage_scale": 1.25,
      "sweep_base": 0.3,
      "sweep_scale": 0.2,
      "hit_self_command": "/function wardance:attack/self_moderatefatigue",
      "damage_other_command": "/function wardance:attack/damageother_armorcleaveminor",
      "crit": true
    },
    "riding": {
      "sweep": "CIRCLE",
      "damage_scale": 1.6,
      "crit_damage": 2.0,
      "sweep_base": 3.0,
      "sweep_scale": 0.75,
      "hit_self_command": "/function wardance:attack/self_mildfatigue",
      "damage_other_command": "/function wardance:attack/damageother_armorcleave"
    }
  },
  "joels_randoms_mod:buster_greatsword": {
    "attack": 5.4,
    "defend": 0.7,
    "shield": true,
    "sweep": "CONE",
    "knockback": 1.0,
    "damage_scale": 0.75,
    "posture_scale": 0.75,
    "crit": false,
    "crit_damage": 1.5,
    "sweep_base": 70.0,
    "sweep_scale": 25.0,
    "hit_self_command": "/function wardance:attack/self_mildfatigue",
    "standing": {
      "sweep": "CONE",
      "damage_scale": 0.75,
      "posture_scale": 0.75,
      "sweep_base": 70.0,
      "sweep_scale": 25.0,
      "hit_self_command": "/function wardance:attack/self_mildfatigue"
    },
    "falling": {
      "sweep": "CLEAVE",
      "sweep_base": 80.0,
      "sweep_scale": 30.0,
      "hit_self_command": "/function wardance:attack/self_heavyfatigue",
      "damage_other_command": "/function wardance:attack/damageother_armorcleave",
      "crit": true
    },
    "sneaking": {
      "sweep": "IMPACT",
      "knockback": 2.0,
      "damage_scale": 0.5,
      "posture_scale": 1.25,
      "sweep_base": 1.0,
      "sweep_scale": 0.5,
      "damage_other_command": "/function wardance:attack/damageother_milddestabilize",
      "crit": true
    },
    "sprinting": {
      "sweep": "CIRCLE",
      "knockback": 1.75,
      "damage_scale": 0.75,
      "posture_scale": 0.75,
      "sweep_base": 3.5,
      "sweep_scale": 1.0,
      "hit_self_command": "/function wardance:attack/self_heavyfatigue",
      "damage_other_command": "/function wardance:attack/damageother_stun",
      "crit": true
    },
    "riding": {
      "sweep": "CIRCLE",
      "damage_scale": 1.3,
      "posture_scale": 1.3,
      "crit_damage": 2.0,
      "sweep_base": 3.0,
      "sweep_scale": 1.0,
      "damage_other_command": "/function wardance:attack/damageother_mildstun"
    }
  },
  "joels_randoms_mod:mop_battlestaff": {
    "attack": 1.8,
    "defend": 0.9,
    "shield": false,
    "sweep": "CIRCLE",
    "knockback": 0.75,
    "damage_scale": 0.5,
    "posture_scale": 0.75,
    "crit": false,
    "crit_damage": 1.5,
    "sweep_base": 2.5,
    "sweep_scale": 0.75,
    "standing": {
      "sweep": "CIRCLE",
      "knockback": 0.75,
      "damage_scale": 0.5,
      "posture_scale": 0.75,
      "sweep_base": 2.5,
      "sweep_scale": 0.75
    },
    "falling": {
      "sweep": "IMPACT",
      "knockback": 1.5,
      "damage_scale": 1.25,
      "sweep_base": 1.0,
      "sweep_scale": 0.5,
      "hit_self_command": "/function wardance:attack/self_mildfatigue",
      "crit": true
    },
    "sneaking": {
      "sweep": "CONE",
      "damage_scale": 0.75,
      "posture_scale": 0.75,
      "sweep_base": 50.0,
      "sweep_scale": 25.0
    },
    "sprinting": {
      "sweep": "CIRCLE",
      "knockback": 1.5,
      "damage_scale": 0.75,
      "posture_scale": 0.75,
      "sweep_base": 2.0,
      "sweep_scale": 1.0,
      "hit_self_command": "/function wardance:attack/self_mildfatigue",
      "crit": true
    },
    "riding": {
      "sweep": "CIRCLE",
      "posture_scale": 1.4,
      "crit_damage": 2.0,
      "sweep_base": 3.0,
      "sweep_scale": 0.75
    }
  },
  "joels_randoms_mod:wooden_net_mace": {
    "attack": 0.5,
    "defend": 1.0,
    "shield": false,
    "sweep": "NONE",
    "knockback": 1.0,
    "damage_scale": 1.0,
    "posture_scale": 1.0,
    "crit": false,
    "crit_damage": 1.5,
    "sweep_base": 0.0,
    "sweep_scale": 0.0,
    "standing": {
      "sweep": "NONE"
    },
    "falling": {
      "sweep": "NONE",
      "posture_scale": 1.25,
      "crit": true
    },
    "sneaking": {
      "sweep": "NONE"
    },
    "sprinting": {
      "sweep": "NONE",
      "damage_scale": 1.25,
      "posture_scale": 1.25,
      "crit": true
    },
    "riding": {
      "sweep": "NONE",
      "knockback": 1.5,
      "damage_scale": 1.5,
      "posture_scale": 1.25,
      "crit_damage": 2.0
    }
  },
  "joels_randoms_mod:murasama_holster": {
    "attack": 1.0,
    "defend": 0.7,
    "shield": true,
    "sweep": "NONE",
    "knockback": 1.0,
    "damage_scale": 1.0,
    "posture_scale": 1.0,
    "crit": false,
    "crit_damage": 1.5,
    "sweep_base": 0.0,
    "sweep_scale": 0.0,
    "standing": {
      "sweep": "NONE"
    },
    "falling": {
      "sweep": "NONE",
      "posture_scale": 1.25,
      "crit": true
    },
    "sneaking": {
      "sweep": "NONE"
    },
    "sprinting": {
      "sweep": "NONE",
      "damage_scale": 1.25,
      "posture_scale": 1.25,
      "crit": true
    },
    "riding": {
      "sweep": "NONE",
      "knockback": 1.5,
      "damage_scale": 1.5,
      "posture_scale": 1.25,
      "crit_damage": 2.0
    }
  },
  "joels_randoms_mod:soul_claymore": {
    "attack": 5.4,
    "defend": 0.7,
    "shield": true,
    "sweep": "CONE",
    "knockback": 0.75,
    "damage_scale": 0.75,
    "posture_scale": 0.5,
    "crit": false,
    "crit_damage": 1.5,
    "sweep_base": 60.0,
    "sweep_scale": 20.0,
    "standing": {
      "sweep": "CONE",
      "knockback": 0.75,
      "damage_scale": 0.75,
      "posture_scale": 0.5,
      "sweep_base": 60.0,
      "sweep_scale": 20.0
    },
    "falling": {
      "sweep": "CLEAVE",
      "sweep_base": 60.0,
      "sweep_scale": 30.0,
      "hit_self_command": "/function wardance:attack/self_heavyfatigue",
      "damage_other_command": "/function wardance:attack/damageother_armorcleaveminor",
      "crit": true
    },
    "sneaking": {
      "sweep": "CONE",
      "knockback": 1.5,
      "damage_scale": 0.5,
      "sweep_base": 90.0,
      "sweep_scale": 30.0,
      "hit_self_command": "/function wardance:attack/self_mildfatigue"
    },
    "sprinting": {
      "sweep": "LINE",
      "knockback": 0.75,
      "damage_scale": 1.25,
      "sweep_base": 0.3,
      "sweep_scale": 0.2,
      "hit_self_command": "/function wardance:attack/self_moderatefatigue",
      "damage_other_command": "/function wardance:attack/damageother_armorcleaveminor",
      "crit": true
    },
    "riding": {
      "sweep": "CIRCLE",
      "damage_scale": 1.6,
      "crit_damage": 2.0,
      "sweep_base": 3.0,
      "sweep_scale": 0.75,
      "hit_self_command": "/function wardance:attack/self_mildfatigue",
      "damage_other_command": "/function wardance:attack/damageother_armorcleave"
    }
  }
}