{
  "autumnity:snail_shell_chestplate": [
    {
      "attribute": "footwork:stealth",
      "modify": -13.0,
      "operation": "ADDITION"
    },
    {
      "attribute": "footwork:evasion",
      "modify": 1.6,
      "operation": "ADDITION"
    },
    {
      "attribute": "footwork:max_fracture",
      "modify": 3.0,
      "operation": "ADDITION"
    },
    {
      "attribute": "footwork:max_posture",
      "modify": 3.4,
      "operation": "ADDITION"
    },
    {
      "attribute": "footwork:posture_cooldown_speed",
      "modify": -0.15,
      "operation": "MULTIPLY_BASE"
    },
    {
      "attribute": "footwork:posture_gain",
      "modify": 0.15,
      "operation": "MULTIPLY_BASE"
    },
    {
      "attribute": "footwork:max_might",
      "modify": 1.0,
      "operation": "ADDITION"
    }
  ]
}