{
  "bloodmagic:livinghelmet": [
    {
      "attribute": "footwork:stealth",
      "modify": -4.0,
      "operation": "ADDITION"
    },
    {
      "attribute": "footwork:evasion",
      "modify": 1.0,
      "operation": "ADDITION"
    },
    {
      "attribute": "footwork:max_fracture",
      "modify": 0.6,
      "operation": "ADDITION"
    },
    {
      "attribute": "footwork:max_posture",
      "modify": 1.9,
      "operation": "ADDITION"
    },
    {
      "attribute": "footwork:spirit_regen",
      "modify": 0.08,
      "operation": "MULTIPLY_BASE"
    },
    {
      "attribute": "footwork:skill_effectiveness",
      "modify": 0.03,
      "operation": "MULTIPLY_BASE"
    }
  ],
  "bloodmagic:livingplate": [
    {
      "attribute": "footwork:stealth",
      "modify": -8.0,
      "operation": "ADDITION"
    },
    {
      "attribute": "footwork:evasion",
      "modify": 2.0,
      "operation": "ADDITION"
    },
    {
      "attribute": "footwork:max_fracture",
      "modify": 1.2,
      "operation": "ADDITION"
    },
    {
      "attribute": "footwork:max_posture",
      "modify": 3.8,
      "operation": "ADDITION"
    },
    {
      "attribute": "footwork:spirit_regen",
      "modify": 0.03,
      "operation": "MULTIPLY_BASE"
    },
    {
      "attribute": "footwork:skill_effectiveness",
      "modify": 0.05,
      "operation": "MULTIPLY_BASE"
    }
  ],
  "bloodmagic:livingleggings": [
    {
      "attribute": "footwork:stealth",
      "modify": -6.0,
      "operation": "ADDITION"
    },
    {
      "attribute": "footwork:evasion",
      "modify": 1.5,
      "operation": "ADDITION"
    },
    {
      "attribute": "footwork:max_fracture",
      "modify": 0.9,
      "operation": "ADDITION"
    },
    {
      "attribute": "footwork:max_posture",
      "modify": 2.8,
      "operation": "ADDITION"
    },
    {
      "attribute": "footwork:spirit_regen",
      "modify": 0.06,
      "operation": "MULTIPLY_BASE"
    },
    {
      "attribute": "footwork:skill_effectiveness",
      "modify": 0.04,
      "operation": "MULTIPLY_BASE"
    }
  ],
  "bloodmagic:livingboots": [
    {
      "attribute": "footwork:stealth",
      "modify": -4.0,
      "operation": "ADDITION"
    },
    {
      "attribute": "footwork:evasion",
      "modify": 1.0,
      "operation": "ADDITION"
    },
    {
      "attribute": "footwork:max_fracture",
      "modify": 0.6,
      "operation": "ADDITION"
    },
    {
      "attribute": "footwork:max_posture",
      "modify": 1.9,
      "operation": "ADDITION"
    },
    {
      "attribute": "footwork:spirit_regen",
      "modify": 0.03,
      "operation": "MULTIPLY_BASE"
    },
    {
      "attribute": "footwork:skill_effectiveness",
      "modify": 0.03,
      "operation": "MULTIPLY_BASE"
    }
  ]
}