{
  "bygonenether:gilded_netherite_chestplate": [
    {
      "attribute": "footwork:stealth",
      "modify": -6.0,
      "operation": "ADDITION"
    },
    {
      "attribute": "footwork:max_fracture",
      "modify": 1.5,
      "operation": "ADDITION"
    },
    {
      "attribute": "footwork:posture_regen",
      "modify": 0.11,
      "operation": "MULTIPLY_BASE"
    },
    {
      "attribute": "footwork:skill_effectiveness",
      "modify": 0.05,
      "operation": "MULTIPLY_BASE"
    }
  ],
  "bygonenether:gilded_netherite_helmet": [
    {
      "attribute": "footwork:stealth",
      "modify": -3.0,
      "operation": "ADDITION"
    },
    {
      "attribute": "footwork:max_fracture",
      "modify": 0.8,
      "operation": "ADDITION"
    },
    {
      "attribute": "footwork:posture_regen",
      "modify": 0.05,
      "operation": "MULTIPLY_BASE"
    },
    {
      "attribute": "footwork:skill_effectiveness",
      "modify": 0.03,
      "operation": "MULTIPLY_BASE"
    }
  ],
  "bygonenether:gilded_netherite_boots": [
    {
      "attribute": "footwork:stealth",
      "modify": -3.0,
      "operation": "ADDITION"
    },
    {
      "attribute": "footwork:max_fracture",
      "modify": 0.8,
      "operation": "ADDITION"
    },
    {
      "attribute": "footwork:posture_regen",
      "modify": 0.05,
      "operation": "MULTIPLY_BASE"
    },
    {
      "attribute": "footwork:skill_effectiveness",
      "modify": 0.03,
      "operation": "MULTIPLY_BASE"
    }
  ],
  "bygonenether:gilded_netherite_leggings": [
    {
      "attribute": "footwork:stealth",
      "modify": -5.0,
      "operation": "ADDITION"
    },
    {
      "attribute": "footwork:max_fracture",
      "modify": 1.1,
      "operation": "ADDITION"
    },
    {
      "attribute": "footwork:posture_regen",
      "modify": 0.08,
      "operation": "MULTIPLY_BASE"
    },
    {
      "attribute": "footwork:skill_effectiveness",
      "modify": 0.04,
      "operation": "MULTIPLY_BASE"
    }
  ]
}