{
  "chococraft:choco_disguise_helmet": [
    {
      "attribute": "footwork:stealth",
      "modify": -2.0,
      "operation": "ADDITION"
    },
    {
      "attribute": "footwork:evasion",
      "modify": 0.8,
      "operation": "ADDITION"
    },
    {
      "attribute": "footwork:max_fracture",
      "modify": 0.2,
      "operation": "ADDITION"
    },
    {
      "attribute": "footwork:max_posture",
      "modify": 1.7,
      "operation": "ADDITION"
    },
    {
      "attribute": "footwork:posture_regen",
      "modify": 0.06,
      "operation": "MULTIPLY_BASE"
    }
  ],
  "chococraft:choco_disguise_leggings": [
    {
      "attribute": "footwork:stealth",
      "modify": -4.0,
      "operation": "ADDITION"
    },
    {
      "attribute": "footwork:evasion",
      "modify": 1.2,
      "operation": "ADDITION"
    },
    {
      "attribute": "footwork:max_fracture",
      "modify": 0.3,
      "operation": "ADDITION"
    },
    {
      "attribute": "footwork:max_posture",
      "modify": 2.5,
      "operation": "ADDITION"
    },
    {
      "attribute": "footwork:posture_regen",
      "modify": 0.08,
      "operation": "MULTIPLY_BASE"
    }
  ],
  "chococraft:choco_disguise_boots": [
    {
      "attribute": "footwork:stealth",
      "modify": -2.0,
      "operation": "ADDITION"
    },
    {
      "attribute": "footwork:evasion",
      "modify": 0.8,
      "operation": "ADDITION"
    },
    {
      "attribute": "footwork:max_fracture",
      "modify": 0.2,
      "operation": "ADDITION"
    },
    {
      "attribute": "footwork:max_posture",
      "modify": 1.7,
      "operation": "ADDITION"
    },
    {
      "attribute": "footwork:posture_regen",
      "modify": 0.06,
      "operation": "MULTIPLY_BASE"
    }
  ],
  "chococraft:choco_disguise_chestplate": [
    {
      "attribute": "footwork:stealth",
      "modify": -5.0,
      "operation": "ADDITION"
    },
    {
      "attribute": "footwork:evasion",
      "modify": 1.6,
      "operation": "ADDITION"
    },
    {
      "attribute": "footwork:max_fracture",
      "modify": 0.4,
      "operation": "ADDITION"
    },
    {
      "attribute": "footwork:max_posture",
      "modify": 3.4,
      "operation": "ADDITION"
    },
    {
      "attribute": "footwork:posture_regen",
      "modify": 0.11,
      "operation": "MULTIPLY_BASE"
    }
  ]
}