{
  "dungeonnowloading:spawner_chestplate": [
    {
      "attribute": "footwork:stealth",
      "modify": -9.0,
      "operation": "ADDITION"
    },
    {
      "attribute": "footwork:evasion",
      "modify": 1.2,
      "operation": "ADDITION"
    },
    {
      "attribute": "footwork:max_fracture",
      "modify": 2.0,
      "operation": "ADDITION"
    },
    {
      "attribute": "footwork:max_posture",
      "modify": 2.9,
      "operation": "ADDITION"
    },
    {
      "attribute": "footwork:posture_cooldown_speed",
      "modify": 0.05,
      "operation": "MULTIPLY_BASE"
    },
    {
      "attribute": "footwork:spirit_cooldown_speed",
      "modify": 0.05,
      "operation": "MULTIPLY_BASE"
    },
    {
      "attribute": "footwork:might_grace",
      "modify": 0.05,
      "operation": "MULTIPLY_BASE"
    },
    {
      "attribute": "footwork:skill_effectiveness",
      "modify": 0.05,
      "operation": "MULTIPLY_BASE"
    }
  ],
  "dungeonnowloading:spawner_leggings": [
    {
      "attribute": "footwork:stealth",
      "modify": -7.0,
      "operation": "ADDITION"
    },
    {
      "attribute": "footwork:evasion",
      "modify": 0.9,
      "operation": "ADDITION"
    },
    {
      "attribute": "footwork:max_fracture",
      "modify": 1.5,
      "operation": "ADDITION"
    },
    {
      "attribute": "footwork:max_posture",
      "modify": 2.2,
      "operation": "ADDITION"
    },
    {
      "attribute": "footwork:posture_cooldown_speed",
      "modify": 0.04,
      "operation": "MULTIPLY_BASE"
    },
    {
      "attribute": "footwork:spirit_cooldown_speed",
      "modify": 0.04,
      "operation": "MULTIPLY_BASE"
    },
    {
      "attribute": "footwork:might_grace",
      "modify": 0.04,
      "operation": "MULTIPLY_BASE"
    },
    {
      "attribute": "footwork:skill_effectiveness",
      "modify": 0.04,
      "operation": "MULTIPLY_BASE"
    }
  ],
  "dungeonnowloading:spawner_helmet": [
    {
      "attribute": "footwork:stealth",
      "modify": -5.0,
      "operation": "ADDITION"
    },
    {
      "attribute": "footwork:evasion",
      "modify": 0.6,
      "operation": "ADDITION"
    },
    {
      "attribute": "footwork:max_fracture",
      "modify": 1.0,
      "operation": "ADDITION"
    },
    {
      "attribute": "footwork:max_posture",
      "modify": 1.5,
      "operation": "ADDITION"
    },
    {
      "attribute": "footwork:posture_cooldown_speed",
      "modify": 0.03,
      "operation": "MULTIPLY_BASE"
    },
    {
      "attribute": "footwork:spirit_cooldown_speed",
      "modify": 0.03,
      "operation": "MULTIPLY_BASE"
    },
    {
      "attribute": "footwork:might_grace",
      "modify": 0.03,
      "operation": "MULTIPLY_BASE"
    },
    {
      "attribute": "footwork:skill_effectiveness",
      "modify": 0.03,
      "operation": "MULTIPLY_BASE"
    }
  ],
  "dungeonnowloading:spawner_boots": [
    {
      "attribute": "footwork:stealth",
      "modify": -5.0,
      "operation": "ADDITION"
    },
    {
      "attribute": "footwork:evasion",
      "modify": 0.6,
      "operation": "ADDITION"
    },
    {
      "attribute": "footwork:max_fracture",
      "modify": 1.0,
      "operation": "ADDITION"
    },
    {
      "attribute": "footwork:max_posture",
      "modify": 1.5,
      "operation": "ADDITION"
    },
    {
      "attribute": "footwork:posture_cooldown_speed",
      "modify": 0.03,
      "operation": "MULTIPLY_BASE"
    },
    {
      "attribute": "footwork:spirit_cooldown_speed",
      "modify": 0.03,
      "operation": "MULTIPLY_BASE"
    },
    {
      "attribute": "footwork:might_grace",
      "modify": 0.03,
      "operation": "MULTIPLY_BASE"
    },
    {
      "attribute": "footwork:skill_effectiveness",
      "modify": 0.03,
      "operation": "MULTIPLY_BASE"
    }
  ]
}