{
  "endrem:end_crystal_helmet": [
    {
      "attribute": "footwork:stealth",
      "modify": -5.0,
      "operation": "ADDITION"
    },
    {
      "attribute": "footwork:max_fracture",
      "modify": 1.3,
      "operation": "ADDITION"
    }
  ],
  "endrem:end_crystal_leggings": [
    {
      "attribute": "footwork:stealth",
      "modify": -7.0,
      "operation": "ADDITION"
    },
    {
      "attribute": "footwork:max_fracture",
      "modify": 2.0,
      "operation": "ADDITION"
    }
  ],
  "endrem:end_crystal_chestplate": [
    {
      "attribute": "footwork:stealth",
      "modify": -10.0,
      "operation": "ADDITION"
    },
    {
      "attribute": "footwork:max_fracture",
      "modify": 2.6,
      "operation": "ADDITION"
    }
  ],
  "endrem:end_crystal_boots": [
    {
      "attribute": "footwork:stealth",
      "modify": -5.0,
      "operation": "ADDITION"
    },
    {
      "attribute": "footwork:max_fracture",
      "modify": 1.3,
      "operation": "ADDITION"
    }
  ]
}