{
  "gem_infusion:pyrite_armor_chestplate": [
    {
      "attribute": "footwork:stealth",
      "modify": -7.0,
      "operation": "ADDITION"
    },
    {
      "attribute": "footwork:evasion",
      "modify": 1.2,
      "operation": "ADDITION"
    },
    {
      "attribute": "footwork:max_fracture",
      "modify": 1.4,
      "operation": "ADDITION"
    },
    {
      "attribute": "footwork:max_posture",
      "modify": 2.9,
      "operation": "ADDITION"
    },
    {
      "attribute": "footwork:skill_effectiveness",
      "modify": 0.04,
      "operation": "MULTIPLY_BASE"
    }
  ],
  "gem_infusion:pyrite_armor_leggings": [
    {
      "attribute": "footwork:stealth",
      "modify": -5.0,
      "operation": "ADDITION"
    },
    {
      "attribute": "footwork:evasion",
      "modify": 0.9,
      "operation": "ADDITION"
    },
    {
      "attribute": "footwork:max_fracture",
      "modify": 1.0,
      "operation": "ADDITION"
    },
    {
      "attribute": "footwork:max_posture",
      "modify": 2.2,
      "operation": "ADDITION"
    },
    {
      "attribute": "footwork:skill_effectiveness",
      "modify": 0.03,
      "operation": "MULTIPLY_BASE"
    }
  ],
  "gem_infusion:osmium_armor_chestplate": [
    {
      "attribute": "footwork:stealth",
      "modify": -13.0,
      "operation": "ADDITION"
    },
    {
      "attribute": "footwork:evasion",
      "modify": 3.0,
      "operation": "ADDITION"
    },
    {
      "attribute": "footwork:max_fracture",
      "modify": 3.6,
      "operation": "ADDITION"
    },
    {
      "attribute": "footwork:max_posture",
      "modify": 4.0,
      "operation": "ADDITION"
    },
    {
      "attribute": "footwork:posture_cooldown_speed",
      "modify": -0.1,
      "operation": "MULTIPLY_BASE"
    },
    {
      "attribute": "footwork:posture_regen",
      "modify": -0.1,
      "operation": "MULTIPLY_BASE"
    },
    {
      "attribute": "footwork:max_might",
      "modify": 1.0,
      "operation": "ADDITION"
    }
  ],
  "gem_infusion:osmium_armor_helmet": [
    {
      "attribute": "footwork:stealth",
      "modify": -6.0,
      "operation": "ADDITION"
    },
    {
      "attribute": "footwork:evasion",
      "modify": 1.0,
      "operation": "ADDITION"
    },
    {
      "attribute": "footwork:max_fracture",
      "modify": 1.8,
      "operation": "ADDITION"
    },
    {
      "attribute": "footwork:max_posture",
      "modify": 2.0,
      "operation": "ADDITION"
    },
    {
      "attribute": "footwork:posture_cooldown_speed",
      "modify": -0.1,
      "operation": "MULTIPLY_BASE"
    },
    {
      "attribute": "footwork:posture_regen",
      "modify": -0.1,
      "operation": "MULTIPLY_BASE"
    },
    {
      "attribute": "footwork:max_might",
      "modify": 0.5,
      "operation": "ADDITION"
    }
  ],
  "gem_infusion:pyrite_armor_helmet": [
    {
      "attribute": "footwork:stealth",
      "modify": -4.0,
      "operation": "ADDITION"
    },
    {
      "attribute": "footwork:evasion",
      "modify": 0.6,
      "operation": "ADDITION"
    },
    {
      "attribute": "footwork:max_fracture",
      "modify": 0.7,
      "operation": "ADDITION"
    },
    {
      "attribute": "footwork:max_posture",
      "modify": 1.5,
      "operation": "ADDITION"
    },
    {
      "attribute": "footwork:skill_effectiveness",
      "modify": 0.02,
      "operation": "MULTIPLY_BASE"
    }
  ],
  "gem_infusion:mithril_armor_chestplate": [
    {
      "attribute": "footwork:stealth",
      "modify": -5.0,
      "operation": "ADDITION"
    },
    {
      "attribute": "footwork:evasion",
      "modify": 1.6,
      "operation": "ADDITION"
    },
    {
      "attribute": "footwork:max_fracture",
      "modify": 0.4,
      "operation": "ADDITION"
    },
    {
      "attribute": "footwork:max_posture",
      "modify": 3.4,
      "operation": "ADDITION"
    },
    {
      "attribute": "footwork:posture_regen",
      "modify": 0.11,
      "operation": "MULTIPLY_BASE"
    }
  ],
  "gem_infusion:mithril_armor_leggings": [
    {
      "attribute": "footwork:stealth",
      "modify": -4.0,
      "operation": "ADDITION"
    },
    {
      "attribute": "footwork:evasion",
      "modify": 1.2,
      "operation": "ADDITION"
    },
    {
      "attribute": "footwork:max_fracture",
      "modify": 0.3,
      "operation": "ADDITION"
    },
    {
      "attribute": "footwork:max_posture",
      "modify": 2.5,
      "operation": "ADDITION"
    },
    {
      "attribute": "footwork:posture_regen",
      "modify": 0.08,
      "operation": "MULTIPLY_BASE"
    }
  ],
  "gem_infusion:osmium_armor_leggings": [
    {
      "attribute": "footwork:stealth",
      "modify": -10.0,
      "operation": "ADDITION"
    },
    {
      "attribute": "footwork:evasion",
      "modify": 2.0,
      "operation": "ADDITION"
    },
    {
      "attribute": "footwork:max_fracture",
      "modify": 2.7,
      "operation": "ADDITION"
    },
    {
      "attribute": "footwork:max_posture",
      "modify": 3.0,
      "operation": "ADDITION"
    },
    {
      "attribute": "footwork:posture_cooldown_speed",
      "modify": -0.1,
      "operation": "MULTIPLY_BASE"
    },
    {
      "attribute": "footwork:posture_regen",
      "modify": -0.1,
      "operation": "MULTIPLY_BASE"
    },
    {
      "attribute": "footwork:max_might",
      "modify": 1.0,
      "operation": "ADDITION"
    }
  ],
  "gem_infusion:mithril_armor_boots": [
    {
      "attribute": "footwork:stealth",
      "modify": -2.0,
      "operation": "ADDITION"
    },
    {
      "attribute": "footwork:evasion",
      "modify": 0.8,
      "operation": "ADDITION"
    },
    {
      "attribute": "footwork:max_fracture",
      "modify": 0.2,
      "operation": "ADDITION"
    },
    {
      "attribute": "footwork:max_posture",
      "modify": 1.7,
      "operation": "ADDITION"
    },
    {
      "attribute": "footwork:posture_regen",
      "modify": 0.06,
      "operation": "MULTIPLY_BASE"
    }
  ],
  "gem_infusion:pyrite_armor_boots": [
    {
      "attribute": "footwork:stealth",
      "modify": -4.0,
      "operation": "ADDITION"
    },
    {
      "attribute": "footwork:evasion",
      "modify": 0.6,
      "operation": "ADDITION"
    },
    {
      "attribute": "footwork:max_fracture",
      "modify": 0.7,
      "operation": "ADDITION"
    },
    {
      "attribute": "footwork:max_posture",
      "modify": 1.5,
      "operation": "ADDITION"
    },
    {
      "attribute": "footwork:skill_effectiveness",
      "modify": 0.02,
      "operation": "MULTIPLY_BASE"
    }
  ],
  "gem_infusion:osmium_armor_boots": [
    {
      "attribute": "footwork:stealth",
      "modify": -6.0,
      "operation": "ADDITION"
    },
    {
      "attribute": "footwork:evasion",
      "modify": 1.0,
      "operation": "ADDITION"
    },
    {
      "attribute": "footwork:max_fracture",
      "modify": 1.8,
      "operation": "ADDITION"
    },
    {
      "attribute": "footwork:max_posture",
      "modify": 2.0,
      "operation": "ADDITION"
    },
    {
      "attribute": "footwork:posture_cooldown_speed",
      "modify": -0.1,
      "operation": "MULTIPLY_BASE"
    },
    {
      "attribute": "footwork:posture_regen",
      "modify": -0.1,
      "operation": "MULTIPLY_BASE"
    },
    {
      "attribute": "footwork:max_might",
      "modify": 0.5,
      "operation": "ADDITION"
    }
  ],
  "gem_infusion:mithril_armor_helmet": [
    {
      "attribute": "footwork:stealth",
      "modify": -2.0,
      "operation": "ADDITION"
    },
    {
      "attribute": "footwork:evasion",
      "modify": 0.8,
      "operation": "ADDITION"
    },
    {
      "attribute": "footwork:max_fracture",
      "modify": 0.2,
      "operation": "ADDITION"
    },
    {
      "attribute": "footwork:max_posture",
      "modify": 1.7,
      "operation": "ADDITION"
    },
    {
      "attribute": "footwork:posture_regen",
      "modify": 0.06,
      "operation": "MULTIPLY_BASE"
    }
  ]
}