{
  "gothic:guardian_armor_boots": [
    {
      "attribute": "footwork:stealth",
      "modify": -3.0,
      "operation": "ADDITION"
    },
    {
      "attribute": "footwork:max_fracture",
      "modify": 0.7,
      "operation": "ADDITION"
    },
    {
      "attribute": "footwork:posture_regen",
      "modify": 0.05,
      "operation": "MULTIPLY_BASE"
    },
    {
      "attribute": "footwork:max_might",
      "modify": 0.25,
      "operation": "ADDITION"
    },
    {
      "attribute": "footwork:skill_effectiveness",
      "modify": 0.03,
      "operation": "MULTIPLY_BASE"
    }
  ],
  "gothic:crawler_armor_leggings": [
    {
      "attribute": "footwork:stealth",
      "modify": -6.0,
      "operation": "ADDITION"
    },
    {
      "attribute": "footwork:evasion",
      "modify": 0.9,
      "operation": "ADDITION"
    },
    {
      "attribute": "footwork:max_fracture",
      "modify": 1.3,
      "operation": "ADDITION"
    },
    {
      "attribute": "footwork:max_posture",
      "modify": 2.2,
      "operation": "ADDITION"
    },
    {
      "attribute": "footwork:posture_gain",
      "modify": 0.1,
      "operation": "MULTIPLY_BASE"
    }
  ],
  "gothic:peasant_armor_leggings": [
    {
      "attribute": "footwork:stealth",
      "modify": -2.0,
      "operation": "ADDITION"
    },
    {
      "attribute": "footwork:max_fracture",
      "modify": 0.3,
      "operation": "ADDITION"
    },
    {
      "attribute": "footwork:posture_regen",
      "modify": 0.09,
      "operation": "MULTIPLY_BASE"
    }
  ],
  "gothic:citizen_armor_chestplate": [
    {
      "attribute": "footwork:stealth",
      "modify": -4.0,
      "operation": "ADDITION"
    },
    {
      "attribute": "footwork:evasion",
      "modify": 0.8,
      "operation": "ADDITION"
    },
    {
      "attribute": "footwork:max_fracture",
      "modify": 0.4,
      "operation": "ADDITION"
    },
    {
      "attribute": "footwork:max_posture",
      "modify": 2.4,
      "operation": "ADDITION"
    },
    {
      "attribute": "footwork:posture_regen",
      "modify": 0.11,
      "operation": "MULTIPLY_BASE"
    }
  ],
  "gothic:ravens_guard_armor_leggings": [
    {
      "attribute": "footwork:stealth",
      "modify": -5.0,
      "operation": "ADDITION"
    },
    {
      "attribute": "footwork:max_fracture",
      "modify": 1.3,
      "operation": "ADDITION"
    },
    {
      "attribute": "footwork:posture_regen",
      "modify": 0.08,
      "operation": "MULTIPLY_BASE"
    },
    {
      "attribute": "footwork:max_might",
      "modify": 0.5,
      "operation": "ADDITION"
    },
    {
      "attribute": "footwork:might_gen",
      "modify": 0.1,
      "operation": "MULTIPLY_BASE"
    },
    {
      "attribute": "footwork:skill_effectiveness",
      "modify": 0.08,
      "operation": "MULTIPLY_BASE"
    }
  ],
  "gothic:ravens_guard_armor_helmet": [
    {
      "attribute": "footwork:stealth",
      "modify": -3.0,
      "operation": "ADDITION"
    },
    {
      "attribute": "footwork:max_fracture",
      "modify": 0.8,
      "operation": "ADDITION"
    },
    {
      "attribute": "footwork:posture_regen",
      "modify": 0.06,
      "operation": "MULTIPLY_BASE"
    },
    {
      "attribute": "footwork:max_might",
      "modify": 0.25,
      "operation": "ADDITION"
    },
    {
      "attribute": "footwork:might_gen",
      "modify": 0.05,
      "operation": "MULTIPLY_BASE"
    },
    {
      "attribute": "footwork:skill_effectiveness",
      "modify": 0.06,
      "operation": "MULTIPLY_BASE"
    }
  ],
  "gothic:guardian_armor_leggings": [
    {
      "attribute": "footwork:stealth",
      "modify": -4.0,
      "operation": "ADDITION"
    },
    {
      "attribute": "footwork:max_fracture",
      "modify": 1.0,
      "operation": "ADDITION"
    },
    {
      "attribute": "footwork:posture_regen",
      "modify": 0.07,
      "operation": "MULTIPLY_BASE"
    },
    {
      "attribute": "footwork:max_might",
      "modify": 0.5,
      "operation": "ADDITION"
    },
    {
      "attribute": "footwork:skill_effectiveness",
      "modify": 0.04,
      "operation": "MULTIPLY_BASE"
    }
  ],
  "gothic:novice_armor_leggings": [
    {
      "attribute": "footwork:stealth",
      "modify": -2.0,
      "operation": "ADDITION"
    },
    {
      "attribute": "footwork:max_fracture",
      "modify": 0.3,
      "operation": "ADDITION"
    },
    {
      "attribute": "footwork:posture_regen",
      "modify": 0.09,
      "operation": "MULTIPLY_BASE"
    },
    {
      "attribute": "footwork:max_spirit",
      "modify": 0.5,
      "operation": "ADDITION"
    },
    {
      "attribute": "footwork:spirit_regen",
      "modify": 0.1,
      "operation": "MULTIPLY_BASE"
    },
    {
      "attribute": "footwork:skill_effectiveness",
      "modify": 0.04,
      "operation": "MULTIPLY_BASE"
    }
  ],
  "gothic:magic_ore_armor_boots": [
    {
      "attribute": "footwork:stealth",
      "modify": -4.0,
      "operation": "ADDITION"
    },
    {
      "attribute": "footwork:evasion",
      "modify": 0.4,
      "operation": "ADDITION"
    },
    {
      "attribute": "footwork:max_fracture",
      "modify": 0.8,
      "operation": "ADDITION"
    },
    {
      "attribute": "footwork:max_posture",
      "modify": 1.2,
      "operation": "ADDITION"
    },
    {
      "attribute": "footwork:posture_regen",
      "modify": 0.04,
      "operation": "MULTIPLY_BASE"
    },
    {
      "attribute": "footwork:skill_effectiveness",
      "modify": 0.03,
      "operation": "MULTIPLY_BASE"
    }
  ],
  "gothic:upgraded_magic_ore_armor_chestplate": [
    {
      "attribute": "footwork:stealth",
      "modify": -8.0,
      "operation": "ADDITION"
    },
    {
      "attribute": "footwork:evasion",
      "modify": 0.8,
      "operation": "ADDITION"
    },
    {
      "attribute": "footwork:max_fracture",
      "modify": 1.7,
      "operation": "ADDITION"
    },
    {
      "attribute": "footwork:max_posture",
      "modify": 2.4,
      "operation": "ADDITION"
    },
    {
      "attribute": "footwork:posture_regen",
      "modify": 0.08,
      "operation": "MULTIPLY_BASE"
    },
    {
      "attribute": "footwork:skill_effectiveness",
      "modify": 0.1,
      "operation": "MULTIPLY_BASE"
    }
  ],
  "gothic:peasant_armor_chestplate": [
    {
      "attribute": "footwork:stealth",
      "modify": -3.0,
      "operation": "ADDITION"
    },
    {
      "attribute": "footwork:max_fracture",
      "modify": 0.4,
      "operation": "ADDITION"
    },
    {
      "attribute": "footwork:posture_regen",
      "modify": 0.13,
      "operation": "MULTIPLY_BASE"
    }
  ],
  "gothic:guardian_armor_helmet": [
    {
      "attribute": "footwork:stealth",
      "modify": -3.0,
      "operation": "ADDITION"
    },
    {
      "attribute": "footwork:max_fracture",
      "modify": 0.7,
      "operation": "ADDITION"
    },
    {
      "attribute": "footwork:posture_regen",
      "modify": 0.05,
      "operation": "MULTIPLY_BASE"
    },
    {
      "attribute": "footwork:max_might",
      "modify": 0.25,
      "operation": "ADDITION"
    },
    {
      "attribute": "footwork:skill_effectiveness",
      "modify": 0.03,
      "operation": "MULTIPLY_BASE"
    }
  ],
  "gothic:crawler_armor_chestplate": [
    {
      "attribute": "footwork:stealth",
      "modify": -8.0,
      "operation": "ADDITION"
    },
    {
      "attribute": "footwork:evasion",
      "modify": 1.2,
      "operation": "ADDITION"
    },
    {
      "attribute": "footwork:max_fracture",
      "modify": 1.7,
      "operation": "ADDITION"
    },
    {
      "attribute": "footwork:max_posture",
      "modify": 2.9,
      "operation": "ADDITION"
    },
    {
      "attribute": "footwork:posture_gain",
      "modify": 0.1,
      "operation": "MULTIPLY_BASE"
    }
  ],
  "gothic:peasant_armor_helmet": [
    {
      "attribute": "footwork:stealth",
      "modify": -1.0,
      "operation": "ADDITION"
    },
    {
      "attribute": "footwork:max_fracture",
      "modify": 0.2,
      "operation": "ADDITION"
    },
    {
      "attribute": "footwork:posture_regen",
      "modify": 0.06,
      "operation": "MULTIPLY_BASE"
    }
  ],
  "gothic:guru_armor_boots": [
    {
      "attribute": "footwork:stealth",
      "modify": -3.0,
      "operation": "ADDITION"
    },
    {
      "attribute": "footwork:evasion",
      "modify": 0.4,
      "operation": "ADDITION"
    },
    {
      "attribute": "footwork:max_fracture",
      "modify": 0.5,
      "operation": "ADDITION"
    },
    {
      "attribute": "footwork:max_posture",
      "modify": 1.2,
      "operation": "ADDITION"
    },
    {
      "attribute": "footwork:posture_regen",
      "modify": 0.06,
      "operation": "MULTIPLY_BASE"
    },
    {
      "attribute": "footwork:max_spirit",
      "modify": 0.5,
      "operation": "ADDITION"
    },
    {
      "attribute": "footwork:spirit_regen",
      "modify": 0.05,
      "operation": "MULTIPLY_BASE"
    },
    {
      "attribute": "footwork:skill_effectiveness",
      "modify": 0.06,
      "operation": "MULTIPLY_BASE"
    }
  ],
  "gothic:citizen_armor_leggings": [
    {
      "attribute": "footwork:stealth",
      "modify": -3.0,
      "operation": "ADDITION"
    },
    {
      "attribute": "footwork:evasion",
      "modify": 0.6,
      "operation": "ADDITION"
    },
    {
      "attribute": "footwork:max_fracture",
      "modify": 0.3,
      "operation": "ADDITION"
    },
    {
      "attribute": "footwork:max_posture",
      "modify": 1.8,
      "operation": "ADDITION"
    },
    {
      "attribute": "footwork:posture_regen",
      "modify": 0.08,
      "operation": "MULTIPLY_BASE"
    }
  ],
  "gothic:guru_armor_helmet": [
    {
      "attribute": "footwork:stealth",
      "modify": -3.0,
      "operation": "ADDITION"
    },
    {
      "attribute": "footwork:evasion",
      "modify": 0.4,
      "operation": "ADDITION"
    },
    {
      "attribute": "footwork:max_fracture",
      "modify": 0.5,
      "operation": "ADDITION"
    },
    {
      "attribute": "footwork:max_posture",
      "modify": 1.2,
      "operation": "ADDITION"
    },
    {
      "attribute": "footwork:posture_regen",
      "modify": 0.06,
      "operation": "MULTIPLY_BASE"
    },
    {
      "attribute": "footwork:max_spirit",
      "modify": 0.5,
      "operation": "ADDITION"
    },
    {
      "attribute": "footwork:spirit_regen",
      "modify": 0.05,
      "operation": "MULTIPLY_BASE"
    },
    {
      "attribute": "footwork:skill_effectiveness",
      "modify": 0.06,
      "operation": "MULTIPLY_BASE"
    }
  ],
  "gothic:ghost_armor_chestplate": [
    {
      "attribute": "footwork:stealth",
      "modify": -4.0,
      "operation": "ADDITION"
    },
    {
      "attribute": "footwork:evasion",
      "modify": 0.8,
      "operation": "ADDITION"
    },
    {
      "attribute": "footwork:max_fracture",
      "modify": 0.4,
      "operation": "ADDITION"
    },
    {
      "attribute": "footwork:max_posture",
      "modify": 2.4,
      "operation": "ADDITION"
    },
    {
      "attribute": "footwork:posture_regen",
      "modify": 0.1,
      "operation": "MULTIPLY_BASE"
    },
    {
      "attribute": "footwork:skill_effectiveness",
      "modify": 0.05,
      "operation": "MULTIPLY_BASE"
    }
  ],
  "gothic:ghost_armor_helmet": [
    {
      "attribute": "footwork:stealth",
      "modify": -2.0,
      "operation": "ADDITION"
    },
    {
      "attribute": "footwork:evasion",
      "modify": 0.4,
      "operation": "ADDITION"
    },
    {
      "attribute": "footwork:max_fracture",
      "modify": 0.2,
      "operation": "ADDITION"
    },
    {
      "attribute": "footwork:max_posture",
      "modify": 1.2,
      "operation": "ADDITION"
    },
    {
      "attribute": "footwork:posture_regen",
      "modify": 0.05,
      "operation": "MULTIPLY_BASE"
    },
    {
      "attribute": "footwork:skill_effectiveness",
      "modify": 0.03,
      "operation": "MULTIPLY_BASE"
    }
  ],
  "gothic:upgraded_magic_ore_armor_leggings": [
    {
      "attribute": "footwork:stealth",
      "modify": -6.0,
      "operation": "ADDITION"
    },
    {
      "attribute": "footwork:evasion",
      "modify": 0.6,
      "operation": "ADDITION"
    },
    {
      "attribute": "footwork:max_fracture",
      "modify": 1.3,
      "operation": "ADDITION"
    },
    {
      "attribute": "footwork:max_posture",
      "modify": 1.8,
      "operation": "ADDITION"
    },
    {
      "attribute": "footwork:posture_regen",
      "modify": 0.06,
      "operation": "MULTIPLY_BASE"
    },
    {
      "attribute": "footwork:skill_effectiveness",
      "modify": 0.09,
      "operation": "MULTIPLY_BASE"
    }
  ],
  "gothic:guardian_armor_chestplate": [
    {
      "attribute": "footwork:stealth",
      "modify": -6.0,
      "operation": "ADDITION"
    },
    {
      "attribute": "footwork:max_fracture",
      "modify": 1.4,
      "operation": "ADDITION"
    },
    {
      "attribute": "footwork:posture_regen",
      "modify": 0.1,
      "operation": "MULTIPLY_BASE"
    },
    {
      "attribute": "footwork:max_might",
      "modify": 0.5,
      "operation": "ADDITION"
    },
    {
      "attribute": "footwork:skill_effectiveness",
      "modify": 0.05,
      "operation": "MULTIPLY_BASE"
    }
  ],
  "gothic:peasant_armor_boots": [
    {
      "attribute": "footwork:stealth",
      "modify": -1.0,
      "operation": "ADDITION"
    },
    {
      "attribute": "footwork:max_fracture",
      "modify": 0.2,
      "operation": "ADDITION"
    },
    {
      "attribute": "footwork:posture_regen",
      "modify": 0.06,
      "operation": "MULTIPLY_BASE"
    }
  ],
  "gothic:ghost_armor_leggings": [
    {
      "attribute": "footwork:stealth",
      "modify": -3.0,
      "operation": "ADDITION"
    },
    {
      "attribute": "footwork:evasion",
      "modify": 0.6,
      "operation": "ADDITION"
    },
    {
      "attribute": "footwork:max_fracture",
      "modify": 0.3,
      "operation": "ADDITION"
    },
    {
      "attribute": "footwork:max_posture",
      "modify": 1.8,
      "operation": "ADDITION"
    },
    {
      "attribute": "footwork:posture_regen",
      "modify": 0.07,
      "operation": "MULTIPLY_BASE"
    },
    {
      "attribute": "footwork:skill_effectiveness",
      "modify": 0.04,
      "operation": "MULTIPLY_BASE"
    }
  ],
  "gothic:magic_ore_armor_helmet": [
    {
      "attribute": "footwork:stealth",
      "modify": -4.0,
      "operation": "ADDITION"
    },
    {
      "attribute": "footwork:evasion",
      "modify": 0.4,
      "operation": "ADDITION"
    },
    {
      "attribute": "footwork:max_fracture",
      "modify": 0.8,
      "operation": "ADDITION"
    },
    {
      "attribute": "footwork:max_posture",
      "modify": 1.2,
      "operation": "ADDITION"
    },
    {
      "attribute": "footwork:posture_regen",
      "modify": 0.04,
      "operation": "MULTIPLY_BASE"
    },
    {
      "attribute": "footwork:skill_effectiveness",
      "modify": 0.03,
      "operation": "MULTIPLY_BASE"
    }
  ],
  "gothic:novice_armor_chestplate": [
    {
      "attribute": "footwork:stealth",
      "modify": -3.0,
      "operation": "ADDITION"
    },
    {
      "attribute": "footwork:max_fracture",
      "modify": 0.4,
      "operation": "ADDITION"
    },
    {
      "attribute": "footwork:posture_regen",
      "modify": 0.13,
      "operation": "MULTIPLY_BASE"
    },
    {
      "attribute": "footwork:max_spirit",
      "modify": 0.5,
      "operation": "ADDITION"
    },
    {
      "attribute": "footwork:spirit_regen",
      "modify": 0.1,
      "operation": "MULTIPLY_BASE"
    },
    {
      "attribute": "footwork:skill_effectiveness",
      "modify": 0.05,
      "operation": "MULTIPLY_BASE"
    }
  ],
  "gothic:upgraded_magic_ore_armor_helmet": [
    {
      "attribute": "footwork:stealth",
      "modify": -4.0,
      "operation": "ADDITION"
    },
    {
      "attribute": "footwork:evasion",
      "modify": 0.4,
      "operation": "ADDITION"
    },
    {
      "attribute": "footwork:max_fracture",
      "modify": 0.8,
      "operation": "ADDITION"
    },
    {
      "attribute": "footwork:max_posture",
      "modify": 1.2,
      "operation": "ADDITION"
    },
    {
      "attribute": "footwork:posture_regen",
      "modify": 0.04,
      "operation": "MULTIPLY_BASE"
    },
    {
      "attribute": "footwork:skill_effectiveness",
      "modify": 0.06,
      "operation": "MULTIPLY_BASE"
    }
  ],
  "gothic:miner_leggings": [
    {
      "attribute": "footwork:stealth",
      "modify": -2.0,
      "operation": "ADDITION"
    },
    {
      "attribute": "footwork:max_fracture",
      "modify": 0.3,
      "operation": "ADDITION"
    },
    {
      "attribute": "footwork:posture_regen",
      "modify": 0.08,
      "operation": "MULTIPLY_BASE"
    }
  ],
  "gothic:guru_armor_leggings": [
    {
      "attribute": "footwork:stealth",
      "modify": -5.0,
      "operation": "ADDITION"
    },
    {
      "attribute": "footwork:evasion",
      "modify": 0.6,
      "operation": "ADDITION"
    },
    {
      "attribute": "footwork:max_fracture",
      "modify": 0.8,
      "operation": "ADDITION"
    },
    {
      "attribute": "footwork:max_posture",
      "modify": 1.8,
      "operation": "ADDITION"
    },
    {
      "attribute": "footwork:posture_regen",
      "modify": 0.09,
      "operation": "MULTIPLY_BASE"
    },
    {
      "attribute": "footwork:max_spirit",
      "modify": 1.0,
      "operation": "ADDITION"
    },
    {
      "attribute": "footwork:spirit_regen",
      "modify": 0.1,
      "operation": "MULTIPLY_BASE"
    },
    {
      "attribute": "footwork:skill_effectiveness",
      "modify": 0.08,
      "operation": "MULTIPLY_BASE"
    }
  ],
  "gothic:ravens_guard_armor_chestplate": [
    {
      "attribute": "footwork:stealth",
      "modify": -7.0,
      "operation": "ADDITION"
    },
    {
      "attribute": "footwork:max_fracture",
      "modify": 1.7,
      "operation": "ADDITION"
    },
    {
      "attribute": "footwork:posture_regen",
      "modify": 0.11,
      "operation": "MULTIPLY_BASE"
    },
    {
      "attribute": "footwork:max_might",
      "modify": 0.5,
      "operation": "ADDITION"
    },
    {
      "attribute": "footwork:might_gen",
      "modify": 0.1,
      "operation": "MULTIPLY_BASE"
    },
    {
      "attribute": "footwork:skill_effectiveness",
      "modify": 0.09,
      "operation": "MULTIPLY_BASE"
    }
  ],
  "gothic:crawler_armor_boots": [
    {
      "attribute": "footwork:stealth",
      "modify": -4.0,
      "operation": "ADDITION"
    },
    {
      "attribute": "footwork:evasion",
      "modify": 0.6,
      "operation": "ADDITION"
    },
    {
      "attribute": "footwork:max_fracture",
      "modify": 0.8,
      "operation": "ADDITION"
    },
    {
      "attribute": "footwork:max_posture",
      "modify": 1.5,
      "operation": "ADDITION"
    },
    {
      "attribute": "footwork:posture_gain",
      "modify": 0.05,
      "operation": "MULTIPLY_BASE"
    }
  ],
  "gothic:magic_ore_armor_leggings": [
    {
      "attribute": "footwork:stealth",
      "modify": -6.0,
      "operation": "ADDITION"
    },
    {
      "attribute": "footwork:evasion",
      "modify": 0.6,
      "operation": "ADDITION"
    },
    {
      "attribute": "footwork:max_fracture",
      "modify": 1.3,
      "operation": "ADDITION"
    },
    {
      "attribute": "footwork:max_posture",
      "modify": 1.8,
      "operation": "ADDITION"
    },
    {
      "attribute": "footwork:posture_regen",
      "modify": 0.06,
      "operation": "MULTIPLY_BASE"
    },
    {
      "attribute": "footwork:skill_effectiveness",
      "modify": 0.04,
      "operation": "MULTIPLY_BASE"
    }
  ],
  "gothic:citizen_armor_boots": [
    {
      "attribute": "footwork:stealth",
      "modify": -2.0,
      "operation": "ADDITION"
    },
    {
      "attribute": "footwork:evasion",
      "modify": 0.4,
      "operation": "ADDITION"
    },
    {
      "attribute": "footwork:max_fracture",
      "modify": 0.2,
      "operation": "ADDITION"
    },
    {
      "attribute": "footwork:max_posture",
      "modify": 1.2,
      "operation": "ADDITION"
    },
    {
      "attribute": "footwork:posture_regen",
      "modify": 0.06,
      "operation": "MULTIPLY_BASE"
    }
  ],
  "gothic:novice_armor_helmet": [
    {
      "attribute": "footwork:stealth",
      "modify": -1.0,
      "operation": "ADDITION"
    },
    {
      "attribute": "footwork:max_fracture",
      "modify": 0.2,
      "operation": "ADDITION"
    },
    {
      "attribute": "footwork:posture_regen",
      "modify": 0.06,
      "operation": "MULTIPLY_BASE"
    },
    {
      "attribute": "footwork:max_spirit",
      "modify": 0.25,
      "operation": "ADDITION"
    },
    {
      "attribute": "footwork:spirit_regen",
      "modify": 0.05,
      "operation": "MULTIPLY_BASE"
    },
    {
      "attribute": "footwork:skill_effectiveness",
      "modify": 0.03,
      "operation": "MULTIPLY_BASE"
    }
  ],
  "gothic:citizen_armor_helmet": [
    {
      "attribute": "footwork:stealth",
      "modify": -2.0,
      "operation": "ADDITION"
    },
    {
      "attribute": "footwork:evasion",
      "modify": 0.4,
      "operation": "ADDITION"
    },
    {
      "attribute": "footwork:max_fracture",
      "modify": 0.2,
      "operation": "ADDITION"
    },
    {
      "attribute": "footwork:max_posture",
      "modify": 1.2,
      "operation": "ADDITION"
    },
    {
      "attribute": "footwork:posture_regen",
      "modify": 0.06,
      "operation": "MULTIPLY_BASE"
    }
  ],
  "gothic:ghost_armor_boots": [
    {
      "attribute": "footwork:stealth",
      "modify": -2.0,
      "operation": "ADDITION"
    },
    {
      "attribute": "footwork:evasion",
      "modify": 0.4,
      "operation": "ADDITION"
    },
    {
      "attribute": "footwork:max_fracture",
      "modify": 0.2,
      "operation": "ADDITION"
    },
    {
      "attribute": "footwork:max_posture",
      "modify": 1.2,
      "operation": "ADDITION"
    },
    {
      "attribute": "footwork:posture_regen",
      "modify": 0.05,
      "operation": "MULTIPLY_BASE"
    },
    {
      "attribute": "footwork:skill_effectiveness",
      "modify": 0.03,
      "operation": "MULTIPLY_BASE"
    }
  ],
  "gothic:guru_armor_chestplate": [
    {
      "attribute": "footwork:stealth",
      "modify": -6.0,
      "operation": "ADDITION"
    },
    {
      "attribute": "footwork:evasion",
      "modify": 0.8,
      "operation": "ADDITION"
    },
    {
      "attribute": "footwork:max_fracture",
      "modify": 1.0,
      "operation": "ADDITION"
    },
    {
      "attribute": "footwork:max_posture",
      "modify": 2.4,
      "operation": "ADDITION"
    },
    {
      "attribute": "footwork:posture_regen",
      "modify": 0.13,
      "operation": "MULTIPLY_BASE"
    },
    {
      "attribute": "footwork:max_spirit",
      "modify": 1.0,
      "operation": "ADDITION"
    },
    {
      "attribute": "footwork:spirit_regen",
      "modify": 0.1,
      "operation": "MULTIPLY_BASE"
    },
    {
      "attribute": "footwork:skill_effectiveness",
      "modify": 0.09,
      "operation": "MULTIPLY_BASE"
    }
  ],
  "gothic:ravens_guard_armor_boots": [
    {
      "attribute": "footwork:stealth",
      "modify": -3.0,
      "operation": "ADDITION"
    },
    {
      "attribute": "footwork:max_fracture",
      "modify": 0.8,
      "operation": "ADDITION"
    },
    {
      "attribute": "footwork:posture_regen",
      "modify": 0.06,
      "operation": "MULTIPLY_BASE"
    },
    {
      "attribute": "footwork:max_might",
      "modify": 0.25,
      "operation": "ADDITION"
    },
    {
      "attribute": "footwork:might_gen",
      "modify": 0.05,
      "operation": "MULTIPLY_BASE"
    },
    {
      "attribute": "footwork:skill_effectiveness",
      "modify": 0.06,
      "operation": "MULTIPLY_BASE"
    }
  ],
  "gothic:novice_armor_boots": [
    {
      "attribute": "footwork:stealth",
      "modify": -1.0,
      "operation": "ADDITION"
    },
    {
      "attribute": "footwork:max_fracture",
      "modify": 0.2,
      "operation": "ADDITION"
    },
    {
      "attribute": "footwork:posture_regen",
      "modify": 0.06,
      "operation": "MULTIPLY_BASE"
    },
    {
      "attribute": "footwork:max_spirit",
      "modify": 0.25,
      "operation": "ADDITION"
    },
    {
      "attribute": "footwork:spirit_regen",
      "modify": 0.05,
      "operation": "MULTIPLY_BASE"
    },
    {
      "attribute": "footwork:skill_effectiveness",
      "modify": 0.03,
      "operation": "MULTIPLY_BASE"
    }
  ],
  "gothic:magic_ore_armor_chestplate": [
    {
      "attribute": "footwork:stealth",
      "modify": -8.0,
      "operation": "ADDITION"
    },
    {
      "attribute": "footwork:evasion",
      "modify": 0.8,
      "operation": "ADDITION"
    },
    {
      "attribute": "footwork:max_fracture",
      "modify": 1.7,
      "operation": "ADDITION"
    },
    {
      "attribute": "footwork:max_posture",
      "modify": 2.4,
      "operation": "ADDITION"
    },
    {
      "attribute": "footwork:posture_regen",
      "modify": 0.08,
      "operation": "MULTIPLY_BASE"
    },
    {
      "attribute": "footwork:skill_effectiveness",
      "modify": 0.05,
      "operation": "MULTIPLY_BASE"
    }
  ],
  "gothic:upgraded_magic_ore_armor_boots": [
    {
      "attribute": "footwork:stealth",
      "modify": -4.0,
      "operation": "ADDITION"
    },
    {
      "attribute": "footwork:evasion",
      "modify": 0.4,
      "operation": "ADDITION"
    },
    {
      "attribute": "footwork:max_fracture",
      "modify": 0.8,
      "operation": "ADDITION"
    },
    {
      "attribute": "footwork:max_posture",
      "modify": 1.2,
      "operation": "ADDITION"
    },
    {
      "attribute": "footwork:posture_regen",
      "modify": 0.04,
      "operation": "MULTIPLY_BASE"
    },
    {
      "attribute": "footwork:skill_effectiveness",
      "modify": 0.06,
      "operation": "MULTIPLY_BASE"
    }
  ]
}