{
  "immersive_armors:robe_helmet": [
    {
      "attribute": "footwork:stealth",
      "modify": -1.0,
      "operation": "ADDITION"
    },
    {
      "attribute": "footwork:max_fracture",
      "modify": 0.2,
      "operation": "ADDITION"
    },
    {
      "attribute": "footwork:posture_regen",
      "modify": 0.07,
      "operation": "MULTIPLY_BASE"
    },
    {
      "attribute": "footwork:max_spirit",
      "modify": 0.25,
      "operation": "ADDITION"
    },
    {
      "attribute": "footwork:spirit_cooldown_speed",
      "modify": 0.1,
      "operation": "MULTIPLY_BASE"
    },
    {
      "attribute": "footwork:skill_effectiveness",
      "modify": 0.03,
      "operation": "MULTIPLY_BASE"
    }
  ],
  "immersive_armors:slime_chestplate": [
    {
      "attribute": "footwork:stealth",
      "modify": -6.0,
      "operation": "ADDITION"
    },
    {
      "attribute": "footwork:evasion",
      "modify": 1.6,
      "operation": "ADDITION"
    },
    {
      "attribute": "footwork:max_fracture",
      "modify": 1.0,
      "operation": "ADDITION"
    },
    {
      "attribute": "footwork:max_posture",
      "modify": 3.4,
      "operation": "ADDITION"
    }
  ],
  "immersive_armors:wooden_chestplate": [
    {
      "attribute": "footwork:stealth",
      "modify": -5.0,
      "operation": "ADDITION"
    },
    {
      "attribute": "footwork:evasion",
      "modify": 1.6,
      "operation": "ADDITION"
    },
    {
      "attribute": "footwork:max_fracture",
      "modify": 0.4,
      "operation": "ADDITION"
    },
    {
      "attribute": "footwork:max_posture",
      "modify": 3.4,
      "operation": "ADDITION"
    }
  ],
  "immersive_armors:heavy_boots": [
    {
      "attribute": "footwork:stealth",
      "modify": -8.0,
      "operation": "ADDITION"
    },
    {
      "attribute": "footwork:evasion",
      "modify": 0.6,
      "operation": "ADDITION"
    },
    {
      "attribute": "footwork:max_fracture",
      "modify": 1.2,
      "operation": "ADDITION"
    },
    {
      "attribute": "footwork:max_posture",
      "modify": 1.5,
      "operation": "ADDITION"
    },
    {
      "attribute": "footwork:max_might",
      "modify": 0.25,
      "operation": "ADDITION"
    },
    {
      "attribute": "footwork:might_gen",
      "modify": 0.05,
      "operation": "MULTIPLY_BASE"
    }
  ],
  "immersive_armors:divine_helmet": [
    {
      "attribute": "footwork:stealth",
      "modify": -2.0,
      "operation": "ADDITION"
    },
    {
      "attribute": "footwork:evasion",
      "modify": 0.5,
      "operation": "ADDITION"
    },
    {
      "attribute": "footwork:max_fracture",
      "modify": 0.2,
      "operation": "ADDITION"
    },
    {
      "attribute": "footwork:max_posture",
      "modify": 1.3,
      "operation": "ADDITION"
    },
    {
      "attribute": "footwork:posture_regen",
      "modify": 0.06,
      "operation": "MULTIPLY_BASE"
    },
    {
      "attribute": "footwork:max_spirit",
      "modify": 0.25,
      "operation": "ADDITION"
    },
    {
      "attribute": "footwork:spirit_cooldown_speed",
      "modify": 0.1,
      "operation": "MULTIPLY_BASE"
    },
    {
      "attribute": "footwork:skill_effectiveness",
      "modify": 0.05,
      "operation": "MULTIPLY_BASE"
    }
  ],
  "immersive_armors:wither_boots": [
    {
      "attribute": "footwork:stealth",
      "modify": -1.0,
      "operation": "ADDITION"
    },
    {
      "attribute": "footwork:evasion",
      "modify": 0.4,
      "operation": "ADDITION"
    },
    {
      "attribute": "footwork:max_fracture",
      "modify": 0.2,
      "operation": "ADDITION"
    },
    {
      "attribute": "footwork:max_posture",
      "modify": 1.2,
      "operation": "ADDITION"
    },
    {
      "attribute": "footwork:posture_regen",
      "modify": 0.06,
      "operation": "MULTIPLY_BASE"
    },
    {
      "attribute": "footwork:skill_effectiveness",
      "modify": 0.03,
      "operation": "MULTIPLY_BASE"
    }
  ],
  "immersive_armors:warrior_leggings": [
    {
      "attribute": "footwork:stealth",
      "modify": -4.0,
      "operation": "ADDITION"
    },
    {
      "attribute": "footwork:evasion",
      "modify": 1.2,
      "operation": "ADDITION"
    },
    {
      "attribute": "footwork:max_fracture",
      "modify": 0.3,
      "operation": "ADDITION"
    },
    {
      "attribute": "footwork:max_posture",
      "modify": 2.5,
      "operation": "ADDITION"
    },
    {
      "attribute": "footwork:posture_regen",
      "modify": 0.07,
      "operation": "MULTIPLY_BASE"
    },
    {
      "attribute": "footwork:skill_effectiveness",
      "modify": 0.04,
      "operation": "MULTIPLY_BASE"
    }
  ],
  "immersive_armors:wooden_leggings": [
    {
      "attribute": "footwork:stealth",
      "modify": -3.0,
      "operation": "ADDITION"
    },
    {
      "attribute": "footwork:evasion",
      "modify": 1.2,
      "operation": "ADDITION"
    },
    {
      "attribute": "footwork:max_fracture",
      "modify": 0.3,
      "operation": "ADDITION"
    },
    {
      "attribute": "footwork:max_posture",
      "modify": 2.5,
      "operation": "ADDITION"
    }
  ],
  "immersive_armors:slime_boots": [
    {
      "attribute": "footwork:stealth",
      "modify": -2.0,
      "operation": "ADDITION"
    },
    {
      "attribute": "footwork:evasion",
      "modify": 0.8,
      "operation": "ADDITION"
    },
    {
      "attribute": "footwork:max_fracture",
      "modify": 0.5,
      "operation": "ADDITION"
    },
    {
      "attribute": "footwork:max_posture",
      "modify": 1.7,
      "operation": "ADDITION"
    }
  ],
  "immersive_armors:wooden_helmet": [
    {
      "attribute": "footwork:stealth",
      "modify": -2.0,
      "operation": "ADDITION"
    },
    {
      "attribute": "footwork:evasion",
      "modify": 0.8,
      "operation": "ADDITION"
    },
    {
      "attribute": "footwork:max_fracture",
      "modify": 0.2,
      "operation": "ADDITION"
    },
    {
      "attribute": "footwork:max_posture",
      "modify": 1.7,
      "operation": "ADDITION"
    }
  ],
  "immersive_armors:divine_chestplate": [
    {
      "attribute": "footwork:stealth",
      "modify": -4.0,
      "operation": "ADDITION"
    },
    {
      "attribute": "footwork:evasion",
      "modify": 1.0,
      "operation": "ADDITION"
    },
    {
      "attribute": "footwork:max_fracture",
      "modify": 0.4,
      "operation": "ADDITION"
    },
    {
      "attribute": "footwork:max_posture",
      "modify": 2.7,
      "operation": "ADDITION"
    },
    {
      "attribute": "footwork:posture_regen",
      "modify": 0.13,
      "operation": "MULTIPLY_BASE"
    },
    {
      "attribute": "footwork:max_spirit",
      "modify": 0.5,
      "operation": "ADDITION"
    },
    {
      "attribute": "footwork:spirit_cooldown_speed",
      "modify": 0.1,
      "operation": "MULTIPLY_BASE"
    },
    {
      "attribute": "footwork:skill_effectiveness",
      "modify": 0.08,
      "operation": "MULTIPLY_BASE"
    }
  ],
  "immersive_armors:warrior_chestplate": [
    {
      "attribute": "footwork:stealth",
      "modify": -5.0,
      "operation": "ADDITION"
    },
    {
      "attribute": "footwork:evasion",
      "modify": 1.6,
      "operation": "ADDITION"
    },
    {
      "attribute": "footwork:max_fracture",
      "modify": 0.4,
      "operation": "ADDITION"
    },
    {
      "attribute": "footwork:max_posture",
      "modify": 3.4,
      "operation": "ADDITION"
    },
    {
      "attribute": "footwork:posture_regen",
      "modify": 0.1,
      "operation": "MULTIPLY_BASE"
    },
    {
      "attribute": "footwork:skill_effectiveness",
      "modify": 0.05,
      "operation": "MULTIPLY_BASE"
    }
  ],
  "immersive_armors:steampunk_leggings": [
    {
      "attribute": "footwork:stealth",
      "modify": -4.0,
      "operation": "ADDITION"
    },
    {
      "attribute": "footwork:evasion",
      "modify": 0.9,
      "operation": "ADDITION"
    },
    {
      "attribute": "footwork:max_fracture",
      "modify": 0.7,
      "operation": "ADDITION"
    },
    {
      "attribute": "footwork:max_posture",
      "modify": 2.2,
      "operation": "ADDITION"
    },
    {
      "attribute": "footwork:posture_regen",
      "modify": 0.05,
      "operation": "MULTIPLY_BASE"
    },
    {
      "attribute": "footwork:posture_gain",
      "modify": 0.2,
      "operation": "MULTIPLY_BASE"
    },
    {
      "attribute": "footwork:spirit_gain",
      "modify": 0.2,
      "operation": "MULTIPLY_BASE"
    },
    {
      "attribute": "footwork:might_gen",
      "modify": 0.05,
      "operation": "MULTIPLY_BASE"
    },
    {
      "attribute": "footwork:skill_effectiveness",
      "modify": 0.04,
      "operation": "MULTIPLY_BASE"
    }
  ],
  "immersive_armors:heavy_helmet": [
    {
      "attribute": "footwork:stealth",
      "modify": -8.0,
      "operation": "ADDITION"
    },
    {
      "attribute": "footwork:evasion",
      "modify": 0.6,
      "operation": "ADDITION"
    },
    {
      "attribute": "footwork:max_fracture",
      "modify": 1.2,
      "operation": "ADDITION"
    },
    {
      "attribute": "footwork:max_posture",
      "modify": 1.5,
      "operation": "ADDITION"
    },
    {
      "attribute": "footwork:max_might",
      "modify": 0.25,
      "operation": "ADDITION"
    },
    {
      "attribute": "footwork:might_gen",
      "modify": 0.05,
      "operation": "MULTIPLY_BASE"
    }
  ],
  "immersive_armors:wither_leggings": [
    {
      "attribute": "footwork:stealth",
      "modify": -2.0,
      "operation": "ADDITION"
    },
    {
      "attribute": "footwork:evasion",
      "modify": 0.6,
      "operation": "ADDITION"
    },
    {
      "attribute": "footwork:max_fracture",
      "modify": 0.3,
      "operation": "ADDITION"
    },
    {
      "attribute": "footwork:max_posture",
      "modify": 1.8,
      "operation": "ADDITION"
    },
    {
      "attribute": "footwork:posture_regen",
      "modify": 0.08,
      "operation": "MULTIPLY_BASE"
    },
    {
      "attribute": "footwork:skill_effectiveness",
      "modify": 0.04,
      "operation": "MULTIPLY_BASE"
    }
  ],
  "immersive_armors:bone_chestplate": [
    {
      "attribute": "footwork:stealth",
      "modify": -3.0,
      "operation": "ADDITION"
    },
    {
      "attribute": "footwork:evasion",
      "modify": 0.6,
      "operation": "ADDITION"
    },
    {
      "attribute": "footwork:max_fracture",
      "modify": 0.4,
      "operation": "ADDITION"
    },
    {
      "attribute": "footwork:max_posture",
      "modify": 2.1,
      "operation": "ADDITION"
    },
    {
      "attribute": "footwork:posture_regen",
      "modify": 0.11,
      "operation": "MULTIPLY_BASE"
    }
  ],
  "immersive_armors:divine_leggings": [
    {
      "attribute": "footwork:stealth",
      "modify": -3.0,
      "operation": "ADDITION"
    },
    {
      "attribute": "footwork:evasion",
      "modify": 0.8,
      "operation": "ADDITION"
    },
    {
      "attribute": "footwork:max_fracture",
      "modify": 0.3,
      "operation": "ADDITION"
    },
    {
      "attribute": "footwork:max_posture",
      "modify": 2.0,
      "operation": "ADDITION"
    },
    {
      "attribute": "footwork:posture_regen",
      "modify": 0.09,
      "operation": "MULTIPLY_BASE"
    },
    {
      "attribute": "footwork:max_spirit",
      "modify": 0.5,
      "operation": "ADDITION"
    },
    {
      "attribute": "footwork:spirit_cooldown_speed",
      "modify": 0.1,
      "operation": "MULTIPLY_BASE"
    },
    {
      "attribute": "footwork:skill_effectiveness",
      "modify": 0.07,
      "operation": "MULTIPLY_BASE"
    }
  ],
  "immersive_armors:prismarine_boots": [
    {
      "attribute": "footwork:stealth",
      "modify": -4.0,
      "operation": "ADDITION"
    },
    {
      "attribute": "footwork:max_fracture",
      "modify": 1.0,
      "operation": "ADDITION"
    },
    {
      "attribute": "footwork:posture_regen",
      "modify": 0.02,
      "operation": "MULTIPLY_BASE"
    },
    {
      "attribute": "footwork:posture_gain",
      "modify": 0.1,
      "operation": "MULTIPLY_BASE"
    },
    {
      "attribute": "footwork:skill_effectiveness",
      "modify": 0.03,
      "operation": "MULTIPLY_BASE"
    }
  ],
  "immersive_armors:warrior_boots": [
    {
      "attribute": "footwork:stealth",
      "modify": -2.0,
      "operation": "ADDITION"
    },
    {
      "attribute": "footwork:evasion",
      "modify": 0.8,
      "operation": "ADDITION"
    },
    {
      "attribute": "footwork:max_fracture",
      "modify": 0.2,
      "operation": "ADDITION"
    },
    {
      "attribute": "footwork:max_posture",
      "modify": 1.7,
      "operation": "ADDITION"
    },
    {
      "attribute": "footwork:posture_regen",
      "modify": 0.05,
      "operation": "MULTIPLY_BASE"
    },
    {
      "attribute": "footwork:skill_effectiveness",
      "modify": 0.03,
      "operation": "MULTIPLY_BASE"
    }
  ],
  "immersive_armors:steampunk_chestplate": [
    {
      "attribute": "footwork:stealth",
      "modify": -6.0,
      "operation": "ADDITION"
    },
    {
      "attribute": "footwork:evasion",
      "modify": 1.2,
      "operation": "ADDITION"
    },
    {
      "attribute": "footwork:max_fracture",
      "modify": 0.9,
      "operation": "ADDITION"
    },
    {
      "attribute": "footwork:max_posture",
      "modify": 2.9,
      "operation": "ADDITION"
    },
    {
      "attribute": "footwork:posture_regen",
      "modify": 0.07,
      "operation": "MULTIPLY_BASE"
    },
    {
      "attribute": "footwork:posture_gain",
      "modify": 0.3,
      "operation": "MULTIPLY_BASE"
    },
    {
      "attribute": "footwork:spirit_gain",
      "modify": 0.3,
      "operation": "MULTIPLY_BASE"
    },
    {
      "attribute": "footwork:might_gen",
      "modify": 0.05,
      "operation": "MULTIPLY_BASE"
    },
    {
      "attribute": "footwork:skill_effectiveness",
      "modify": 0.05,
      "operation": "MULTIPLY_BASE"
    }
  ],
  "immersive_armors:robe_boots": [
    {
      "attribute": "footwork:stealth",
      "modify": -1.0,
      "operation": "ADDITION"
    },
    {
      "attribute": "footwork:max_fracture",
      "modify": 0.2,
      "operation": "ADDITION"
    },
    {
      "attribute": "footwork:posture_regen",
      "modify": 0.07,
      "operation": "MULTIPLY_BASE"
    },
    {
      "attribute": "footwork:max_spirit",
      "modify": 0.25,
      "operation": "ADDITION"
    },
    {
      "attribute": "footwork:spirit_cooldown_speed",
      "modify": 0.1,
      "operation": "MULTIPLY_BASE"
    },
    {
      "attribute": "footwork:skill_effectiveness",
      "modify": 0.03,
      "operation": "MULTIPLY_BASE"
    }
  ],
  "immersive_armors:robe_leggings": [
    {
      "attribute": "footwork:stealth",
      "modify": -2.0,
      "operation": "ADDITION"
    },
    {
      "attribute": "footwork:max_fracture",
      "modify": 0.3,
      "operation": "ADDITION"
    },
    {
      "attribute": "footwork:posture_regen",
      "modify": 0.1,
      "operation": "MULTIPLY_BASE"
    },
    {
      "attribute": "footwork:max_spirit",
      "modify": 0.5,
      "operation": "ADDITION"
    },
    {
      "attribute": "footwork:spirit_cooldown_speed",
      "modify": 0.1,
      "operation": "MULTIPLY_BASE"
    },
    {
      "attribute": "footwork:skill_effectiveness",
      "modify": 0.04,
      "operation": "MULTIPLY_BASE"
    }
  ],
  "immersive_armors:slime_helmet": [
    {
      "attribute": "footwork:stealth",
      "modify": -2.0,
      "operation": "ADDITION"
    },
    {
      "attribute": "footwork:evasion",
      "modify": 0.8,
      "operation": "ADDITION"
    },
    {
      "attribute": "footwork:max_fracture",
      "modify": 0.5,
      "operation": "ADDITION"
    },
    {
      "attribute": "footwork:max_posture",
      "modify": 1.7,
      "operation": "ADDITION"
    }
  ],
  "immersive_armors:bone_boots": [
    {
      "attribute": "footwork:stealth",
      "modify": -1.0,
      "operation": "ADDITION"
    },
    {
      "attribute": "footwork:evasion",
      "modify": 0.3,
      "operation": "ADDITION"
    },
    {
      "attribute": "footwork:max_fracture",
      "modify": 0.2,
      "operation": "ADDITION"
    },
    {
      "attribute": "footwork:max_posture",
      "modify": 1.0,
      "operation": "ADDITION"
    },
    {
      "attribute": "footwork:posture_regen",
      "modify": 0.05,
      "operation": "MULTIPLY_BASE"
    }
  ],
  "immersive_armors:wither_helmet": [
    {
      "attribute": "footwork:stealth",
      "modify": -1.0,
      "operation": "ADDITION"
    },
    {
      "attribute": "footwork:evasion",
      "modify": 0.4,
      "operation": "ADDITION"
    },
    {
      "attribute": "footwork:max_fracture",
      "modify": 0.2,
      "operation": "ADDITION"
    },
    {
      "attribute": "footwork:max_posture",
      "modify": 1.2,
      "operation": "ADDITION"
    },
    {
      "attribute": "footwork:posture_regen",
      "modify": 0.06,
      "operation": "MULTIPLY_BASE"
    },
    {
      "attribute": "footwork:skill_effectiveness",
      "modify": 0.03,
      "operation": "MULTIPLY_BASE"
    }
  ],
  "immersive_armors:robe_chestplate": [
    {
      "attribute": "footwork:stealth",
      "modify": -3.0,
      "operation": "ADDITION"
    },
    {
      "attribute": "footwork:max_fracture",
      "modify": 0.4,
      "operation": "ADDITION"
    },
    {
      "attribute": "footwork:posture_regen",
      "modify": 0.14,
      "operation": "MULTIPLY_BASE"
    },
    {
      "attribute": "footwork:max_spirit",
      "modify": 0.5,
      "operation": "ADDITION"
    },
    {
      "attribute": "footwork:spirit_cooldown_speed",
      "modify": 0.1,
      "operation": "MULTIPLY_BASE"
    },
    {
      "attribute": "footwork:skill_effectiveness",
      "modify": 0.05,
      "operation": "MULTIPLY_BASE"
    }
  ],
  "immersive_armors:prismarine_leggings": [
    {
      "attribute": "footwork:stealth",
      "modify": -6.0,
      "operation": "ADDITION"
    },
    {
      "attribute": "footwork:max_fracture",
      "modify": 1.5,
      "operation": "ADDITION"
    },
    {
      "attribute": "footwork:posture_regen",
      "modify": 0.03,
      "operation": "MULTIPLY_BASE"
    },
    {
      "attribute": "footwork:posture_gain",
      "modify": 0.2,
      "operation": "MULTIPLY_BASE"
    },
    {
      "attribute": "footwork:skill_effectiveness",
      "modify": 0.04,
      "operation": "MULTIPLY_BASE"
    }
  ],
  "immersive_armors:wooden_boots": [
    {
      "attribute": "footwork:stealth",
      "modify": -2.0,
      "operation": "ADDITION"
    },
    {
      "attribute": "footwork:evasion",
      "modify": 0.8,
      "operation": "ADDITION"
    },
    {
      "attribute": "footwork:max_fracture",
      "modify": 0.2,
      "operation": "ADDITION"
    },
    {
      "attribute": "footwork:max_posture",
      "modify": 1.7,
      "operation": "ADDITION"
    }
  ],
  "immersive_armors:bone_helmet": [
    {
      "attribute": "footwork:stealth",
      "modify": -1.0,
      "operation": "ADDITION"
    },
    {
      "attribute": "footwork:evasion",
      "modify": 0.3,
      "operation": "ADDITION"
    },
    {
      "attribute": "footwork:max_fracture",
      "modify": 0.2,
      "operation": "ADDITION"
    },
    {
      "attribute": "footwork:max_posture",
      "modify": 1.0,
      "operation": "ADDITION"
    },
    {
      "attribute": "footwork:posture_regen",
      "modify": 0.05,
      "operation": "MULTIPLY_BASE"
    }
  ],
  "immersive_armors:wither_chestplate": [
    {
      "attribute": "footwork:stealth",
      "modify": -3.0,
      "operation": "ADDITION"
    },
    {
      "attribute": "footwork:evasion",
      "modify": 0.8,
      "operation": "ADDITION"
    },
    {
      "attribute": "footwork:max_fracture",
      "modify": 0.4,
      "operation": "ADDITION"
    },
    {
      "attribute": "footwork:max_posture",
      "modify": 2.4,
      "operation": "ADDITION"
    },
    {
      "attribute": "footwork:posture_regen",
      "modify": 0.11,
      "operation": "MULTIPLY_BASE"
    },
    {
      "attribute": "footwork:skill_effectiveness",
      "modify": 0.05,
      "operation": "MULTIPLY_BASE"
    }
  ],
  "immersive_armors:prismarine_helmet": [
    {
      "attribute": "footwork:stealth",
      "modify": -4.0,
      "operation": "ADDITION"
    },
    {
      "attribute": "footwork:max_fracture",
      "modify": 1.0,
      "operation": "ADDITION"
    },
    {
      "attribute": "footwork:posture_regen",
      "modify": 0.02,
      "operation": "MULTIPLY_BASE"
    },
    {
      "attribute": "footwork:posture_gain",
      "modify": 0.1,
      "operation": "MULTIPLY_BASE"
    },
    {
      "attribute": "footwork:skill_effectiveness",
      "modify": 0.03,
      "operation": "MULTIPLY_BASE"
    }
  ],
  "immersive_armors:prismarine_chestplate": [
    {
      "attribute": "footwork:stealth",
      "modify": -8.0,
      "operation": "ADDITION"
    },
    {
      "attribute": "footwork:max_fracture",
      "modify": 2.0,
      "operation": "ADDITION"
    },
    {
      "attribute": "footwork:posture_regen",
      "modify": 0.04,
      "operation": "MULTIPLY_BASE"
    },
    {
      "attribute": "footwork:posture_gain",
      "modify": 0.3,
      "operation": "MULTIPLY_BASE"
    },
    {
      "attribute": "footwork:skill_effectiveness",
      "modify": 0.05,
      "operation": "MULTIPLY_BASE"
    }
  ],
  "immersive_armors:bone_leggings": [
    {
      "attribute": "footwork:stealth",
      "modify": -2.0,
      "operation": "ADDITION"
    },
    {
      "attribute": "footwork:evasion",
      "modify": 0.5,
      "operation": "ADDITION"
    },
    {
      "attribute": "footwork:max_fracture",
      "modify": 0.3,
      "operation": "ADDITION"
    },
    {
      "attribute": "footwork:max_posture",
      "modify": 1.6,
      "operation": "ADDITION"
    },
    {
      "attribute": "footwork:posture_regen",
      "modify": 0.08,
      "operation": "MULTIPLY_BASE"
    }
  ],
  "immersive_armors:slime_leggings": [
    {
      "attribute": "footwork:stealth",
      "modify": -4.0,
      "operation": "ADDITION"
    },
    {
      "attribute": "footwork:evasion",
      "modify": 1.2,
      "operation": "ADDITION"
    },
    {
      "attribute": "footwork:max_fracture",
      "modify": 0.8,
      "operation": "ADDITION"
    },
    {
      "attribute": "footwork:max_posture",
      "modify": 2.5,
      "operation": "ADDITION"
    }
  ],
  "immersive_armors:steampunk_boots": [
    {
      "attribute": "footwork:stealth",
      "modify": -3.0,
      "operation": "ADDITION"
    },
    {
      "attribute": "footwork:evasion",
      "modify": 0.6,
      "operation": "ADDITION"
    },
    {
      "attribute": "footwork:max_fracture",
      "modify": 0.4,
      "operation": "ADDITION"
    },
    {
      "attribute": "footwork:max_posture",
      "modify": 1.5,
      "operation": "ADDITION"
    },
    {
      "attribute": "footwork:posture_regen",
      "modify": 0.03,
      "operation": "MULTIPLY_BASE"
    },
    {
      "attribute": "footwork:posture_gain",
      "modify": 0.1,
      "operation": "MULTIPLY_BASE"
    },
    {
      "attribute": "footwork:spirit_gain",
      "modify": 0.1,
      "operation": "MULTIPLY_BASE"
    },
    {
      "attribute": "footwork:might_gen",
      "modify": 0.05,
      "operation": "MULTIPLY_BASE"
    },
    {
      "attribute": "footwork:skill_effectiveness",
      "modify": 0.03,
      "operation": "MULTIPLY_BASE"
    }
  ],
  "immersive_armors:divine_boots": [
    {
      "attribute": "footwork:stealth",
      "modify": -2.0,
      "operation": "ADDITION"
    },
    {
      "attribute": "footwork:evasion",
      "modify": 0.5,
      "operation": "ADDITION"
    },
    {
      "attribute": "footwork:max_fracture",
      "modify": 0.2,
      "operation": "ADDITION"
    },
    {
      "attribute": "footwork:max_posture",
      "modify": 1.3,
      "operation": "ADDITION"
    },
    {
      "attribute": "footwork:posture_regen",
      "modify": 0.06,
      "operation": "MULTIPLY_BASE"
    },
    {
      "attribute": "footwork:max_spirit",
      "modify": 0.25,
      "operation": "ADDITION"
    },
    {
      "attribute": "footwork:spirit_cooldown_speed",
      "modify": 0.1,
      "operation": "MULTIPLY_BASE"
    },
    {
      "attribute": "footwork:skill_effectiveness",
      "modify": 0.05,
      "operation": "MULTIPLY_BASE"
    }
  ],
  "immersive_armors:warrior_helmet": [
    {
      "attribute": "footwork:stealth",
      "modify": -2.0,
      "operation": "ADDITION"
    },
    {
      "attribute": "footwork:evasion",
      "modify": 0.8,
      "operation": "ADDITION"
    },
    {
      "attribute": "footwork:max_fracture",
      "modify": 0.2,
      "operation": "ADDITION"
    },
    {
      "attribute": "footwork:max_posture",
      "modify": 1.7,
      "operation": "ADDITION"
    },
    {
      "attribute": "footwork:posture_regen",
      "modify": 0.05,
      "operation": "MULTIPLY_BASE"
    },
    {
      "attribute": "footwork:skill_effectiveness",
      "modify": 0.03,
      "operation": "MULTIPLY_BASE"
    }
  ],
  "immersive_armors:heavy_chestplate": [
    {
      "attribute": "footwork:stealth",
      "modify": -12.0,
      "operation": "ADDITION"
    },
    {
      "attribute": "footwork:evasion",
      "modify": 1.2,
      "operation": "ADDITION"
    },
    {
      "attribute": "footwork:max_fracture",
      "modify": 2.3,
      "operation": "ADDITION"
    },
    {
      "attribute": "footwork:max_posture",
      "modify": 2.9,
      "operation": "ADDITION"
    },
    {
      "attribute": "footwork:max_might",
      "modify": 0.5,
      "operation": "ADDITION"
    },
    {
      "attribute": "footwork:might_gen",
      "modify": 0.05,
      "operation": "MULTIPLY_BASE"
    }
  ],
  "immersive_armors:heavy_leggings": [
    {
      "attribute": "footwork:stealth",
      "modify": -10.0,
      "operation": "ADDITION"
    },
    {
      "attribute": "footwork:evasion",
      "modify": 0.9,
      "operation": "ADDITION"
    },
    {
      "attribute": "footwork:max_fracture",
      "modify": 1.7,
      "operation": "ADDITION"
    },
    {
      "attribute": "footwork:max_posture",
      "modify": 2.2,
      "operation": "ADDITION"
    },
    {
      "attribute": "footwork:max_might",
      "modify": 0.5,
      "operation": "ADDITION"
    },
    {
      "attribute": "footwork:might_gen",
      "modify": 0.05,
      "operation": "MULTIPLY_BASE"
    }
  ],
  "immersive_armors:steampunk_helmet": [
    {
      "attribute": "footwork:stealth",
      "modify": -3.0,
      "operation": "ADDITION"
    },
    {
      "attribute": "footwork:evasion",
      "modify": 0.6,
      "operation": "ADDITION"
    },
    {
      "attribute": "footwork:max_fracture",
      "modify": 0.4,
      "operation": "ADDITION"
    },
    {
      "attribute": "footwork:max_posture",
      "modify": 1.5,
      "operation": "ADDITION"
    },
    {
      "attribute": "footwork:posture_regen",
      "modify": 0.03,
      "operation": "MULTIPLY_BASE"
    },
    {
      "attribute": "footwork:posture_gain",
      "modify": 0.1,
      "operation": "MULTIPLY_BASE"
    },
    {
      "attribute": "footwork:spirit_gain",
      "modify": 0.1,
      "operation": "MULTIPLY_BASE"
    },
    {
      "attribute": "footwork:might_gen",
      "modify": 0.05,
      "operation": "MULTIPLY_BASE"
    },
    {
      "attribute": "footwork:skill_effectiveness",
      "modify": 0.03,
      "operation": "MULTIPLY_BASE"
    }
  ]
}