{
  "l2complements:poseidite_leggings": [
    {
      "attribute": "footwork:stealth",
      "modify": -4.0,
      "operation": "ADDITION"
    },
    {
      "attribute": "footwork:max_fracture",
      "modify": 1.0,
      "operation": "ADDITION"
    },
    {
      "attribute": "footwork:posture_regen",
      "modify": 0.08,
      "operation": "MULTIPLY_BASE"
    }
  ],
  "l2complements:shulkerate_boots": [
    {
      "attribute": "footwork:stealth",
      "modify": -5.0,
      "operation": "ADDITION"
    },
    {
      "attribute": "footwork:evasion",
      "modify": 0.6,
      "operation": "ADDITION"
    },
    {
      "attribute": "footwork:max_fracture",
      "modify": 1.2,
      "operation": "ADDITION"
    },
    {
      "attribute": "footwork:max_posture",
      "modify": 1.5,
      "operation": "ADDITION"
    }
  ],
  "l2complements:totemic_gold_chestplate": [
    {
      "attribute": "footwork:stealth",
      "modify": -8.0,
      "operation": "ADDITION"
    },
    {
      "attribute": "footwork:evasion",
      "modify": 1.2,
      "operation": "ADDITION"
    },
    {
      "attribute": "footwork:max_fracture",
      "modify": 1.7,
      "operation": "ADDITION"
    },
    {
      "attribute": "footwork:max_posture",
      "modify": 2.9,
      "operation": "ADDITION"
    },
    {
      "attribute": "footwork:max_spirit",
      "modify": 1.0,
      "operation": "ADDITION"
    },
    {
      "attribute": "footwork:spirit_cooldown_speed",
      "modify": -0.1,
      "operation": "MULTIPLY_BASE"
    },
    {
      "attribute": "footwork:skill_effectiveness",
      "modify": 0.05,
      "operation": "MULTIPLY_BASE"
    }
  ],
  "l2complements:poseidite_chestplate": [
    {
      "attribute": "footwork:stealth",
      "modify": -6.0,
      "operation": "ADDITION"
    },
    {
      "attribute": "footwork:max_fracture",
      "modify": 1.4,
      "operation": "ADDITION"
    },
    {
      "attribute": "footwork:posture_regen",
      "modify": 0.11,
      "operation": "MULTIPLY_BASE"
    }
  ],
  "l2complements:eternium_helmet": [
    {
      "attribute": "footwork:stealth",
      "modify": -6.0,
      "operation": "ADDITION"
    },
    {
      "attribute": "footwork:evasion",
      "modify": 1.2,
      "operation": "ADDITION"
    },
    {
      "attribute": "footwork:max_fracture",
      "modify": 1.2,
      "operation": "ADDITION"
    },
    {
      "attribute": "footwork:max_posture",
      "modify": 2.1,
      "operation": "ADDITION"
    },
    {
      "attribute": "footwork:posture_regen",
      "modify": 0.07,
      "operation": "MULTIPLY_BASE"
    },
    {
      "attribute": "footwork:max_spirit",
      "modify": 0.25,
      "operation": "ADDITION"
    },
    {
      "attribute": "footwork:max_might",
      "modify": 0.25,
      "operation": "ADDITION"
    },
    {
      "attribute": "footwork:skill_effectiveness",
      "modify": 0.05,
      "operation": "MULTIPLY_BASE"
    }
  ],
  "l2complements:poseidite_helmet": [
    {
      "attribute": "footwork:stealth",
      "modify": -3.0,
      "operation": "ADDITION"
    },
    {
      "attribute": "footwork:max_fracture",
      "modify": 0.7,
      "operation": "ADDITION"
    },
    {
      "attribute": "footwork:posture_regen",
      "modify": 0.06,
      "operation": "MULTIPLY_BASE"
    }
  ],
  "l2complements:sculkium_chestplate": [
    {
      "attribute": "footwork:stealth",
      "modify": -4.5,
      "operation": "ADDITION"
    },
    {
      "attribute": "footwork:evasion",
      "modify": 1.6,
      "operation": "ADDITION"
    },
    {
      "attribute": "footwork:max_fracture",
      "modify": 1.7,
      "operation": "ADDITION"
    },
    {
      "attribute": "footwork:max_posture",
      "modify": 3.4,
      "operation": "ADDITION"
    },
    {
      "attribute": "footwork:skill_effectiveness",
      "modify": 0.05,
      "operation": "MULTIPLY_BASE"
    }
  ],
  "l2complements:shulkerate_leggings": [
    {
      "attribute": "footwork:stealth",
      "modify": -8.0,
      "operation": "ADDITION"
    },
    {
      "attribute": "footwork:evasion",
      "modify": 0.9,
      "operation": "ADDITION"
    },
    {
      "attribute": "footwork:max_fracture",
      "modify": 1.7,
      "operation": "ADDITION"
    },
    {
      "attribute": "footwork:max_posture",
      "modify": 2.2,
      "operation": "ADDITION"
    }
  ],
  "l2complements:poseidite_boots": [
    {
      "attribute": "footwork:stealth",
      "modify": -3.0,
      "operation": "ADDITION"
    },
    {
      "attribute": "footwork:max_fracture",
      "modify": 0.7,
      "operation": "ADDITION"
    },
    {
      "attribute": "footwork:posture_regen",
      "modify": 0.06,
      "operation": "MULTIPLY_BASE"
    }
  ],
  "l2complements:totemic_gold_helmet": [
    {
      "attribute": "footwork:stealth",
      "modify": -4.0,
      "operation": "ADDITION"
    },
    {
      "attribute": "footwork:evasion",
      "modify": 0.6,
      "operation": "ADDITION"
    },
    {
      "attribute": "footwork:max_fracture",
      "modify": 0.8,
      "operation": "ADDITION"
    },
    {
      "attribute": "footwork:max_posture",
      "modify": 1.5,
      "operation": "ADDITION"
    },
    {
      "attribute": "footwork:max_spirit",
      "modify": 0.5,
      "operation": "ADDITION"
    },
    {
      "attribute": "footwork:spirit_cooldown_speed",
      "modify": -0.05,
      "operation": "MULTIPLY_BASE"
    },
    {
      "attribute": "footwork:skill_effectiveness",
      "modify": 0.03,
      "operation": "MULTIPLY_BASE"
    }
  ],
  "l2complements:eternium_leggings": [
    {
      "attribute": "footwork:stealth",
      "modify": -9.0,
      "operation": "ADDITION"
    },
    {
      "attribute": "footwork:evasion",
      "modify": 1.8,
      "operation": "ADDITION"
    },
    {
      "attribute": "footwork:max_fracture",
      "modify": 1.7,
      "operation": "ADDITION"
    },
    {
      "attribute": "footwork:max_posture",
      "modify": 3.1,
      "operation": "ADDITION"
    },
    {
      "attribute": "footwork:posture_regen",
      "modify": 0.1,
      "operation": "MULTIPLY_BASE"
    },
    {
      "attribute": "footwork:max_spirit",
      "modify": 0.5,
      "operation": "ADDITION"
    },
    {
      "attribute": "footwork:max_might",
      "modify": 0.5,
      "operation": "ADDITION"
    },
    {
      "attribute": "footwork:skill_effectiveness",
      "modify": 0.07,
      "operation": "MULTIPLY_BASE"
    }
  ],
  "l2complements:shulkerate_helmet": [
    {
      "attribute": "footwork:stealth",
      "modify": -5.0,
      "operation": "ADDITION"
    },
    {
      "attribute": "footwork:evasion",
      "modify": 0.6,
      "operation": "ADDITION"
    },
    {
      "attribute": "footwork:max_fracture",
      "modify": 1.2,
      "operation": "ADDITION"
    },
    {
      "attribute": "footwork:max_posture",
      "modify": 1.5,
      "operation": "ADDITION"
    }
  ],
  "l2complements:shulkerate_chestplate": [
    {
      "attribute": "footwork:stealth",
      "modify": -10.0,
      "operation": "ADDITION"
    },
    {
      "attribute": "footwork:evasion",
      "modify": 1.2,
      "operation": "ADDITION"
    },
    {
      "attribute": "footwork:max_fracture",
      "modify": 2.3,
      "operation": "ADDITION"
    },
    {
      "attribute": "footwork:max_posture",
      "modify": 2.9,
      "operation": "ADDITION"
    }
  ],
  "l2complements:sculkium_boots": [
    {
      "attribute": "footwork:stealth",
      "modify": -2.0,
      "operation": "ADDITION"
    },
    {
      "attribute": "footwork:evasion",
      "modify": 0.8,
      "operation": "ADDITION"
    },
    {
      "attribute": "footwork:max_fracture",
      "modify": 0.8,
      "operation": "ADDITION"
    },
    {
      "attribute": "footwork:max_posture",
      "modify": 1.7,
      "operation": "ADDITION"
    },
    {
      "attribute": "footwork:skill_effectiveness",
      "modify": 0.03,
      "operation": "MULTIPLY_BASE"
    }
  ],
  "l2complements:eternium_chestplate": [
    {
      "attribute": "footwork:stealth",
      "modify": -12.0,
      "operation": "ADDITION"
    },
    {
      "attribute": "footwork:evasion",
      "modify": 2.4,
      "operation": "ADDITION"
    },
    {
      "attribute": "footwork:max_fracture",
      "modify": 2.3,
      "operation": "ADDITION"
    },
    {
      "attribute": "footwork:max_posture",
      "modify": 4.2,
      "operation": "ADDITION"
    },
    {
      "attribute": "footwork:posture_regen",
      "modify": 0.14,
      "operation": "MULTIPLY_BASE"
    },
    {
      "attribute": "footwork:max_spirit",
      "modify": 0.5,
      "operation": "ADDITION"
    },
    {
      "attribute": "footwork:max_might",
      "modify": 0.5,
      "operation": "ADDITION"
    },
    {
      "attribute": "footwork:skill_effectiveness",
      "modify": 0.08,
      "operation": "MULTIPLY_BASE"
    }
  ],
  "l2complements:sculkium_helmet": [
    {
      "attribute": "footwork:stealth",
      "modify": -2.0,
      "operation": "ADDITION"
    },
    {
      "attribute": "footwork:evasion",
      "modify": 0.8,
      "operation": "ADDITION"
    },
    {
      "attribute": "footwork:max_fracture",
      "modify": 0.8,
      "operation": "ADDITION"
    },
    {
      "attribute": "footwork:max_posture",
      "modify": 1.7,
      "operation": "ADDITION"
    },
    {
      "attribute": "footwork:skill_effectiveness",
      "modify": 0.03,
      "operation": "MULTIPLY_BASE"
    }
  ],
  "l2complements:totemic_gold_leggings": [
    {
      "attribute": "footwork:stealth",
      "modify": -6.0,
      "operation": "ADDITION"
    },
    {
      "attribute": "footwork:evasion",
      "modify": 0.9,
      "operation": "ADDITION"
    },
    {
      "attribute": "footwork:max_fracture",
      "modify": 1.3,
      "operation": "ADDITION"
    },
    {
      "attribute": "footwork:max_posture",
      "modify": 2.2,
      "operation": "ADDITION"
    },
    {
      "attribute": "footwork:max_spirit",
      "modify": 1.0,
      "operation": "ADDITION"
    },
    {
      "attribute": "footwork:spirit_cooldown_speed",
      "modify": -0.1,
      "operation": "MULTIPLY_BASE"
    },
    {
      "attribute": "footwork:skill_effectiveness",
      "modify": 0.04,
      "operation": "MULTIPLY_BASE"
    }
  ],
  "l2complements:totemic_gold_boots": [
    {
      "attribute": "footwork:stealth",
      "modify": -4.0,
      "operation": "ADDITION"
    },
    {
      "attribute": "footwork:evasion",
      "modify": 0.6,
      "operation": "ADDITION"
    },
    {
      "attribute": "footwork:max_fracture",
      "modify": 0.8,
      "operation": "ADDITION"
    },
    {
      "attribute": "footwork:max_posture",
      "modify": 1.5,
      "operation": "ADDITION"
    },
    {
      "attribute": "footwork:max_spirit",
      "modify": 0.5,
      "operation": "ADDITION"
    },
    {
      "attribute": "footwork:spirit_cooldown_speed",
      "modify": -0.05,
      "operation": "MULTIPLY_BASE"
    },
    {
      "attribute": "footwork:skill_effectiveness",
      "modify": 0.03,
      "operation": "MULTIPLY_BASE"
    }
  ],
  "l2complements:sculkium_leggings": [
    {
      "attribute": "footwork:stealth",
      "modify": -3.5,
      "operation": "ADDITION"
    },
    {
      "attribute": "footwork:evasion",
      "modify": 1.2,
      "operation": "ADDITION"
    },
    {
      "attribute": "footwork:max_fracture",
      "modify": 1.3,
      "operation": "ADDITION"
    },
    {
      "attribute": "footwork:max_posture",
      "modify": 2.5,
      "operation": "ADDITION"
    },
    {
      "attribute": "footwork:skill_effectiveness",
      "modify": 0.04,
      "operation": "MULTIPLY_BASE"
    }
  ],
  "l2complements:eternium_boots": [
    {
      "attribute": "footwork:stealth",
      "modify": -6.0,
      "operation": "ADDITION"
    },
    {
      "attribute": "footwork:evasion",
      "modify": 1.2,
      "operation": "ADDITION"
    },
    {
      "attribute": "footwork:max_fracture",
      "modify": 1.2,
      "operation": "ADDITION"
    },
    {
      "attribute": "footwork:max_posture",
      "modify": 2.1,
      "operation": "ADDITION"
    },
    {
      "attribute": "footwork:posture_regen",
      "modify": 0.07,
      "operation": "MULTIPLY_BASE"
    },
    {
      "attribute": "footwork:max_spirit",
      "modify": 0.25,
      "operation": "ADDITION"
    },
    {
      "attribute": "footwork:max_might",
      "modify": 0.25,
      "operation": "ADDITION"
    },
    {
      "attribute": "footwork:skill_effectiveness",
      "modify": 0.05,
      "operation": "MULTIPLY_BASE"
    }
  ]
}