{
  "material_elements_armor_tools_weapons:steel_boots": [
    {
      "attribute": "footwork:stealth",
      "modify": -3.0,
      "operation": "ADDITION"
    },
    {
      "attribute": "footwork:evasion",
      "modify": 0.8,
      "operation": "ADDITION"
    },
    {
      "attribute": "footwork:max_fracture",
      "modify": 0.5,
      "operation": "ADDITION"
    },
    {
      "attribute": "footwork:max_posture",
      "modify": 1.7,
      "operation": "ADDITION"
    }
  ],
  "material_elements_armor_tools_weapons:steel_helmet": [
    {
      "attribute": "footwork:stealth",
      "modify": -3.0,
      "operation": "ADDITION"
    },
    {
      "attribute": "footwork:evasion",
      "modify": 0.8,
      "operation": "ADDITION"
    },
    {
      "attribute": "footwork:max_fracture",
      "modify": 0.5,
      "operation": "ADDITION"
    },
    {
      "attribute": "footwork:max_posture",
      "modify": 1.7,
      "operation": "ADDITION"
    }
  ],
  "material_elements_armor_tools_weapons:copper_chestplate": [
    {
      "attribute": "footwork:stealth",
      "modify": -6.0,
      "operation": "ADDITION"
    },
    {
      "attribute": "footwork:evasion",
      "modify": 1.2,
      "operation": "ADDITION"
    },
    {
      "attribute": "footwork:max_fracture",
      "modify": 0.9,
      "operation": "ADDITION"
    },
    {
      "attribute": "footwork:max_posture",
      "modify": 2.9,
      "operation": "ADDITION"
    }
  ],
  "material_elements_armor_tools_weapons:steel_leggings": [
    {
      "attribute": "footwork:stealth",
      "modify": -5.0,
      "operation": "ADDITION"
    },
    {
      "attribute": "footwork:evasion",
      "modify": 1.2,
      "operation": "ADDITION"
    },
    {
      "attribute": "footwork:max_fracture",
      "modify": 0.8,
      "operation": "ADDITION"
    },
    {
      "attribute": "footwork:max_posture",
      "modify": 2.5,
      "operation": "ADDITION"
    }
  ],
  "material_elements_armor_tools_weapons:copper_leggings": [
    {
      "attribute": "footwork:stealth",
      "modify": -4.0,
      "operation": "ADDITION"
    },
    {
      "attribute": "footwork:evasion",
      "modify": 0.9,
      "operation": "ADDITION"
    },
    {
      "attribute": "footwork:max_fracture",
      "modify": 0.7,
      "operation": "ADDITION"
    },
    {
      "attribute": "footwork:max_posture",
      "modify": 2.2,
      "operation": "ADDITION"
    }
  ],
  "material_elements_armor_tools_weapons:copper_boots": [
    {
      "attribute": "footwork:stealth",
      "modify": -3.0,
      "operation": "ADDITION"
    },
    {
      "attribute": "footwork:evasion",
      "modify": 0.6,
      "operation": "ADDITION"
    },
    {
      "attribute": "footwork:max_fracture",
      "modify": 0.4,
      "operation": "ADDITION"
    },
    {
      "attribute": "footwork:max_posture",
      "modify": 1.5,
      "operation": "ADDITION"
    }
  ],
  "material_elements_armor_tools_weapons:steel_chestplate": [
    {
      "attribute": "footwork:stealth",
      "modify": -7.0,
      "operation": "ADDITION"
    },
    {
      "attribute": "footwork:evasion",
      "modify": 1.6,
      "operation": "ADDITION"
    },
    {
      "attribute": "footwork:max_fracture",
      "modify": 1.0,
      "operation": "ADDITION"
    },
    {
      "attribute": "footwork:max_posture",
      "modify": 3.4,
      "operation": "ADDITION"
    }
  ],
  "material_elements_armor_tools_weapons:copper_helmet": [
    {
      "attribute": "footwork:stealth",
      "modify": -3.0,
      "operation": "ADDITION"
    },
    {
      "attribute": "footwork:evasion",
      "modify": 0.6,
      "operation": "ADDITION"
    },
    {
      "attribute": "footwork:max_fracture",
      "modify": 0.4,
      "operation": "ADDITION"
    },
    {
      "attribute": "footwork:max_posture",
      "modify": 1.5,
      "operation": "ADDITION"
    }
  ]
}