{
  "spelunkers_charm:mining_helmet": [
    {
      "attribute": "footwork:stealth",
      "modify": -2.0,
      "operation": "ADDITION"
    },
    {
      "attribute": "footwork:evasion",
      "modify": 0.6,
      "operation": "ADDITION"
    },
    {
      "attribute": "footwork:max_fracture",
      "modify": 0.2,
      "operation": "ADDITION"
    },
    {
      "attribute": "footwork:max_posture",
      "modify": 1.5,
      "operation": "ADDITION"
    },
    {
      "attribute": "footwork:posture_regen",
      "modify": 0.05,
      "operation": "MULTIPLY_BASE"
    },
    {
      "attribute": "footwork:max_spirit",
      "modify": 1.0,
      "operation": "ADDITION"
    },
    {
      "attribute": "footwork:spirit_regen",
      "modify": 0.1,
      "operation": "MULTIPLY_BASE"
    },
    {
      "attribute": "footwork:skill_effectiveness",
      "modify": 0.05,
      "operation": "MULTIPLY_BASE"
    }
  ],
  "spelunkers_charm:candle_on_helmet": [
    {
      "attribute": "footwork:stealth",
      "modify": -1.0,
      "operation": "ADDITION"
    },
    {
      "attribute": "footwork:max_fracture",
      "modify": 0.2,
      "operation": "ADDITION"
    },
    {
      "attribute": "footwork:posture_regen",
      "modify": 0.06,
      "operation": "MULTIPLY_BASE"
    },
    {
      "attribute": "footwork:max_spirit",
      "modify": 1.0,
      "operation": "ADDITION"
    },
    {
      "attribute": "footwork:spirit_regen",
      "modify": 0.1,
      "operation": "MULTIPLY_BASE"
    },
    {
      "attribute": "footwork:skill_effectiveness",
      "modify": 0.05,
      "operation": "MULTIPLY_BASE"
    }
  ]
}